# x y z x_res y_res z_res x_res_err y_res_err z_res_err
2.813271595103283744e+03 2.534042738337965602e+03 -1.184534227124957795e+02 0.000000000000000000e+00 0.000000000000000000e+00 -9.555101869644033741e-02 8.753633065392443444e-03 8.719976439163059159e-03 6.462122549328435002e-03
2.813255225051373600e+03 2.534053660126262912e+03 -1.184530637140737781e+02 0.000000000000000000e+00 0.000000000000000000e+00 -9.439237261437938287e-02 8.753621300607566241e-03 8.719969542735796567e-03 6.462125236533792540e-03
2.470629958496826475e+03 2.478762111627291233e+03 -1.034138757497170218e+02 0.000000000000000000e+00 0.000000000000000000e+00 -4.648283078165604820e-02 8.490126369358965905e-03 8.391548685607099281e-03 6.389975768813596982e-03
2.658214202327537805e+03 2.327118241908098753e+03 -1.063179026651320385e+02 0.000000000000000000e+00 0.000000000000000000e+00 1.295264251286312174e-01 8.649035045080376294e-03 8.459792595214106134e-03 6.372825425008069901e-03
2.658247693951648671e+03 2.327090601855114073e+03 -1.063184767803740556e+02 0.000000000000000000e+00 0.000000000000000000e+00 1.243870066947607711e-01 8.649053684525153871e-03 8.459803314722902368e-03 6.372816722322629558e-03
2.473984930825453830e+03 2.061558590258286131e+03 -9.239722625370646369e+01 0.000000000000000000e+00 0.000000000000000000e+00 -4.295344027632097550e-02 8.595465041912083229e-03 8.132178061050265860e-03 6.279622596587370112e-03
2.853401788293148002e+03 2.078820742099438576e+03 -1.079436514236865321e+02 0.000000000000000000e+00 0.000000000000000000e+00 -1.442494655937309744e-02 8.800173864747124278e-03 8.550113551613391927e-03 6.358221708130360611e-03
2.853510702616583330e+03 2.078819502056117926e+03 -1.079482475472360363e+02 0.000000000000000000e+00 0.000000000000000000e+00 -1.563243392865842907e-02 8.800234103124649973e-03 8.550235849409490441e-03 6.358242904558932158e-03
2.855801134536211066e+03 1.742670984132831791e+03 -1.005467397414246449e+02 0.000000000000000000e+00 0.000000000000000000e+00 1.011375624798915851e-02 8.862086415757508204e-03 8.452217325880681531e-03 6.332611893968204293e-03
2.855804865983777290e+03 1.742677758902049618e+03 -1.005470375157253784e+02 0.000000000000000000e+00 0.000000000000000000e+00 1.344684670903006918e-02 8.862092186341598635e-03 8.452226650311079476e-03 6.332617313447855799e-03
2.477594845758351767e+03 1.735659658489640833e+03 -8.520837434447582837e+01 0.000000000000000000e+00 0.000000000000000000e+00 1.445743458965864647e-02 8.717595486726617202e-03 7.983292421984923906e-03 6.245602621239202713e-03
2.477565919027809741e+03 1.735668323198832240e+03 -8.520746715447214115e+01 0.000000000000000000e+00 0.000000000000000000e+00 1.823734380691632850e-02 8.717587769141164553e-03 7.983265539565716565e-03 6.245601815098254447e-03
2.661866009927827690e+03 1.571299840573037500e+03 -8.915797161027927586e+01 0.000000000000000000e+00 0.000000000000000000e+00 -2.234641116076829803e-02 8.852369932745917519e-03 8.155221050780760497e-03 6.288482656409810807e-03
2.661871772514898566e+03 1.571280876026291480e+03 -8.915785178815403356e+01 0.000000000000000000e+00 0.000000000000000000e+00 -3.108126694814927760e-02 8.852363427601065912e-03 8.155216147955101150e-03 6.288473229646996017e-03
2.477999942605061733e+03 1.317589437454554854e+03 -7.763760311064925190e+01 0.000000000000000000e+00 0.000000000000000000e+00 6.282061968889252057e-02 8.936445377157006473e-03 7.844910252732718511e-03 6.266617947989780793e-03
2.478010558131757080e+03 1.317596587281970415e+03 -7.763811665454191768e+01 0.000000000000000000e+00 0.000000000000000000e+00 5.748631980442553413e-02 8.936432889258664330e-03 7.844922040207310404e-03 6.266612477387136296e-03
2.478021202294277373e+03 1.317589630836021342e+03 -7.763841004971926907e+01 0.000000000000000000e+00 0.000000000000000000e+00 4.554873525863456507e-02 8.936416105921621278e-03 7.844925056706883101e-03 6.266600151257752625e-03
2.853688777245699384e+03 1.322859078724243091e+03 -9.291911038160571934e+01 0.000000000000000000e+00 0.000000000000000000e+00 8.979061100632179659e-03 9.018813956889734640e-03 8.367804253201384726e-03 6.363250425886126695e-03
2.853710367759833389e+03 1.322855838021337604e+03 -9.291999001044720785e+01 0.000000000000000000e+00 0.000000000000000000e+00 7.358849895581442979e-03 9.018817305844185200e-03 8.367833963146560639e-03 6.363254724527334441e-03
2.859476677318181373e+03 9.936461780568032509e+02 -8.870512739543117675e+01 0.000000000000000000e+00 0.000000000000000000e+00 -1.333533430509703521e-02 9.211980872628457162e-03 8.340641549730928514e-03 6.437126398961838004e-03
2.859476788324870085e+03 9.936559107812058755e+02 -8.870524517465749170e+01 0.000000000000000000e+00 0.000000000000000000e+00 -9.468042874104298789e-03 9.211982208122982893e-03 8.340644780654387844e-03 6.437128629217265391e-03
2.489774791956937861e+03 9.886201203350647120e+02 -7.357149154764746868e+01 0.000000000000000000e+00 0.000000000000000000e+00 -2.770998916388123234e-02 9.163766801402848869e-03 7.793494721369842969e-03 6.336365196513041136e-03
2.672163752615632802e+03 8.279313450404906689e+02 -7.905197208004514664e+01 0.000000000000000000e+00 0.000000000000000000e+00 -6.754724898726749416e-03 9.310606122795099526e-03 8.043481664583539137e-03 6.434805501545783242e-03
2.487158495681720069e+03 6.224208921849265153e+02 -6.997920097385458860e+01 0.000000000000000000e+00 0.000000000000000000e+00 -8.933601945699365388e-03 9.465802266405694970e-03 7.758441988083148756e-03 6.460464323082342961e-03
2.856656577563583141e+03 5.800041591680047759e+02 -8.480478466505695678e+01 0.000000000000000000e+00 0.000000000000000000e+00 -2.179627777499604235e-02 9.533201358987665811e-03 8.326206640481313009e-03 6.584223824806807214e-03
2.856664456261769828e+03 5.800487826731896348e+02 -8.480542415785444632e+01 0.000000000000000000e+00 0.000000000000000000e+00 5.134750379809815968e-03 9.533218391543540199e-03 8.326232232121623389e-03 6.584240217255552842e-03
2.865592222344391757e+03 2.933376302808935066e+02 -8.378655565632486457e+01 0.000000000000000000e+00 0.000000000000000000e+00 -5.774275547310026013e-05 9.800280940855993564e-03 8.360672013120476476e-03 6.725407431530871019e-03
2.495670488174940147e+03 2.380934163559922752e+02 -6.839891460097200593e+01 0.000000000000000000e+00 0.000000000000000000e+00 -2.280142572446663962e-02 9.831765914962769734e-03 7.793257502045188891e-03 6.648204583360337039e-03
2.495682759726408676e+03 2.380941086242065978e+02 -6.839938958364979271e+01 0.000000000000000000e+00 0.000000000000000000e+00 -1.143465729361992089e-02 9.831789218688540000e-03 7.793281777384373880e-03 6.648221459275893523e-03
2.672343772626762984e+03 1.284395207758535946e+02 -7.522702213225059609e+01 0.000000000000000000e+00 0.000000000000000000e+00 1.861155967441163739e-02 9.954754445029783544e-03 8.079363867763981327e-03 6.760769317667576946e-03
2.492699838842939243e+03 -1.251496829500223811e+02 -6.815277626520769161e+01 0.000000000000000000e+00 0.000000000000000000e+00 3.416896364910826378e-03 1.020974052164244292e-02 7.869173705742719613e-03 6.871058919144577490e-03
2.867608664119653895e+03 -1.200203551000310256e+02 -8.360426715089718641e+01 0.000000000000000000e+00 0.000000000000000000e+00 6.166875203487620638e-02 1.023060833858294161e-02 8.441810987529498392e-03 6.975034914149470279e-03
2.873018277214460340e+03 -4.523302484603090079e+02 -8.513728589430687066e+01 0.000000000000000000e+00 0.000000000000000000e+00 4.268772752298843898e-02 1.060298066644762248e-02 8.562687517691822819e-03 7.216618942594470523e-03
2.507842308640186729e+03 -5.054102780339486571e+02 -7.035183596005944651e+01 0.000000000000000000e+00 0.000000000000000000e+00 -1.040950364865977917e-02 1.062868533463517777e-02 8.043894441750857466e-03 7.155973019390096668e-03
2.679976646832342794e+03 -6.248558049546943494e+02 -7.812115245025553634e+01 0.000000000000000000e+00 0.000000000000000000e+00 5.461915318392129848e-03 1.078122241438608971e-02 8.353327672942164467e-03 7.299883401361657517e-03
2.679924756591301048e+03 -6.248685091646077581e+02 -7.811911438954678033e+01 0.000000000000000000e+00 0.000000000000000000e+00 1.995882668026638385e-03 1.078122460190840404e-02 8.353257370904145288e-03 7.299875830161157639e-03
2.504228847737604610e+03 -8.755403242480921335e+02 -7.350269313784659175e+01 0.000000000000000000e+00 0.000000000000000000e+00 -1.552665292972221778e-02 1.104650020358884446e-02 8.259301598474131506e-03 7.470307998028790503e-03
2.504254577871931360e+03 -8.755377686046969075e+02 -7.350366131365736067e+01 0.000000000000000000e+00 0.000000000000000000e+00 -1.719234203301311936e-02 1.104649735865220403e-02 8.259333965930301669e-03 7.470310544575559097e-03
2.851719544688880887e+03 -8.935977102854543546e+02 -8.801058317678422327e+01 0.000000000000000000e+00 0.000000000000000000e+00 -4.072926380889896336e-02 1.111301113777789923e-02 8.759127997070764726e-03 7.579825826451307667e-03
2.851682131604170081e+03 -8.935669363462050114e+02 -8.800860542481433413e+01 0.000000000000000000e+00 0.000000000000000000e+00 -2.882461080827170008e-02 1.111299287072169996e-02 8.759058325644417803e-03 7.579800216294500792e-03
2.878536253472968383e+03 -1.200683912356197197e+03 -9.322466755175942410e+01 0.000000000000000000e+00 0.000000000000000000e+00 4.355756908677221872e-02 1.147919275835938314e-02 9.012173162409622268e-03 7.875411996734362277e-03
2.504603491823848344e+03 -1.213169744049830342e+03 -7.799372248235056304e+01 0.000000000000000000e+00 0.000000000000000000e+00 1.494629818427029022e-02 1.143193519771772831e-02 8.523634994096739373e-03 7.790632129539941733e-03
2.665625784852301422e+03 -1.396292449843994518e+03 -8.739491879185681000e+01 0.000000000000000000e+00 0.000000000000000000e+00 2.697877663409542492e-02 1.167033381208171586e-02 8.893057240785137707e-03 8.015997878231562526e-03
2.665600317173380517e+03 -1.396290940741052964e+03 -8.739385346182413628e+01 0.000000000000000000e+00 0.000000000000000000e+00 3.247546229351883085e-02 1.167033787498967384e-02 8.893024642623603010e-03 8.015995279322484998e-03
2.504593509951445867e+03 -1.633339044402775471e+03 -8.550602770379424555e+01 0.000000000000000000e+00 0.000000000000000000e+00 7.578938201504570316e-03 1.191109048806765838e-02 8.932468979002126594e-03 8.227608715953370344e-03
2.504521791488248255e+03 -1.633311841721610563e+03 -8.550271684233939595e+01 0.000000000000000000e+00 0.000000000000000000e+00 1.730258319261679389e-02 1.191106378658232830e-02 8.932357898079227448e-03 8.227571416092057874e-03
2.854493446634774045e+03 -1.646333174163279864e+03 -1.000526857414909188e+02 0.000000000000000000e+00 0.000000000000000000e+00 1.561010797918527260e-02 1.199941516826297239e-02 9.373538166062853408e-03 8.327526397370704075e-03
2.854512698593953701e+03 -1.646364604461004092e+03 -1.000541551444714798e+02 0.000000000000000000e+00 0.000000000000000000e+00 1.087508393162295306e-02 1.199944732602205820e-02 9.373592823836629159e-03 8.327560761846503762e-03
2.854496187888968052e+03 -1.646338238223883536e+03 -1.000529069218122515e+02 0.000000000000000000e+00 0.000000000000000000e+00 1.596526513479545883e-02 1.199942236238711255e-02 9.373546757416556519e-03 8.327532889961906590e-03
2.874863569862457098e+03 -1.949427266174469878e+03 -1.076159652411146226e+02 0.000000000000000000e+00 0.000000000000000000e+00 -1.847544174960518149e-01 1.235764307691555527e-02 9.719446154607423727e-03 8.668598594264021254e-03
2.518039458056466174e+03 -1.954043946903111646e+03 -9.317623033524589005e+01 0.000000000000000000e+00 0.000000000000000000e+00 9.651280422403374359e-03 1.227728921625866054e-02 9.315155103900968001e-03 8.589590335371004651e-03
2.518029140880769319e+03 -1.954061941884202497e+03 -9.317626973432085435e+01 0.000000000000000000e+00 0.000000000000000000e+00 2.191687723367863327e-03 1.227729286053038868e-02 9.315164705725282809e-03 8.589602012440661349e-03
2.682261762924915274e+03 -2.120367735039433683e+03 -1.038155246751267100e+02 0.000000000000000000e+00 0.000000000000000000e+00 -5.304393694333953135e-02 1.250557290575170580e-02 9.699949596556400877e-03 8.820646832767498752e-03
2.880916827044703496e+03 -2.376108654694303368e+03 -1.190372292035411164e+02 0.000000000000000000e+00 0.000000000000000000e+00 1.491775961514463233e-02 1.285172914482317179e-02 1.024337598454075002e-02 9.172395762133859348e-03
2.880868272281999452e+03 -2.376093026221435139e+03 -1.190347113794625500e+02 0.000000000000000000e+00 0.000000000000000000e+00 2.043494567278969498e-02 1.285170728714251157e-02 1.024330297259386582e-02 9.172370063347689076e-03
2.511920527805438269e+03 -2.380254093387117791e+03 -1.042922413557458015e+02 0.000000000000000000e+00 0.000000000000000000e+00 1.974366021146067851e-02 1.275328135186253389e-02 9.864058908689224761e-03 9.094657880643607431e-03
2.511947784138696534e+03 -2.380265675048529374e+03 -1.042936088363037612e+02 0.000000000000000000e+00 0.000000000000000000e+00 9.951470851007115925e-03 1.275328280649732846e-02 9.864101422619541912e-03 9.094669801485847846e-03
2.227396373836243129e+03 -3.121538876541346326e+03 -1.188175872959002959e+02 0.000000000000000000e+00 0.000000000000000000e+00 2.357279441834236877e-02 1.347978884230313298e-02 1.076022084879291706e-02 9.987635527370749416e-03
1.870539816673962832e+03 -3.131768492586612410e+03 -1.083166161389587643e+02 0.000000000000000000e+00 0.000000000000000000e+00 -5.680711901796087204e-02 1.339119521193588708e-02 1.053126765318770919e-02 9.937340334890618077e-03
1.870580033845625849e+03 -3.131778349076541417e+03 -1.083181160763287210e+02 0.000000000000000000e+00 0.000000000000000000e+00 -6.298512235319719821e-02 1.339120377229244957e-02 1.053131121721179522e-02 9.937355962279582552e-03
2.038529730665559782e+03 -2.927564448139369233e+03 -1.057535514036208610e+02 0.000000000000000000e+00 0.000000000000000000e+00 9.290128554100363090e-02 1.322039886447906598e-02 1.029756499083372100e-02 9.696121773559513574e-03
1.847303272568393822e+03 -2.759586898058207225e+03 -9.429493376119984305e+01 0.000000000000000000e+00 0.000000000000000000e+00 -2.045006620218714488e-02 1.299313198290763874e-02 9.884662642852749120e-03 9.442669322610227484e-03
1.847048301006776683e+03 -2.759506590251692614e+03 -9.428503447516011704e+01 0.000000000000000000e+00 0.000000000000000000e+00 1.478280254033847996e-03 1.299302858075315932e-02 9.884353056065619397e-03 9.442537377000568763e-03
2.221269578473922138e+03 -2.757049762888479563e+03 -1.057209468963318102e+02 0.000000000000000000e+00 0.000000000000000000e+00 -5.075977853867641443e-02 1.308693819423154166e-02 1.016178838409755730e-02 9.508626821520746453e-03
2.216204523067776790e+03 -2.429038970865264673e+03 -9.514787373362578649e+01 0.000000000000000000e+00 0.000000000000000000e+00 3.614697930144927795e-02 1.273037743304176669e-02 9.657318227002094010e-03 9.093234074226906258e-03
2.216228405016872784e+03 -2.429008843968228575e+03 -9.514777776409709986e+01 0.000000000000000000e+00 0.000000000000000000e+00 4.542457669546706711e-02 1.273036874405523988e-02 9.657295062407143457e-03 9.093209187588944045e-03
1.845774453310526496e+03 -2.433398715356091998e+03 -8.376557888779268524e+01 0.000000000000000000e+00 0.000000000000000000e+00 -1.101129806293954516e-02 1.264637602093890249e-02 9.361881334914263705e-03 9.027672906748714782e-03
2.026847761062979998e+03 -2.187163896985266547e+03 -8.207203514004827127e+01 0.000000000000000000e+00 0.000000000000000000e+00 -3.720345641107769552e-02 1.242264816769790906e-02 9.141641017250139514e-03 8.760040569723697226e-03
2.217032542065144298e+03 -2.011006027519181089e+03 -8.366994301259978783e+01 0.000000000000000000e+00 0.000000000000000000e+00 -6.370041106535495601e-03 1.227259999132427823e-02 9.075663694593203573e-03 8.589727016217765104e-03
2.217103821025863908e+03 -2.011028814796346978e+03 -8.367294590517677477e+01 0.000000000000000000e+00 0.000000000000000000e+00 -1.742841019002128178e-02 1.227261925426679015e-02 9.075762025897479712e-03 8.589758811892538731e-03
1.842437403942195715e+03 -2.019946293353129022e+03 -7.213343433235118596e+01 0.000000000000000000e+00 0.000000000000000000e+00 1.478347570784421805e-02 1.220288904132545149e-02 8.749150557209034798e-03 8.525193123235009357e-03
1.842468565050546658e+03 -2.019904359494533992e+03 -7.213325985378669714e+01 0.000000000000000000e+00 0.000000000000000000e+00 3.554379321469980368e-02 1.220289171363412965e-02 8.749119267504613592e-03 8.525168116463241463e-03
1.832050138931368338e+03 -1.688064973928561812e+03 -6.405034358889083990e+01 0.000000000000000000e+00 0.000000000000000000e+00 -7.873725316167679011e-02 1.184259894176162807e-02 8.298559650186573475e-03 8.142349623659551200e-03
1.832084709976264776e+03 -1.688079613716947279e+03 -6.405164895609856046e+01 0.000000000000000000e+00 0.000000000000000000e+00 -8.256531460727956073e-02 1.184261342623866599e-02 8.298608511247591857e-03 8.142369117543958937e-03
2.207348238535650580e+03 -1.682328189046162606e+03 -7.573058128025378721e+01 0.000000000000000000e+00 0.000000000000000000e+00 8.182503864902912483e-02 1.190729915757363609e-02 8.657544500910042268e-03 8.213903732753739459e-03
2.021480204621651637e+03 -1.436436656667031457e+03 -6.476512556302314749e+01 0.000000000000000000e+00 0.000000000000000000e+00 -9.999845540534124666e-03 1.160173369431618043e-02 8.184711434033700370e-03 7.907937963965534431e-03
2.021472135730876744e+03 -1.436460389841613960e+03 -6.476530402204745940e+01 0.000000000000000000e+00 0.000000000000000000e+00 -1.941832776641660985e-02 1.160173973992565180e-02 8.184727066051510763e-03 7.907952055920552253e-03
1.832090074531945902e+03 -1.273748228657100071e+03 -5.623224205706878820e+01 0.000000000000000000e+00 0.000000000000000000e+00 -1.974591615802978595e-02 1.139325807423103958e-02 7.817835225957286277e-03 7.699227397669503557e-03
1.832078856124449885e+03 -1.273689181678462091e+03 -5.623095678564328637e+01 0.000000000000000000e+00 0.000000000000000000e+00 1.064191109662715462e-03 1.139323380936410092e-02 7.817767058698112115e-03 7.699185814849695414e-03
2.208555490150789865e+03 -1.262820134755316758e+03 -6.795924479303205601e+01 0.000000000000000000e+00 0.000000000000000000e+00 -1.542995948928194139e-02 1.144034763768533337e-02 8.210161883964129867e-03 7.769736930028869198e-03
2.210566100745704716e+03 -9.313020737339265906e+02 -6.339017970817739922e+01 0.000000000000000000e+00 0.000000000000000000e+00 -1.489740196316091669e-02 1.107086068349729703e-02 7.921883663885230867e-03 7.448748313025408373e-03
1.806574877298013917e+03 -9.340999138510726425e+02 -5.069184687923841182e+01 0.000000000000000000e+00 0.000000000000000000e+00 -7.234067196021243262e-02 1.102055917821494722e-02 7.463553593144994433e-03 7.361043373930955050e-03
2.004076631125746417e+03 -6.860331101769222641e+02 -5.402431541736369525e+01 0.000000000000000000e+00 0.000000000000000000e+00 -3.718301504491705600e-02 1.077482529998766841e-02 7.490711062906114936e-03 7.181206159024978823e-03
2.198320668369206487e+03 -5.163207180684544255e+02 -5.909457985906014699e+01 0.000000000000000000e+00 0.000000000000000000e+00 -4.940158404725991659e-02 1.060992477334086678e-02 7.627270795546739826e-03 7.085444576043744593e-03
1.821109853777550370e+03 -5.223779406684452624e+02 -4.723230209511385169e+01 0.000000000000000000e+00 0.000000000000000000e+00 -3.103968424719738550e-02 1.057721869286727331e-02 7.170770944979691641e-03 7.003127824544033361e-03
1.819516314977733145e+03 -1.867229159695719432e+02 -4.561566179316577063e+01 0.000000000000000000e+00 0.000000000000000000e+00 -3.111360152735898055e-02 1.021893704163575646e-02 6.995251220346890113e-03 6.747238306016427496e-03
1.819494280293200518e+03 -1.867257058077047986e+02 -4.561503708031019499e+01 0.000000000000000000e+00 0.000000000000000000e+00 -2.990796397452299971e-02 1.021894037851025887e-02 6.995227121609018557e-03 6.747236840046422386e-03
2.192776281607837518e+03 -1.799760000220283871e+02 -5.734696840488500413e+01 0.000000000000000000e+00 0.000000000000000000e+00 -7.772778820587689097e-03 1.024476517025177912e-02 7.464620095466440244e-03 6.830431097766148131e-03
2.192780627739286956e+03 -1.799709607489082259e+02 -5.734710453273440578e+01 0.000000000000000000e+00 0.000000000000000000e+00 -1.205598856714118483e-02 1.024475150668904301e-02 7.464621976392678791e-03 6.830423608601261798e-03
2.005530641740255305e+03 5.930445198484259350e+01 -5.095506653234487260e+01 0.000000000000000000e+00 0.000000000000000000e+00 -6.957367861225804972e-03 9.977591312426429410e-03 7.144014018613712748e-03 6.627082558760609247e-03
1.813915329659424515e+03 2.308901132349963632e+02 -4.548663011278531343e+01 0.000000000000000000e+00 0.000000000000000000e+00 3.669303366423548596e-02 9.785487171501830797e-03 6.871919153094715495e-03 6.482590632700346855e-03
2.190159092607749699e+03 2.380213303391044803e+02 -5.729300871318944388e+01 0.000000000000000000e+00 0.000000000000000000e+00 -3.878402434575889401e-02 9.809527294940102032e-03 7.355303976516419477e-03 6.567642572663476806e-03
2.193125126821329559e+03 5.688943736452980602e+02 -5.896083498055722316e+01 0.000000000000000000e+00 0.000000000000000000e+00 -3.051886066369746686e-02 9.488049641881287841e-03 7.340296776653408746e-03 6.406235173227785122e-03
2.193134072481676867e+03 5.689204808085917193e+02 -5.896131655867341692e+01 0.000000000000000000e+00 0.000000000000000000e+00 -1.713711161486486390e-02 9.488053343059604794e-03 7.340318273822652242e-03 6.406243362406442363e-03
1.815548087050779941e+03 5.628138151047636484e+02 -4.711648141498378806e+01 0.000000000000000000e+00 0.000000000000000000e+00 -6.717020481480773242e-02 9.456873233796674050e-03 6.858136355491176346e-03 6.320453555787107491e-03
1.815300092179507374e+03 5.628185647526178172e+02 -4.710946250386976430e+01 0.000000000000000000e+00 0.000000000000000000e+00 -7.458959677406085120e-02 9.456828166187918050e-03 6.857837273344697879e-03 6.320387757555744057e-03
1.992640335612319859e+03 8.202602481422699157e+02 -5.453991710340137899e+01 0.000000000000000000e+00 0.000000000000000000e+00 1.420547985392062174e-02 9.237570750361386376e-03 7.103024863788967753e-03 6.264272428097800681e-03
1.807372500932124922e+03 9.761240418087014632e+02 -5.076375455943006898e+01 0.000000000000000000e+00 0.000000000000000000e+00 3.236116105377817576e-02 9.074680402996648104e-03 6.919496016056747752e-03 6.179492995187845297e-03
1.806908102339969219e+03 9.760844115781154642e+02 -5.075020783283206072e+01 0.000000000000000000e+00 0.000000000000000000e+00 1.105038301940908241e-02 9.074603861394700891e-03 6.918945921170824645e-03 6.179378083745865405e-03
2.191840544716990280e+03 9.904271358148239415e+02 -6.286055275351880312e+01 0.000000000000000000e+00 0.000000000000000000e+00 -3.047694887506224859e-03 9.119239763143440272e-03 7.389260184394897714e-03 6.261437526896207993e-03
2.191839625348322443e+03 9.904513675409900770e+02 -6.286081047735869021e+01 0.000000000000000000e+00 0.000000000000000000e+00 1.323499561708274541e-02 9.119252749827182550e-03 7.389276362165621455e-03 6.261452588880701831e-03
2.184015466550859855e+03 1.315822249265511800e+03 -6.711391727971718524e+01 0.000000000000000000e+00 0.000000000000000000e+00 3.765663193178170332e-03 8.871857689555827722e-03 7.471584397054536683e-03 6.198018583513312772e-03
2.184020017190991439e+03 1.315804836151154177e+03 -6.711379432830860026e+01 0.000000000000000000e+00 0.000000000000000000e+00 -1.624429909540481276e-03 8.871860309608188555e-03 7.471579252623376972e-03 6.198014430018037625e-03
1.809431838927573608e+03 1.316160509668800387e+03 -5.557633430392017715e+01 0.000000000000000000e+00 0.000000000000000000e+00 2.509067089041394638e-02 8.790137372012046119e-03 7.049944192525970689e-03 6.120219813096186394e-03
1.809479360638738399e+03 1.316050054454707151e+03 -5.557589553632591617e+01 0.000000000000000000e+00 0.000000000000000000e+00 -2.587780982870668822e-02 8.790135455661424527e-03 7.049895497693755599e-03 6.120170397026935064e-03
1.990801897233251566e+03 1.573381241520792855e+03 -6.540144726039920897e+01 0.000000000000000000e+00 0.000000000000000000e+00 7.504075139991073229e-03 8.646201853673651794e-03 7.367268588691441682e-03 6.142608374678023772e-03
1.802133959985640558e+03 1.732559277932253508e+03 -6.308384330158030195e+01 0.000000000000000000e+00 0.000000000000000000e+00 2.945422269374375901e-02 8.479339943943595831e-03 7.280557613952839957e-03 6.115710522476881968e-03
1.802118714308771814e+03 1.732611145551104073e+03 -6.308450924909770663e+01 0.000000000000000000e+00 0.000000000000000000e+00 4.038640071818377919e-02 8.479319685509497176e-03 7.280590197306614601e-03 6.115727581377646167e-03
1.802079598307520882e+03 1.732598736348498960e+03 -6.308316496503466198e+01 0.000000000000000000e+00 0.000000000000000000e+00 4.350639031135017376e-02 8.479321146061634742e-03 7.280549992846854952e-03 6.115724285418702895e-03
2.177610282265703063e+03 1.738323978764678031e+03 -7.464840351845727184e+01 0.000000000000000000e+00 0.000000000000000000e+00 2.242276182313673871e-02 8.605585162523654921e-03 7.650673515400026672e-03 6.184122174322585243e-03
2.178226758233830878e+03 2.071024279343769194e+03 -8.223980763807125527e+01 0.000000000000000000e+00 0.000000000000000000e+00 -3.597380228413271652e-03 8.439951915306109775e-03 7.851960840592420166e-03 6.228873912742518074e-03
1.804354280824717762e+03 2.071161212897581208e+03 -7.091925494001762331e+01 0.000000000000000000e+00 0.000000000000000000e+00 7.249509453248492719e-02 8.261581905959264685e-03 7.538756666166617285e-03 6.170823556365522856e-03
1.804328861073902317e+03 2.071157454707605211e+03 -7.091846103541034552e+01 0.000000000000000000e+00 0.000000000000000000e+00 6.915697257637987150e-02 8.261566711322991530e-03 7.538730401058538373e-03 6.170814377916543705e-03
1.988677290736412260e+03 2.324184332230234759e+03 -8.288920453298587177e+01 0.000000000000000000e+00 0.000000000000000000e+00 -5.040465124631055005e-02 8.221063666398600173e-03 7.893868519001310743e-03 6.268531679454648724e-03
1.988645757109759643e+03 2.324172349151889648e+03 -8.288792407563808240e+01 0.000000000000000000e+00 0.000000000000000000e+00 -5.172939897558137545e-02 8.221048509178220318e-03 7.893833515773425111e-03 6.268521617526415408e-03
1.799738533411690923e+03 2.488830810269916583e+03 -8.219873406873129795e+01 0.000000000000000000e+00 0.000000000000000000e+00 -3.116270593790204657e-02 8.024665813030313483e-03 7.927705750864953715e-03 6.307411242952851160e-03
1.799741561093778500e+03 2.488827177332421343e+03 -8.219870866298062140e+01 0.000000000000000000e+00 0.000000000000000000e+00 -3.011674330187474879e-02 8.024671324054726343e-03 7.927705018185573008e-03 6.307411496242609251e-03
2.171699739535662957e+03 2.497562453496461785e+03 -9.358437286615676953e+01 0.000000000000000000e+00 0.000000000000000000e+00 -7.784844997416939805e-03 8.268641981355143167e-03 8.178419023662413315e-03 6.355607925501616413e-03
2.171715811313712948e+03 2.497551394904652625e+03 -9.358457045209453895e+01 0.000000000000000000e+00 0.000000000000000000e+00 -2.021995611167426432e-02 8.268637660231302478e-03 8.178405997656035611e-03 6.355588606153561061e-03
2.168293775103547432e+03 2.820126227036918863e+03 -1.035670025387157125e+02 0.000000000000000000e+00 0.000000000000000000e+00 6.543628278784296981e-02 8.163802021703508299e-03 8.486075277443144022e-03 6.503348562164549228e-03
2.168244744877945777e+03 2.820139262052703089e+03 -1.035658507557529049e+02 0.000000000000000000e+00 0.000000000000000000e+00 7.437293496258234882e-02 8.163768561447980188e-03 8.486072369979514793e-03 6.503362614540057242e-03
1.787832490158855990e+03 2.813241170436586799e+03 -9.209129091351972818e+01 0.000000000000000000e+00 0.000000000000000000e+00 -9.829816875196684123e-03 7.855253626331624994e-03 8.283570084756556456e-03 6.464407146697681919e-03
1.787770082967390408e+03 2.813265288342510758e+03 -9.209041990441754422e+01 0.000000000000000000e+00 0.000000000000000000e+00 -4.719251155819392807e-03 7.855202084027679277e-03 8.283576601186877150e-03 6.464422201963346271e-03
1.970050881754290231e+03 3.072347822292288583e+03 -1.061736668753573554e+02 0.000000000000000000e+00 0.000000000000000000e+00 5.698082904763168699e-02 7.902509681137299610e-03 8.677837471596132682e-03 6.633722517714353041e-03
1.783595836613845677e+03 3.228138553070149101e+03 -1.067241214573129042e+02 0.000000000000000000e+00 0.000000000000000000e+00 5.086389458431028743e-02 7.664871710829705177e-03 8.814166760034962064e-03 6.727683137379315316e-03
2.147625410771415318e+03 3.248746638444787095e+03 -1.180754641071608830e+02 0.000000000000000000e+00 0.000000000000000000e+00 1.511773894065981949e-03 8.025854600153134455e-03 8.968035149044414900e-03 6.763440967871347208e-03
8.776000392241459167e+02 -2.446729645582439844e+03 -6.366931186633513562e+01 0.000000000000000000e+00 0.000000000000000000e+00 2.230944085292208001e-02 1.246800366283268985e-02 8.850425138363857136e-03 8.891043695485864595e-03
5.024458927600076663e+02 -2.444472341432335270e+03 -5.952376326005543916e+01 0.000000000000000000e+00 0.000000000000000000e+00 -2.660071104066474845e-02 1.240577327947520875e-02 8.750913731325402067e-03 8.841622317929906730e-03
5.024949972663631570e+02 -2.444438725508535754e+03 -5.952310643260138079e+01 0.000000000000000000e+00 0.000000000000000000e+00 -8.555205866983328633e-03 1.240578357029121712e-02 8.750863188678055168e-03 8.841600452198663737e-03
6.858516331282471583e+02 -2.195898795208916454e+03 -5.388852644682818038e+01 0.000000000000000000e+00 0.000000000000000000e+00 5.451344874335006807e-02 1.217825177559698699e-02 8.374177271229108627e-03 8.554498573990097429e-03
8.611798455499003921e+02 -2.015508932847796814e+03 -5.117793897104287737e+01 0.000000000000000000e+00 0.000000000000000000e+00 9.383763072037965003e-02 1.201988882575557097e-02 8.142885417872428380e-03 8.359605799435057202e-03
8.612288290327247751e+02 -2.015549689746667582e+03 -5.117966038247828209e+01 0.000000000000000000e+00 0.000000000000000000e+00 8.555974559435242099e-02 1.201992183160437849e-02 8.142966822679904848e-03 8.359653557237913674e-03
4.985573644590199933e+02 -2.034399193946884679e+03 -4.775065888412810011e+01 0.000000000000000000e+00 0.000000000000000000e+00 4.823286823047823191e-02 1.198342854339632529e-02 8.071170752584339372e-03 8.336654827523323069e-03
4.986282114730536819e+02 -2.034440287220184700e+03 -4.775229444113087141e+01 0.000000000000000000e+00 0.000000000000000000e+00 3.960093720962731823e-02 1.198346340599091772e-02 8.071248743189117503e-03 8.336704364056131064e-03
4.967026447245815461e+02 -1.697068672248431767e+03 -3.963719234579049555e+01 0.000000000000000000e+00 0.000000000000000000e+00 -9.379710607555580282e-02 1.163480478090923170e-02 7.555842428722253125e-03 7.943551831275088779e-03
4.967437007271261677e+02 -1.697061021436909641e+03 -3.963735116949735016e+01 0.000000000000000000e+00 0.000000000000000000e+00 -8.654151307439406082e-02 1.163481782726428701e-02 7.555840422400012836e-03 7.943554833490046319e-03
8.795418248666238696e+02 -1.685040059307935962e+03 -4.358229080824131074e+01 0.000000000000000000e+00 0.000000000000000000e+00 -8.841465775719825615e-02 1.167962396459218052e-02 7.657446312262781649e-03 7.978693970899527685e-03
6.955482415409189798e+02 -1.442507597433063893e+03 -3.637879107332908291e+01 0.000000000000000000e+00 0.000000000000000000e+00 -1.378956047574320110e-03 1.140051860748291304e-02 7.253454076964262545e-03 7.686853379881668225e-03
5.051768746747295040e+02 -1.279043892207260569e+03 -3.167232733168642511e+01 0.000000000000000000e+00 0.000000000000000000e+00 -4.101060308981629987e-02 1.120379495747620899e-02 6.987584536838791979e-03 7.490730582360285127e-03
8.746096655698992208e+02 -1.262675395275486153e+03 -3.548933685911762126e+01 0.000000000000000000e+00 0.000000000000000000e+00 3.856593068614699860e-02 1.123960334197238349e-02 7.096009760002867407e-03 7.521507983088101569e-03
8.786673403681686523e+02 -9.494716990922404420e+02 -3.107114976145466301e+01 0.000000000000000000e+00 0.000000000000000000e+00 -9.450766269740995540e-02 1.091332560816885011e-02 6.743997762025105182e-03 7.211127492339078696e-03
8.786722560316019326e+02 -9.495401334076701687e+02 -3.107205882719189560e+01 0.000000000000000000e+00 0.000000000000000000e+00 -1.204702081508166600e-01 1.091334451437843064e-02 6.744061760294516560e-03 7.211165092528366329e-03
4.942507243103401038e+02 -9.440035935677132102e+02 -2.676860718296229180e+01 0.000000000000000000e+00 0.000000000000000000e+00 -1.479570988388445585e-02 1.085527971150257107e-02 6.594146698027157291e-03 7.156228269932760760e-03
4.942215013047887169e+02 -9.440062258347591069e+02 -2.676840711270816442e+01 0.000000000000000000e+00 0.000000000000000000e+00 -8.477992962511393671e-03 1.085529136766488940e-02 6.594144899000696503e-03 7.156234295474344677e-03
6.766531170115370060e+02 -6.941181699947958350e+02 -2.583795551158375048e+01 0.000000000000000000e+00 0.000000000000000000e+00 -3.705289732771177569e-02 1.062072132054809985e-02 6.406484166392592029e-03 6.950053206109068488e-03
6.766027032619422243e+02 -6.941066657637417165e+02 -2.583730455473862975e+01 0.000000000000000000e+00 0.000000000000000000e+00 -2.859687507551100794e-02 1.062071999137445717e-02 6.406458198079049982e-03 6.950046204809157135e-03
4.886450037280908418e+02 -5.313721036141736249e+02 -2.278924811056044319e+01 0.000000000000000000e+00 0.000000000000000000e+00 -2.657788862055809886e-02 1.042695287934016120e-02 6.208767315853042958e-03 6.788648232051364660e-03
8.787590884595700800e+02 -5.214856795887025100e+02 -2.700177335376491072e+01 0.000000000000000000e+00 0.000000000000000000e+00 -1.740525308710871855e-02 1.046723687753706514e-02 6.360180230676396387e-03 6.831027295832274408e-03
8.787359690944689419e+02 -5.215008896819530264e+02 -2.700155055916954439e+01 0.000000000000000000e+00 0.000000000000000000e+00 -2.267161930279115722e-02 1.046723909202193839e-02 6.360176122567878960e-03 6.831030329009142935e-03
8.753966097390847381e+02 -1.894462353479542287e+02 -2.542302582690952306e+01 0.000000000000000000e+00 0.000000000000000000e+00 -7.616614905425578286e-02 1.012147943171056060e-02 6.150730918527662870e-03 6.575888299736034823e-03
8.753303293274348107e+02 -1.894571515438009897e+02 -2.542212481390409096e+01 0.000000000000000000e+00 0.000000000000000000e+00 -7.496787451496089716e-02 1.012148526278210288e-02 6.150698825260599890e-03 6.575887908123129524e-03
4.973307328029334826e+02 -1.990036825194799519e+02 -2.129012429754014946e+01 0.000000000000000000e+00 0.000000000000000000e+00 -4.265813563318943125e-02 1.008406679326563464e-02 5.992644183250682086e-03 6.534025568148141977e-03
4.970216417714341901e+02 -1.989434227754356641e+02 -2.128750366927216575e+01 0.000000000000000000e+00 0.000000000000000000e+00 -2.277657073550187761e-02 1.008400435874579754e-02 5.992539054620764361e-03 6.533972272964887543e-03
6.809509152742845117e+02 2.983349950433346365e+01 -2.276928692960539280e+01 0.000000000000000000e+00 0.000000000000000000e+00 -1.535208254595943345e-02 9.871110059631170441e-03 5.961053910237702064e-03 6.403088030891998517e-03
4.920153222867485283e+02 2.073427631789665782e+02 -2.126195332359944956e+01 0.000000000000000000e+00 0.000000000000000000e+00 -1.128890727822451368e-02 9.664202642449644040e-03 5.847391266727785218e-03 6.276166123869596561e-03
4.919807750662691319e+02 2.073438321526963932e+02 -2.126168436474013035e+01 0.000000000000000000e+00 0.000000000000000000e+00 -7.405900664547715451e-03 9.664204879451424035e-03 5.847384343257253959e-03 6.276166796951657134e-03
8.632016643890708565e+02 2.249345922572703387e+02 -2.532559976821802650e+01 0.000000000000000000e+00 0.000000000000000000e+00 3.878823921692031718e-03 9.692367831250544435e-03 6.006836568002849389e-03 6.312868590040616318e-03
8.631895733227069059e+02 2.249579184551400033e+02 -2.532549905945874613e+01 0.000000000000000000e+00 0.000000000000000000e+00 1.002739918409289999e-02 9.692354864790066193e-03 6.006830587685435367e-03 6.312861978479867783e-03
8.676793197899872894e+02 5.491052340428622074e+02 -2.696475651246128535e+01 0.000000000000000000e+00 0.000000000000000000e+00 -1.460296207437039584e-02 9.362117890074192830e-03 6.001038994891350065e-03 6.157215760737906433e-03
4.888497142118347938e+02 5.498631223848270793e+02 -2.288353102016868235e+01 0.000000000000000000e+00 0.000000000000000000e+00 2.705174221588180217e-02 9.312552730945162019e-03 5.836591084346566538e-03 6.111325361167520287e-03
6.690928758231639222e+02 8.089519917944327290e+02 -2.676569097262250807e+01 0.000000000000000000e+00 0.000000000000000000e+00 -3.138201143255869852e-02 9.073406136266152014e-03 5.959093106736965996e-03 6.040388957719529384e-03
4.864023117991415575e+02 9.629804079428838577e+02 -2.681250550329697546e+01 0.000000000000000000e+00 0.000000000000000000e+00 -4.113094642329429007e-02 8.892374961745832043e-03 5.958765930387683110e-03 5.982029249293535286e-03
8.528634837062855922e+02 9.789096435441988433e+02 -3.088606406771462787e+01 0.000000000000000000e+00 0.000000000000000000e+00 3.485114174495862471e-02 8.929750209917096046e-03 6.113618656564520984e-03 6.019285300354417639e-03
8.581623117705395316e+02 1.307842131387368909e+03 -3.565371983201212913e+01 0.000000000000000000e+00 0.000000000000000000e+00 -3.276664485710512054e-03 8.609424545374555482e-03 6.304202134439110088e-03 5.973549658387997639e-03
4.923155046587779680e+02 1.300324685109931124e+03 -3.164839760236773714e+01 0.000000000000000000e+00 0.000000000000000000e+00 -2.057631866794906728e-02 8.555241161191018753e-03 6.163323279383852923e-03 5.936796963505525625e-03
6.571003182804171274e+02 1.553070184598450624e+03 -3.762784363226128193e+01 0.000000000000000000e+00 0.000000000000000000e+00 -7.015503356281982406e-02 8.335578047394244516e-03 6.415134565630437741e-03 5.952379064477159552e-03
6.570749325922721482e+02 1.553084595315819570e+03 -3.762786050527842008e+01 0.000000000000000000e+00 0.000000000000000000e+00 -6.906662141423680623e-02 8.335561393127690136e-03 6.415140282480992322e-03 5.952379170236658801e-03
4.722166382244661236e+02 1.720988246625017155e+03 -3.940556454176457635e+01 0.000000000000000000e+00 0.000000000000000000e+00 -7.954499325305164348e-02 8.137810937263848660e-03 6.526563886929563629e-03 5.954985150378944853e-03
8.503366598357872590e+02 1.723949912086558925e+03 -4.336753949060543079e+01 0.000000000000000000e+00 0.000000000000000000e+00 -4.961823871799708741e-02 8.214560747592318871e-03 6.643841714438797341e-03 5.987720341332358406e-03
8.386602712808455635e+02 2.057335234254222087e+03 -5.096330592612748944e+01 0.000000000000000000e+00 0.000000000000000000e+00 2.572111978132340937e-03 7.908112998933895799e-03 6.989351591625313394e-03 6.058002094205199028e-03
8.387010791272757615e+02 2.057315339376968041e+03 -5.096333390768040772e+01 0.000000000000000000e+00 0.000000000000000000e+00 -8.374761087566184870e-04 7.908136312972659579e-03 6.989338472803660260e-03 6.057994863642026523e-03
4.627423172219926073e+02 2.037714612345771002e+03 -4.668244037091739074e+01 0.000000000000000000e+00 0.000000000000000000e+00 -5.240064600769045455e-02 7.831093718813545920e-03 6.874205274952313940e-03 6.025381296467455412e-03
4.627260573678515811e+02 2.037713437390013951e+03 -4.668229426054464426e+01 0.000000000000000000e+00 0.000000000000000000e+00 -5.183224791638707529e-02 7.831092443770839087e-03 6.874202042958213639e-03 6.025380775829349868e-03
6.452451807713259768e+02 2.294869516069116798e+03 -5.506613312430629037e+01 0.000000000000000000e+00 0.000000000000000000e+00 -4.345904385810683834e-02 7.637417745514651392e-03 7.226615319459462825e-03 6.127262240323999923e-03
6.454841862619809945e+02 2.294876337560946013e+03 -5.506869953773927762e+01 0.000000000000000000e+00 0.000000000000000000e+00 -4.147701254712643504e-02 7.637484821431597161e-03 7.226675151058168690e-03 6.127282145168482658e-03
4.564161245155228244e+02 2.467559695255015868e+03 -5.847421732282688112e+01 0.000000000000000000e+00 0.000000000000000000e+00 -5.466327251686919908e-02 7.427286836676092949e-03 7.429081076750705323e-03 6.195058436528117288e-03
8.336205573819858046e+02 2.472464525841397517e+03 -6.235185058073606967e+01 0.000000000000000000e+00 0.000000000000000000e+00 2.875272583104759860e-02 7.544120204070782487e-03 7.502180770579132407e-03 6.217281102281918895e-03
8.372106977827846777e+02 2.799544659296328973e+03 -7.279934105273702016e+01 0.000000000000000000e+00 0.000000000000000000e+00 2.295104471632214427e-02 7.273379948813488670e-03 7.959698314668060132e-03 6.395089162136803618e-03
4.640348433292577397e+02 2.795475889299713344e+03 -6.897064937001636054e+01 0.000000000000000000e+00 0.000000000000000000e+00 -6.793696190581499650e-02 7.133295206217749908e-03 7.905458169875114599e-03 6.378201785874519983e-03
6.388176562668435281e+02 3.043858366551653489e+03 -7.913312182709785247e+01 0.000000000000000000e+00 0.000000000000000000e+00 1.149374451397022767e-02 6.984067214171941519e-03 8.302969310504271921e-03 6.549241406133651799e-03
4.430300412870702189e+02 3.209214782860301966e+03 -8.370245353515556985e+01 0.000000000000000000e+00 0.000000000000000000e+00 -6.531372510347921434e-02 6.767879620407238686e-03 8.556031088133108850e-03 6.667920664272681056e-03
8.189252059249138256e+02 3.221371643095640138e+03 -8.773282720287335223e+01 0.000000000000000000e+00 0.000000000000000000e+00 -5.007125307409410198e-02 6.930460343953159623e-03 8.601994414003083511e-03 6.684935883487495324e-03
1.502419546633496566e+03 3.239040796161986691e+03 -1.002708559168308824e+02 0.000000000000000000e+00 0.000000000000000000e+00 4.924356051384393140e-02 7.405232512610021578e-03 8.750770033048823823e-03 6.721896025518580078e-03
1.502429513638549679e+03 3.239031467705155592e+03 -1.002707236627145875e+02 0.000000000000000000e+00 0.000000000000000000e+00 3.915683115138790527e-02 7.405231176454440435e-03 8.750746040204541304e-03 6.721876340832464575e-03
1.129385225187259948e+03 3.228761228340557864e+03 -9.254918893068773400e+01 0.000000000000000000e+00 0.000000000000000000e+00 1.189536483198594397e-02 7.120498680244258770e-03 8.656969075717394629e-03 6.699734271138853281e-03
1.301006030805829596e+03 3.063370133592884486e+03 -8.951380268279905295e+01 0.000000000000000000e+00 0.000000000000000000e+00 -1.443345318386946019e-02 7.351077449150032403e-03 8.445314881815818922e-03 6.587772380773296126e-03
1.127201882092914275e+03 2.815928879569150922e+03 -7.766986132883792493e+01 0.000000000000000000e+00 0.000000000000000000e+00 1.407145457461922433e-02 7.409501017741096547e-03 8.048062526278513748e-03 6.419718369392574293e-03
1.127193025887949489e+03 2.815903933958677953e+03 -7.766886966642059065e+01 0.000000000000000000e+00 0.000000000000000000e+00 1.035734432450396980e-02 7.409507912160407175e-03 8.048020603267253339e-03 6.419697865123214636e-03
1.512815816621715157e+03 2.819084424612215116e+03 -8.546331805222619948e+01 0.000000000000000000e+00 0.000000000000000000e+00 9.053774280104676109e-03 7.650933032646482258e-03 8.175988574866933922e-03 6.446267921255805465e-03
1.512820924759598938e+03 2.819104425580628231e+03 -8.546410504583636225e+01 0.000000000000000000e+00 0.000000000000000000e+00 1.234015760280726681e-02 7.650930031507998698e-03 8.176020435779810663e-03 6.446284287517225348e-03
1.505307234480207171e+03 2.481244823483468281e+03 -7.459752602001933042e+01 0.000000000000000000e+00 0.000000000000000000e+00 2.790018235232594179e-02 7.854393395602775677e-03 7.760449989951393422e-03 6.273934624089443426e-03
1.127162366042729218e+03 2.470197990970086721e+03 -6.668547766098755858e+01 0.000000000000000000e+00 0.000000000000000000e+00 4.569104978027382913e-02 7.669316694613559186e-03 7.587361084289380962e-03 6.236502035266162924e-03
1.126982137847184731e+03 2.470182018304898520e+03 -6.668189870552868115e+01 0.000000000000000000e+00 0.000000000000000000e+00 4.309738336935708958e-02 7.669241532213526107e-03 7.587273816217394301e-03 6.236477330166273481e-03
1.326006965476346977e+03 2.315661883537280119e+03 -6.594593404335780917e+01 0.000000000000000000e+00 0.000000000000000000e+00 -1.533039056062079908e-02 7.877286775816345898e-03 7.484686237091674361e-03 6.188892790024256609e-03
1.326006881140331870e+03 2.315660186434812204e+03 -6.594588483998079198e+01 0.000000000000000000e+00 0.000000000000000000e+00 -1.466534685744136368e-02 7.877289161433521925e-03 7.484685070900584485e-03 6.188893064601623528e-03
1.510231746024165886e+03 2.059174962603113272e+03 -6.315943406288427298e+01 0.000000000000000000e+00 0.000000000000000000e+00 5.699981220746508370e-02 8.142788808533854214e-03 7.320941559011119593e-03 6.128309258172225972e-03
1.510193526730558688e+03 2.059195595304584458e+03 -6.315906309167724686e+01 0.000000000000000000e+00 0.000000000000000000e+00 5.841472175931983202e-02 8.142761090377429595e-03 7.320938106567951437e-03 6.128311664243159609e-03
1.138646082920332901e+03 2.060832290433204435e+03 -5.563089139000866368e+01 0.000000000000000000e+00 0.000000000000000000e+00 5.763123012989979088e-03 8.001057580970513672e-03 7.114618240870091738e-03 6.086576228993299809e-03
1.138415059732110421e+03 1.728415685720520514e+03 -4.791714049938302367e+01 0.000000000000000000e+00 0.000000000000000000e+00 1.392542632579107931e-02 8.282983017696489078e-03 6.788874045638642468e-03 6.019871976444567119e-03
1.508208019753734789e+03 1.730803328307089942e+03 -5.554788232930443570e+01 0.000000000000000000e+00 0.000000000000000000e+00 1.618413309703470304e-02 8.387015968163600774e-03 7.036102568792884128e-03 6.069333499956491677e-03
1.320322941719221035e+03 1.566262097628092306e+03 -4.810920668390068045e+01 0.000000000000000000e+00 0.000000000000000000e+00 3.619157048329668669e-02 8.469977143872214551e-03 6.772354612357573030e-03 6.030527812537239685e-03
1.137999551035960849e+03 1.302887797192961216e+03 -3.995185843897951372e+01 0.000000000000000000e+00 0.000000000000000000e+00 3.053457396083558706e-02 8.665650124864796022e-03 6.463899212273336442e-03 6.009735278386783668e-03
1.505164104117990064e+03 1.318234802072947559e+03 -4.777674485820418937e+01 0.000000000000000000e+00 0.000000000000000000e+00 2.895011306137718066e-02 8.724497075135242974e-03 6.758522411534228017e-03 6.065020210698766553e-03
1.520652460870020150e+03 9.844207248437278395e+02 -4.341243774146381185e+01 0.000000000000000000e+00 0.000000000000000000e+00 -2.350708760189235136e-02 9.024192237692168356e-03 6.622231221164319621e-03 6.121388015912834595e-03
1.137724991267918767e+03 9.843507712738299915e+02 -3.542186543759737560e+01 0.000000000000000000e+00 0.000000000000000000e+00 -1.678509747686973697e-02 8.966708200757223662e-03 6.296515089657620662e-03 6.057492384199837133e-03
1.333175459965470509e+03 8.117837766030899047e+02 -3.729580465559148195e+01 0.000000000000000000e+00 0.000000000000000000e+00 -1.171323453634443013e-02 9.160605606080550814e-03 6.395461447279346227e-03 6.134929481574161528e-03
1.333193390186369015e+03 8.118097871619231682e+02 -3.729644290201092360e+01 0.000000000000000000e+00 0.000000000000000000e+00 6.196876851234378591e-04 9.160607599007644999e-03 6.395495051481816379e-03 6.134941197491906167e-03
1.150509569370188046e+03 5.668787463881362783e+02 -3.161445982437472679e+01 0.000000000000000000e+00 0.000000000000000000e+00 8.543774930249270483e-03 9.378861692798355632e-03 6.196720032759368314e-03 6.192233125775123935e-03
1.520355766606206089e+03 5.645432231400172896e+02 -3.939608240153756213e+01 0.000000000000000000e+00 0.000000000000000000e+00 -1.402268998994316007e-03 9.423736846412013660e-03 6.531793198873342421e-03 6.258919406573442389e-03
1.520308064408845667e+03 5.645419399392337709e+02 -3.939493149887937307e+01 0.000000000000000000e+00 0.000000000000000000e+00 -1.313174974479380808e-02 9.423709150302377047e-03 6.531735185245452109e-03 6.258895327803129689e-03
1.529674691001808924e+03 2.349709047838837819e+02 -3.800965080977958621e+01 0.000000000000000000e+00 0.000000000000000000e+00 1.465527790493581506e-03 9.754499217093356989e-03 6.552844192461008445e-03 6.420548948657645374e-03
1.529677811779037029e+03 2.349570498964102967e+02 -3.800968718830230131e+01 0.000000000000000000e+00 0.000000000000000000e+00 -5.327673222318196622e-03 9.754499858966154957e-03 6.552844804332650340e-03 6.420548590536371419e-03
1.151656389266094720e+03 2.200487247555715271e+02 -2.993762913362395039e+01 0.000000000000000000e+00 0.000000000000000000e+00 1.780859026052183935e-03 9.730379871542925441e-03 6.207115855388878681e-03 6.359907878513751910e-03
1.330268359203484806e+03 6.466408078795070935e+01 -3.319313355324668890e+01 0.000000000000000000e+00 0.000000000000000000e+00 -7.233119889718864215e-03 9.909085600852476916e-03 6.393846973295115414e-03 6.481956517654947209e-03
1.330270786541150528e+03 6.464963920527411290e+01 -3.319317461722562257e+01 0.000000000000000000e+00 0.000000000000000000e+00 -1.710169101005476477e-02 9.909080749748304037e-03 6.393846552788330639e-03 6.481953522168523198e-03
1.529734426560211659e+03 -1.864768092976563310e+02 -3.794522007307372036e+01 0.000000000000000000e+00 0.000000000000000000e+00 3.377415222736601663e-02 1.019062029718655581e-02 6.676933052566559092e-03 6.686275749976384151e-03
1.529754112813007850e+03 -1.864792191234400605e+02 -3.794570345945778911e+01 0.000000000000000000e+00 0.000000000000000000e+00 2.492774184364066059e-02 1.019060686891876122e-02 6.676949097889546027e-03 6.686270714079367052e-03
1.529772582790207025e+03 -1.865124419769017265e+02 -3.794623484619394560e+01 0.000000000000000000e+00 0.000000000000000000e+00 2.282562653726216695e-02 1.019063930327655972e-02 6.676981316381706659e-03 6.686295338912069501e-03
1.149854714605659865e+03 -1.947334795840124571e+02 -2.987493210488018036e+01 0.000000000000000000e+00 0.000000000000000000e+00 -1.089233022531388428e-02 1.015882706601068698e-02 6.339311895213756674e-03 6.622576371198295869e-03
1.158219909187402436e+03 -5.257509404373994357e+02 -3.158284606939146855e+01 0.000000000000000000e+00 0.000000000000000000e+00 -5.670278255575667004e-02 1.050574512125628315e-02 6.545095689840642848e-03 6.878135434378888392e-03
1.532425732124499973e+03 -5.115540600009913987e+02 -3.950054878626291099e+01 0.000000000000000000e+00 0.000000000000000000e+00 -3.815368153927067851e-02 1.053397738135636481e-02 6.858792715006822686e-03 6.934495650030030392e-03
1.338099075398056357e+03 -6.796917150068925366e+02 -3.636536834956841346e+01 0.000000000000000000e+00 0.000000000000000000e+00 -5.632602348099879919e-02 1.068944249582898937e-02 6.805039392967536689e-03 7.039659414553061344e-03
1.533295893431667082e+03 -9.474179705737492441e+02 -4.363400888640897790e+01 0.000000000000000000e+00 0.000000000000000000e+00 -2.861552247210852329e-03 1.099884440282208713e-02 7.208346482715900262e-03 7.318831016083300958e-03
1.532980933800229195e+03 -1.259787900725289319e+03 -4.806150491313692896e+01 0.000000000000000000e+00 0.000000000000000000e+00 1.552906439106749303e-02 1.133277451855016320e-02 7.528099810161372786e-03 7.626437887795618938e-03
1.165593880196364580e+03 -1.274105693488764700e+03 -4.041777550248270501e+01 0.000000000000000000e+00 0.000000000000000000e+00 9.124444049696478487e-03 1.129364127607363454e-02 7.271134464101048668e-03 7.577379627025052078e-03
1.165615422174271771e+03 -1.274114559184061136e+03 -4.041832133842696351e+01 0.000000000000000000e+00 0.000000000000000000e+00 7.482752987193919125e-03 1.129365039534873348e-02 7.271158341477262053e-03 7.577390577764005729e-03
1.347944794486635374e+03 -1.437172387855837314e+03 -4.690719460355157366e+01 0.000000000000000000e+00 0.000000000000000000e+00 2.892332317789936269e-02 1.149314084102984537e-02 7.592384646005061709e-03 7.779110863355135318e-03
1.167752707293573394e+03 -1.686215924128802499e+03 -4.830145847346601329e+01 0.000000000000000000e+00 0.000000000000000000e+00 -8.791137673824778176e-04 1.172660005457263135e-02 7.803052170622046431e-03 8.022788308800415241e-03
1.167684335828671919e+03 -1.686194539422348271e+03 -4.829972825272126613e+01 0.000000000000000000e+00 0.000000000000000000e+00 9.399317365613057973e-03 1.172658760378821399e-02 7.802984491503999614e-03 8.022763303926840756e-03
1.536373574323705270e+03 -1.695423353537481944e+03 -5.638568399070612713e+01 0.000000000000000000e+00 0.000000000000000000e+00 -9.306463542652210208e-02 1.179785042313720445e-02 8.062611846501262225e-03 8.094966082024888931e-03
1.536433819404757514e+03 -1.695440214132809388e+03 -5.638750804793428983e+01 0.000000000000000000e+00 0.000000000000000000e+00 -8.900939125039997180e-02 1.179788699918504422e-02 8.062680548370127973e-03 8.094999608701931165e-03
1.545260552151290312e+03 -2.015056354436366519e+03 -6.414751888723273510e+01 0.000000000000000000e+00 0.000000000000000000e+00 -3.637400655235012437e-02 1.213902508931598463e-02 8.513856675955109796e-03 8.465097617351915668e-03
1.172745824482830358e+03 -2.023675105884921550e+03 -5.640395760841724382e+01 0.000000000000000000e+00 0.000000000000000000e+00 -9.318399246303954442e-03 1.208038079451139932e-02 8.296538908968751833e-03 8.414306623567719898e-03
1.349518046575309882e+03 -2.193677919329184078e+03 -6.447235866189907938e+01 0.000000000000000000e+00 0.000000000000000000e+00 -2.921175239833928572e-02 1.229013580850743872e-02 8.656696670033560068e-03 8.646679205786780842e-03
1.178888030910927910e+03 -2.445777022339195355e+03 -6.849559189106659574e+01 0.000000000000000000e+00 0.000000000000000000e+00 -9.387262934609452714e-03 1.252087695007240292e-02 8.971894268077706958e-03 8.932436412313908905e-03
1.178846128617369232e+03 -2.445680801383165999e+03 -6.849184664357566987e+01 0.000000000000000000e+00 0.000000000000000000e+00 2.913968266321376177e-02 1.252084836021372452e-02 8.971712613113748749e-03 8.932340902482302850e-03
1.531761594369196928e+03 -2.430589170278689380e+03 -7.548125494317773132e+01 0.000000000000000000e+00 0.000000000000000000e+00 -1.101371749244606235e-02 1.257487356653941464e-02 9.141479357008569506e-03 8.969159347032682958e-03
1.552619400563399950e+03 -2.771534218361078274e+03 -8.704376291482000738e+01 0.000000000000000000e+00 0.000000000000000000e+00 -4.518622463385213450e-02 1.293659837549729699e-02 9.717581229586137737e-03 9.407959759550875781e-03
1.176846190840719373e+03 -2.774888964763892545e+03 -7.925447747049129532e+01 0.000000000000000000e+00 0.000000000000000000e+00 8.212904434955703437e-03 1.286130968698581852e-02 9.532604215806175091e-03 9.354348881997895035e-03
1.177478687031035179e+03 -2.774893332032218495e+03 -7.926615379112729443e+01 0.000000000000000000e+00 0.000000000000000000e+00 2.362842361988271023e-02 1.286147026628193558e-02 9.532884765087802290e-03 9.354458713600303371e-03
1.370768253792307860e+03 -2.932954163423508362e+03 -8.866921700814522467e+01 0.000000000000000000e+00 0.000000000000000000e+00 5.158937794624307571e-02 1.306479462035686594e-02 9.900233327638211303e-03 9.591166414960376752e-03
1.205475163620213380e+03 -3.174936972728634828e+03 -9.452565789357760195e+01 0.000000000000000000e+00 0.000000000000000000e+00 -2.731604022633860041e-02 1.327925391487187919e-02 1.026295641513410087e-02 9.890774717491640500e-03
1.563929458831222064e+03 -3.182834559826218538e+03 -1.023554932412103540e+02 0.000000000000000000e+00 0.000000000000000000e+00 6.089355232944626550e-03 1.336753144665939197e-02 1.044372754275647505e-02 9.955472964374413591e-03
1.563904475827431497e+03 -3.182886258531500062e+03 -1.023569056856611610e+02 0.000000000000000000e+00 0.000000000000000000e+00 -1.276302309896948373e-02 1.336754077694355530e-02 1.044381067705224542e-02 9.955525287444835086e-03
8.997249098181375757e+02 -3.182970911237362088e+03 -8.992695157146697227e+01 0.000000000000000000e+00 0.000000000000000000e+00 -2.471778628635945552e-02 1.322779853338089916e-02 1.017185672863113455e-02 9.859938577854249209e-03
8.997075235565494040e+02 -3.182947052906395584e+03 -8.992577471731115679e+01 0.000000000000000000e+00 0.000000000000000000e+00 -1.433326141012969401e-02 1.322779253411697671e-02 1.017180507810522272e-02 9.859911421313951457e-03
5.174687254235082037e+02 -3.190953831070341039e+03 -8.608661470909984814e+01 0.000000000000000000e+00 0.000000000000000000e+00 1.062422427776255063e-02 1.317244211720768228e-02 1.010288598991366388e-02 9.824328748025029298e-03
5.174529488346031485e+02 -3.190953260565500386e+03 -8.608646663597244242e+01 0.000000000000000000e+00 0.000000000000000000e+00 1.596697510606759352e-02 1.317245031969359846e-02 1.010288149635501544e-02 9.824330038213858335e-03
6.955762522892832749e+02 -2.939026221777143292e+03 -7.813817609652303986e+01 0.000000000000000000e+00 0.000000000000000000e+00 3.676153622977551549e-02 1.294306205307446840e-02 9.667846768812271563e-03 9.506352333100116098e-03
6.956315927562749266e+02 -2.939030672474495987e+03 -7.813893650439636929e+01 0.000000000000000000e+00 0.000000000000000000e+00 3.113774387648504671e-02 1.294306396874369235e-02 9.667868413204726979e-03 9.506360759084304252e-03
5.193219165397641746e+02 -2.774709751763350141e+03 -7.057711299508082448e+01 0.000000000000000000e+00 0.000000000000000000e+00 -3.020742280482124897e-02 1.274703208080644329e-02 9.335033469271933337e-03 9.268551619451231502e-03
5.193351516051177441e+02 -2.774705256276187356e+03 -7.057706313009016696e+01 0.000000000000000000e+00 0.000000000000000000e+00 -2.695430504294904495e-02 1.274703624259619465e-02 9.335027113241493521e-03 9.268549783578879792e-03
8.895702895524975702e+02 -2.771498122674948718e+03 -7.453079974112171158e+01 0.000000000000000000e+00 0.000000000000000000e+00 -2.044944159885631052e-02 1.280421656459428820e-02 9.418435159999377637e-03 9.309993255798657344e-03
1.728263766831744022e+02 3.221552417001077629e+03 -8.292218888452451608e+01 0.000000000000000000e+00 0.000000000000000000e+00 2.874035021193321882e-03 6.680237170711156476e-03 8.575039115333601622e-03 6.674528935623460536e-03
-2.040271527606748521e+02 3.215131693059269310e+03 -8.276454789081843444e+01 0.000000000000000000e+00 0.000000000000000000e+00 -1.285083356265204202e-03 6.648817102668127046e-03 8.585285436355305846e-03 6.668009086604999129e-03
-2.043070697476804014e+02 3.215145216239965521e+03 -8.276592664612633143e+01 0.000000000000000000e+00 0.000000000000000000e+00 4.339971268649378544e-03 6.648819062177297422e-03 8.585339811516847636e-03 6.668027297579161815e-03
-2.927518301044271354e+01 3.056538999318605420e+03 -7.651715792696981566e+01 0.000000000000000000e+00 0.000000000000000000e+00 -4.051480072760682560e-03 6.796583327848659817e-03 8.313244301824555815e-03 6.547110674683340528e-03
-2.927614852512449417e+01 3.056546356048203052e+03 -7.651742757694972852e+01 0.000000000000000000e+00 0.000000000000000000e+00 -1.248653118412335061e-02 6.796561683975251011e-03 8.313245699153289439e-03 6.547104945033608431e-03
-2.929402100395295250e+01 3.056535926150878367e+03 -7.651705381081278290e+01 0.000000000000000000e+00 0.000000000000000000e+00 -7.949428325119356487e-03 6.796577483387297898e-03 8.313235600855995583e-03 6.547103133146900053e-03
-1.917752645245641077e+02 2.803667188894877654e+03 -6.788756286167355825e+01 0.000000000000000000e+00 0.000000000000000000e+00 -3.525468405537424132e-02 7.017974540755031639e-03 7.928834316042198543e-03 6.371121589621480535e-03
-1.913895202134521298e+02 2.803673556543965788e+03 -6.788665240448904115e+01 0.000000000000000000e+00 0.000000000000000000e+00 -3.742330695487794401e-02 7.017970107329584567e-03 7.928801062936115598e-03 6.371125505283086257e-03
1.853427333612628161e+02 2.474720016266408493e+03 -5.735369677061226668e+01 0.000000000000000000e+00 0.000000000000000000e+00 1.470448763955545246e-02 7.361965288220963417e-03 7.423933705636778790e-03 6.188820278222443606e-03
-1.868545416770597285e+02 2.463772659642459985e+03 -5.702903559578088277e+01 0.000000000000000000e+00 0.000000000000000000e+00 7.215387279764229334e-03 7.333593286730140728e-03 7.430127127201855732e-03 6.175260732887779234e-03
-1.868840278789030549e+02 2.463798952662528791e+03 -5.702990877149198923e+01 0.000000000000000000e+00 0.000000000000000000e+00 1.746275947871112066e-02 7.333586438626333616e-03 7.430180339911912624e-03 6.175287815800075721e-03
-3.334840272414633233e+01 2.309755934858076216e+03 -5.228467254943615217e+01 0.000000000000000000e+00 0.000000000000000000e+00 2.099672159559418105e-02 7.490022758232505254e-03 7.203777433990100551e-03 6.105465293480542843e-03
-3.310822713743521462e+01 2.309798743927689429e+03 -5.228575826761574774e+01 0.000000000000000000e+00 0.000000000000000000e+00 3.368252566557572436e-02 7.490028491581450162e-03 7.203832788834755620e-03 6.105507326393648689e-03
-1.795835277833027988e+02 2.043995890647724309e+03 -4.542939942295143396e+01 0.000000000000000000e+00 0.000000000000000000e+00 9.613418311552379691e-03 7.733863934108740554e-03 6.881580760928525907e-03 6.001749713576581303e-03
-1.787891704296658304e+02 2.044018521404095736e+03 -4.542775989318688090e+01 0.000000000000000000e+00 0.000000000000000000e+00 2.000910228235142085e-02 7.733914318455839543e-03 6.881500930205001164e-03 6.001787849436083719e-03
1.527208419355680746e+02 2.038465282370311343e+03 -4.522117072238241064e+01 0.000000000000000000e+00 0.000000000000000000e+00 4.111984275905911090e-02 7.774638609740208359e-03 6.850483448850639041e-03 6.010191893868258722e-03
1.923162114221308059e+02 1.741242295559706690e+03 -3.838782784872562814e+01 0.000000000000000000e+00 0.000000000000000000e+00 4.323016267079538011e-03 8.071411786860252860e-03 6.516044545906404632e-03 5.941097400036822462e-03
-1.782184185800697946e+02 1.716645713320600180e+03 -3.781949838494024618e+01 0.000000000000000000e+00 0.000000000000000000e+00 -1.137201436952750555e-02 8.052234802763336835e-03 6.517922755847996817e-03 5.922747248329238157e-03
-1.403920324719309320e+01 1.532445878871866853e+03 -3.385070554029479695e+01 0.000000000000000000e+00 0.000000000000000000e+00 1.383516254436756299e-02 8.251400048749754981e-03 6.318446083938041545e-03 5.906655783402073485e-03
-1.526650250091086889e+02 1.332719578070836178e+03 -3.045770034610179522e+01 0.000000000000000000e+00 0.000000000000000000e+00 5.652002205214401442e-02 8.434405112688831210e-03 6.172400897878233331e-03 5.896885205993382222e-03
1.658530712868171406e+02 1.304497263742251107e+03 -3.002468228805859241e+01 0.000000000000000000e+00 0.000000000000000000e+00 -5.908711296314095307e-04 8.502628154009405845e-03 6.122869596007184979e-03 5.912645855336990698e-03
1.907356709755958946e+02 9.618160774135799329e+02 -2.521286979655899074e+01 0.000000000000000000e+00 0.000000000000000000e+00 -1.000462532977053343e-02 8.852039381586511435e-03 5.913065720555769032e-03 5.957964193564166920e-03
-1.674303106617885817e+02 9.656563527160752756e+02 -2.519343500582095885e+01 0.000000000000000000e+00 0.000000000000000000e+00 4.258487783324937936e-02 8.800406564786584021e-03 5.950203666698807535e-03 5.938046957725583511e-03
-3.888462294873807679e+01 8.138365202836151866e+02 -2.327567048833675400e+01 0.000000000000000000e+00 0.000000000000000000e+00 1.714328828454014797e-02 8.971080809998289995e-03 5.863747512371228661e-03 5.980099114197395468e-03
-1.578982249995320046e+02 5.529951345830264700e+02 -2.120014872890531166e+01 0.000000000000000000e+00 0.000000000000000000e+00 8.837880548984600182e-03 9.219815037358672707e-03 5.826561947556406669e-03 6.061923285284434408e-03
-1.579045672618600520e+02 5.530339591013702147e+02 -2.120043776346860298e+01 0.000000000000000000e+00 0.000000000000000000e+00 2.086620693092555712e-02 9.219798616050113235e-03 5.826579620559049592e-03 6.061923858307266717e-03
1.757401831750813130e+02 5.351415202841179735e+02 -2.112405252355421226e+01 0.000000000000000000e+00 0.000000000000000000e+00 -1.579393760292546744e-02 9.284948405471947150e-03 5.786502388921930910e-03 6.089146196658664321e-03
1.757711339406614286e+02 5.351627386215785691e+02 -2.112428371573687969e+01 0.000000000000000000e+00 0.000000000000000000e+00 -6.323630970111793204e-03 9.284949905774044984e-03 5.786514463988756685e-03 6.089152592451611661e-03
2.272486207678766732e+02 2.991157918799338518e+02 -2.003541338462510879e+01 0.000000000000000000e+00 0.000000000000000000e+00 4.581768110252681936e-03 9.534203224508732560e-03 5.787784330784282588e-03 6.201806577735441764e-03
2.272884480276887587e+02 2.990609780505376989e+02 -2.003534889521488083e+01 0.000000000000000000e+00 0.000000000000000000e+00 -1.793568064365658188e-02 9.534219745766622095e-03 5.787772876040298518e-03 6.201808456955111397e-03
-1.651375769319207905e+02 2.243062698257141960e+02 -1.959042172836217333e+01 0.000000000000000000e+00 0.000000000000000000e+00 1.476485446973185844e-02 9.554769624880778481e-03 5.837711806314125479e-03 6.214975405025958272e-03
-1.651208702295935211e+02 2.243351708625909851e+02 -1.959046044137630815e+01 0.000000000000000000e+00 0.000000000000000000e+00 3.453292940926999677e-02 9.554782266215788508e-03 5.837719187792599941e-03 6.214986378740778791e-03
5.435448238664089615e+01 1.005120854883579256e+02 -1.913844298807945776e+01 0.000000000000000000e+00 0.000000000000000000e+00 -5.766702271621682030e-03 9.714124149439246764e-03 5.827056860905237452e-03 6.297943728094761856e-03
-1.616900876973789991e+02 -1.958880258188567041e+02 -1.950663525690888633e+01 0.000000000000000000e+00 0.000000000000000000e+00 -1.067364426194927773e-03 9.987666685591731902e-03 5.985080591551844229e-03 6.476287211170780357e-03
1.868406058251696322e+02 -1.934092128167956730e+02 -1.957082875871939365e+01 0.000000000000000000e+00 0.000000000000000000e+00 4.303857020159185254e-02 1.003611055878051925e-02 5.942045947379605286e-03 6.499226739310487271e-03
2.361350879757925156e+02 -4.564261622630364172e+02 -2.084003853954790486e+01 0.000000000000000000e+00 0.000000000000000000e+00 -6.812025957909639828e-03 1.031470646384794083e-02 6.110909415164141219e-03 6.701641009787055216e-03
2.361310852587968441e+02 -4.565019097855160339e+02 -2.084046946675825751e+01 0.000000000000000000e+00 0.000000000000000000e+00 -3.374294521548293346e-02 1.031472932309829109e-02 6.110949417007116406e-03 6.701669309913717461e-03
-1.639147272018903436e+02 -5.258654037147859981e+02 -2.104776314724761477e+01 0.000000000000000000e+00 0.000000000000000000e+00 3.226114142419689301e-02 1.032861699797878001e-02 6.203315298073705519e-03 6.727413275039452814e-03
3.008962906662095094e+01 -6.865156943618331979e+02 -2.209650489058450162e+01 0.000000000000000000e+00 0.000000000000000000e+00 -7.179709208067208692e-04 1.052340849980229996e-02 6.304747345867862431e-03 6.876453872723476204e-03
-1.514971490510313856e+02 -9.444690276677042675e+02 -2.499384510469227649e+01 0.000000000000000000e+00 0.000000000000000000e+00 1.487925958173264007e-02 1.076453161741006137e-02 6.590328893847228336e-03 7.098045724795503872e-03
1.792073734308930852e+02 -9.508844733388073109e+02 -2.514625507341023081e+01 0.000000000000000000e+00 0.000000000000000000e+00 3.166515302636696561e-02 1.081835982106212762e-02 6.561538075391523325e-03 7.130158678614280376e-03
2.205275011821535713e+02 -1.198324024531861596e+03 -2.871928054775260364e+01 0.000000000000000000e+00 0.000000000000000000e+00 3.572870753032475477e-04 1.108014926642930838e-02 6.848551527774507722e-03 7.377543692104946566e-03
2.205219713817220395e+02 -1.198264746795387055e+03 -2.871834193914099842e+01 0.000000000000000000e+00 0.000000000000000000e+00 3.053074047702608596e-02 1.108014926859341581e-02 6.848487708832495628e-03 7.377514452641304593e-03
-1.591011958511369357e+02 -1.283839078395935758e+03 -2.990481580501752035e+01 0.000000000000000000e+00 0.000000000000000000e+00 -2.480003096173533095e-02 1.111582253353117847e-02 6.988715545857977253e-03 7.434006513716559690e-03
2.443352089278236150e+01 -1.452930613107794670e+03 -3.269884916253127471e+01 0.000000000000000000e+00 0.000000000000000000e+00 -2.549858797138426780e-02 1.131635396282826798e-02 7.182766847689710243e-03 7.626649428820495707e-03
-1.621629394993651943e+02 -1.715623692870753530e+03 -3.828141023283608746e+01 0.000000000000000000e+00 0.000000000000000000e+00 1.599406057029284511e-02 1.156398218274847650e-02 7.579765974843638565e-03 7.902437058394528799e-03
1.835021983360820172e+02 -1.709159148788778339e+03 -3.819763073223923300e+01 0.000000000000000000e+00 0.000000000000000000e+00 4.369480327831354316e-03 1.160314061434917360e-02 7.539898150357623660e-03 7.924226924750175233e-03
1.839256166429156565e+02 -1.709179356742399023e+03 -3.819932252255625826e+01 0.000000000000000000e+00 0.000000000000000000e+00 -3.410649977553248391e-03 1.160320344173783498e-02 7.539932932271109327e-03 7.924282776663257519e-03
2.483461077909690573e+02 -1.952241427582374854e+03 -4.415640215428459214e+01 0.000000000000000000e+00 0.000000000000000000e+00 6.641704220840694006e-02 1.186304689989700796e-02 7.911745053883138812e-03 8.211992843590979613e-03
-1.605948433525365147e+02 -2.036281436528084441e+03 -4.602557776731926964e+01 0.000000000000000000e+00 0.000000000000000000e+00 -4.267957229963315058e-03 1.189686982634383973e-02 8.069116428388155987e-03 8.275773524277166976e-03
2.062845877545885287e+01 -2.201351740669269930e+03 -5.031330596388432497e+01 0.000000000000000000e+00 0.000000000000000000e+00 2.926971871240624523e-02 1.208993261560937366e-02 8.314954931018645259e-03 8.490257750761698655e-03
2.065974402566585510e+01 -2.201345339986865838e+03 -5.031313561190842165e+01 0.000000000000000000e+00 0.000000000000000000e+00 3.784776858377369990e-02 1.208994770679037815e-02 8.314942383072858670e-03 8.490260131148105738e-03
2.067133739414869353e+01 -2.201379831101216951e+03 -5.031411271292277121e+01 0.000000000000000000e+00 0.000000000000000000e+00 3.235274908622187695e-02 1.208997337008307048e-02 8.314998397747663458e-03 8.490298574941702175e-03
-1.570392735916908862e+02 -2.453923930062112959e+03 -5.802056815707025805e+01 0.000000000000000000e+00 0.000000000000000000e+00 -2.750909701982351407e-02 1.232980004447527603e-02 8.759036249083864203e-03 8.789571983868257193e-03
1.853338704348529689e+02 -2.453146834583528289e+03 -5.807278904833164290e+01 0.000000000000000000e+00 0.000000000000000000e+00 -2.444733718070324358e-02 1.237023292411561746e-02 8.736167949126984883e-03 8.818864651855868805e-03
1.866626255485671777e+02 -2.452670567782288344e+03 -5.806180381222340259e+01 0.000000000000000000e+00 0.000000000000000000e+00 -1.274979907662299183e-02 1.236994077412492156e-02 8.735369965109953533e-03 8.818401787206350470e-03
1.866635475332567182e+02 -2.452673193477833593e+03 -5.806188861138191726e+01 0.000000000000000000e+00 0.000000000000000000e+00 -2.614587402209167522e-02 1.236991573930984814e-02 8.735375218125932331e-03 8.818394074119445189e-03
2.306963029795757052e+02 -2.771325678952300223e+03 -6.876644071068666619e+01 0.000000000000000000e+00 0.000000000000000000e+00 1.294467185607572901e-02 1.270297426205370395e-02 9.299544386219901412e-03 9.233023467290145739e-03
-1.242211484187379540e+02 -2.783411741849556165e+03 -6.889457074405353865e+01 0.000000000000000000e+00 0.000000000000000000e+00 5.691656497454289365e-02 1.267382077630887019e-02 9.334371264838700610e-03 9.216359971649502533e-03
4.369945544119986636e+01 -2.966578292436764059e+03 -7.541613763620215138e+01 0.000000000000000000e+00 0.000000000000000000e+00 6.137789578191643614e-02 1.288056962088459517e-02 9.655934459990491575e-03 9.473201747199700221e-03
4.247717254061716119e+01 -2.967248134246100562e+03 -7.544024598978144525e+01 0.000000000000000000e+00 0.000000000000000000e+00 5.548466188189138393e-02 1.288110627597744209e-02 9.657216186371499547e-03 9.473978661716640770e-03
4.252673509943014096e+01 -2.967253888497576554e+03 -7.544049290155433596e+01 0.000000000000000000e+00 0.000000000000000000e+00 4.291932237454432197e-02 1.288109164015642343e-02 9.657226882302019297e-03 9.473981414941793841e-03
-1.288862629322944997e+02 -3.202702670908757682e+03 -8.462038545279726520e+01 0.000000000000000000e+00 0.000000000000000000e+00 -1.695454408961438730e-02 1.310499648193699969e-02 1.010813154954993964e-02 9.776118177900566114e-03
1.796299678611149204e+02 -3.201493165056516773e+03 -8.469283090238701561e+01 0.000000000000000000e+00 0.000000000000000000e+00 1.739322144807431414e-02 1.313712855211363398e-02 1.009415957678560551e-02 9.802765471304869874e-03
1.796210602054846674e+02 -3.201468604329823393e+03 -8.469183000754820512e+01 0.000000000000000000e+00 0.000000000000000000e+00 2.424840775995562581e-02 1.313711665823445729e-02 1.009411155463811605e-02 9.802736091878445218e-03
-8.279231752581532646e+02 -3.220705513035941294e+03 -9.046874483014252633e+01 0.000000000000000000e+00 0.000000000000000000e+00 6.088177128944494143e-02 1.307974712612558661e-02 1.029871397094942256e-02 9.752192028595058418e-03
-8.279195410779558415e+02 -3.220709988718081149e+03 -9.046887661208279496e+01 0.000000000000000000e+00 0.000000000000000000e+00 5.842452156100819138e-02 1.307974695808641549e-02 1.029872123996913511e-02 9.752196526858531930e-03
-4.805646637987700842e+02 -3.203048780290376271e+03 -8.628283351529552192e+01 0.000000000000000000e+00 0.000000000000000000e+00 6.089222887952416841e-02 1.307766440390137862e-02 1.016558977775082473e-02 9.749535091013620397e-03
-4.805649485005492352e+02 -3.202995526252649142e+03 -8.628072154069749899e+01 0.000000000000000000e+00 0.000000000000000000e+00 7.525079954578473007e-02 1.307763865742449932e-02 1.016548822864818055e-02 9.749473084588875654e-03
-6.227353221136041839e+02 -2.966190807166420200e+03 -7.839706105619009691e+01 0.000000000000000000e+00 0.000000000000000000e+00 5.811330837646266900e-02 1.282205786882940381e-02 9.768555784554645155e-03 9.421943798453942184e-03
-6.227522726343635213e+02 -2.966181899352256551e+03 -7.839689425145839152e+01 0.000000000000000000e+00 0.000000000000000000e+00 6.013398505560019203e-02 1.282205166897311399e-02 9.768544620501180484e-03 9.421932463489983423e-03
-8.088489507671614547e+02 -2.780168386198111875e+03 -7.376632662635404358e+01 0.000000000000000000e+00 0.000000000000000000e+00 2.812468770916609628e-02 1.261588996347466456e-02 9.503866582629043672e-03 9.166905465719200549e-03
-4.746876578958077744e+02 -2.779832137593110929e+03 -7.040990033181340380e+01 0.000000000000000000e+00 0.000000000000000000e+00 2.194235368830277366e-02 1.263775690932962895e-02 9.393350416275311060e-03 9.185575021550599489e-03
-4.746747330424536244e+02 -2.779749612658811202e+03 -7.040691243149434797e+01 0.000000000000000000e+00 0.000000000000000000e+00 5.077980153424732634e-02 1.263773127153271399e-02 9.393198108351385328e-03 9.185490589729753894e-03
-8.239341923540033577e+02 -2.463513731712218942e+03 -6.347465671215623217e+01 0.000000000000000000e+00 0.000000000000000000e+00 1.276285781578962997e-01 1.227997254104969821e-02 8.973034158589059811e-03 8.760845507023842793e-03
-4.683101356613288431e+02 -2.449848756501954085e+03 -5.942986850041717162e+01 0.000000000000000000e+00 0.000000000000000000e+00 4.748089045629200200e-02 1.229414200145216400e-02 8.819373218318070362e-03 8.762384829849706111e-03
-6.668847948019082423e+02 -2.196764376360135429e+03 -5.370959447179384938e+01 0.000000000000000000e+00 0.000000000000000000e+00 9.334528917661799596e-02 1.201051880402680128e-02 8.472884514729502048e-03 8.437991711229339900e-03
-8.029306399632537250e+02 -2.025762649497512029e+03 -5.067419306973162918e+01 0.000000000000000000e+00 0.000000000000000000e+00 1.266175382086487389e-01 1.181696030645408742e-02 8.269283027557392668e-03 8.226967917759743162e-03
-4.847570038809645325e+02 -2.026099217897433164e+03 -4.742628419874868939e+01 0.000000000000000000e+00 0.000000000000000000e+00 1.813697967403271605e-02 1.184923265392362826e-02 8.135766163275463467e-03 8.242144885457929060e-03
-8.014783726225729197e+02 -1.697951783814278770e+03 -4.281694632920239485e+01 0.000000000000000000e+00 0.000000000000000000e+00 8.686291061862760898e-02 1.146855815388365257e-02 7.792982687299699306e-03 7.849205930010413890e-03
-4.958383481834230793e+02 -1.676948001602621844e+03 -3.919259395963831594e+01 0.000000000000000000e+00 0.000000000000000000e+00 4.005663607357234923e-02 1.148200906114390032e-02 7.619991090484124971e-03 7.838137006323638023e-03
-4.958983759429499969e+02 -1.676933057720741090e+03 -3.919274705643773871e+01 0.000000000000000000e+00 0.000000000000000000e+00 3.780024544737869974e-02 1.148198149298014677e-02 7.619992636572805664e-03 7.838115041034402972e-03
-6.476915985642914393e+02 -1.447492803832699565e+03 -3.595698493273204122e+01 0.000000000000000000e+00 0.000000000000000000e+00 8.681096229638285422e-02 1.122181073060673183e-02 7.375766932187131052e-03 7.580433042721536514e-03
-8.068135105255109920e+02 -1.303749902794879972e+03 -3.525737745502344467e+01 0.000000000000000000e+00 0.000000000000000000e+00 8.149244249729292733e-02 1.104883308714687921e-02 7.285439025446801241e-03 7.424969089459703547e-03
-5.142143658580644114e+02 -1.261879655678096697e+03 -3.146436262393318017e+01 0.000000000000000000e+00 0.000000000000000000e+00 1.329690166974017984e-02 1.104411008049943285e-02 7.078764626601066583e-03 7.391451490536981098e-03
-8.156370862505606283e+02 -9.586704163649538941e+02 -3.032867072697488808e+01 0.000000000000000000e+00 0.000000000000000000e+00 4.378687497362321324e-02 1.068150147563753233e-02 6.908923218425749684e-03 7.084812517134670383e-03
-4.698260075436164129e+02 -9.596007383431733615e+02 -2.677130326893410839e+01 0.000000000000000000e+00 0.000000000000000000e+00 5.855465728313902218e-02 1.073393100135136904e-02 6.714580732952120379e-03 7.095298547916236570e-03
-6.592657984533258286e+02 -7.162219843874581784e+02 -2.585298419598080599e+01 0.000000000000000000e+00 0.000000000000000000e+00 -1.642507990683839125e-02 1.045018587232322133e-02 6.578737318472184688e-03 6.868093867262612014e-03
-6.592733344376151763e+02 -7.162055806237799516e+02 -2.585291208344487046e+01 0.000000000000000000e+00 0.000000000000000000e+00 -1.819365910641579376e-02 1.045016390676507118e-02 6.578726546735351455e-03 6.868077418799699123e-03
-8.414663622461326895e+02 -5.420396314500295603e+02 -2.662924809799068981e+01 0.000000000000000000e+00 0.000000000000000000e+00 2.472743534696775214e-02 1.023811947591971201e-02 6.560556733483715978e-03 6.719439088375127322e-03
-8.426007022687613244e+02 -5.419198727019438593e+02 -2.664371677156820439e+01 0.000000000000000000e+00 0.000000000000000000e+00 6.452889617689905322e-02 1.023788539114674559e-02 6.561339038059664161e-03 6.719385554799804650e-03
-8.428993244964825635e+02 -5.419899096502390421e+02 -2.664824142185660349e+01 0.000000000000000000e+00 0.000000000000000000e+00 2.937785348180099732e-02 1.023783799183892659e-02 6.561595020225957989e-03 6.719400688323281558e-03
-4.733371854287321980e+02 -5.357045283532239637e+02 -2.270076905424054559e+01 0.000000000000000000e+00 0.000000000000000000e+00 1.787404215485821624e-02 1.029115525077363251e-02 6.326857128751439165e-03 6.720943189293389179e-03
-8.416793951885424576e+02 -2.163046707894832821e+02 -2.503101530263638708e+01 0.000000000000000000e+00 0.000000000000000000e+00 -1.183237297000161448e-02 9.898394639751045138e-03 6.354755465258567042e-03 6.473265993754753582e-03
-4.750635182508316348e+02 -2.036047313939746459e+02 -2.112838610716486443e+01 0.000000000000000000e+00 0.000000000000000000e+00 5.004421337162057171e-03 9.946544301121681281e-03 6.110961771975697600e-03 6.468632439008907553e-03
-6.576927552592234179e+02 3.253351408565107050e+01 -2.252124001456839508e+01 0.000000000000000000e+00 0.000000000000000000e+00 -1.479393483343116600e-02 9.673445251954675139e-03 6.116056689585677546e-03 6.310892887313642938e-03
-8.099481137077440280e+02 2.080220937590630683e+02 -2.456925809140921402e+01 0.000000000000000000e+00 0.000000000000000000e+00 -1.148036462170765049e-02 9.469235486963965137e-03 6.177564323159035961e-03 6.210959036697614837e-03
-8.099306997914318345e+02 2.080281003534308013e+02 -2.456904875268519461e+01 0.000000000000000000e+00 0.000000000000000000e+00 -3.744519937214363381e-03 9.469247890021950317e-03 6.177556126284658791e-03 6.210965631828051399e-03
-4.910949831253614093e+02 2.183651989215800313e+02 -2.128451661692064434e+01 0.000000000000000000e+00 0.000000000000000000e+00 1.856551355939473069e-02 9.510655369024192951e-03 5.968845864702002242e-03 6.206973491279379335e-03
-8.447255192996341293e+02 5.307963959287642410e+02 -2.652812183071700858e+01 0.000000000000000000e+00 0.000000000000000000e+00 8.212302976333418769e-02 9.141130318418259557e-03 6.180218382163556352e-03 6.061395526235828154e-03
-8.447476633638614203e+02 5.308056134891543252e+02 -2.652848065786093201e+01 0.000000000000000000e+00 0.000000000000000000e+00 7.971454246325038184e-02 9.141113058070551162e-03 6.180233655732040969e-03 6.061389067536032682e-03
-8.447153642395916222e+02 5.308212640826714050e+02 -2.652815172757304651e+01 0.000000000000000000e+00 0.000000000000000000e+00 9.018713435893133123e-02 9.141123460098760437e-03 6.180219127215092444e-03 6.061396263657233344e-03
-4.693861305729160449e+02 5.436070258139963016e+02 -2.269163190304378119e+01 0.000000000000000000e+00 0.000000000000000000e+00 4.049433415711334305e-02 9.184185176477876675e-03 5.942491248310120128e-03 6.056057553688680081e-03
-4.674399755610464808e+02 5.436756748865311692e+02 -2.267758465604097040e+01 0.000000000000000000e+00 0.000000000000000000e+00 4.930198194135115841e-02 9.184419349852809139e-03 5.941539619059658592e-03 6.056074632023003210e-03
-4.655013305654809415e+02 5.435604250626302019e+02 -2.266238529473263341e+01 0.000000000000000000e+00 0.000000000000000000e+00 3.714210743057222430e-02 9.184795869259987713e-03 5.940558044795294507e-03 6.056136321134115985e-03
-8.370491388624922138e+02 9.614953082049405566e+02 -3.046339752972733805e+01 0.000000000000000000e+00 0.000000000000000000e+00 2.897017824046344003e-02 8.724794552639018874e-03 6.266196381312662787e-03 5.933040173324562704e-03
-4.936091880022048599e+02 9.668069312829945829e+02 -2.691489639635693720e+01 0.000000000000000000e+00 0.000000000000000000e+00 5.609089401261613261e-02 8.758628187077970376e-03 6.066308924245796506e-03 5.930098702673895598e-03
-4.935580456668678835e+02 9.668031112648460521e+02 -2.691445032766914736e+01 0.000000000000000000e+00 0.000000000000000000e+00 5.528666147080230076e-02 8.758636468420649690e-03 6.066282292564487491e-03 5.930098821189624947e-03
-8.417523188053030481e+02 1.294196992738355448e+03 -3.521364651156075354e+01 0.000000000000000000e+00 0.000000000000000000e+00 4.497962300085589504e-03 8.413278115010676059e-03 6.434281779611549824e-03 5.893775350524961022e-03
-4.741045454576489533e+02 1.284320175518441829e+03 -3.125114722804071477e+01 0.000000000000000000e+00 0.000000000000000000e+00 -1.105544603652930391e-02 8.449399673586035706e-03 6.235218406247917088e-03 5.891690958582359097e-03
-6.880574247237623240e+02 1.547960522830858054e+03 -3.785529475635879493e+01 0.000000000000000000e+00 0.000000000000000000e+00 -2.118047309689075064e-02 8.185286124831209556e-03 6.530867281944879865e-03 5.897342986786698223e-03
-6.880410214682851802e+02 1.548033749444169644e+03 -3.785652541412558492e+01 0.000000000000000000e+00 0.000000000000000000e+00 7.768892145065819932e-03 8.185274389735680556e-03 6.530953284428693204e-03 5.897389905870640929e-03
-8.426491005495513491e+02 1.707730698351570027e+03 -4.292262527163153152e+01 0.000000000000000000e+00 0.000000000000000000e+00 -1.555987439702732900e-02 8.040345908790581808e-03 6.746077289395031006e-03 5.919448301618998771e-03
-5.206220170109102128e+02 1.716911901977325670e+03 -3.969389262404827434e+01 0.000000000000000000e+00 0.000000000000000000e+00 -3.650599083606209661e-03 8.031862196022624203e-03 6.611208698465812460e-03 5.918055959368751298e-03
-8.368032101356410521e+02 2.062462499698439387e+03 -5.106859001492674111e+01 0.000000000000000000e+00 0.000000000000000000e+00 3.785692608308011131e-02 7.730802161759165250e-03 7.096122747493586840e-03 6.006948942596788618e-03
-5.291441033714643254e+02 2.055463644304420086e+03 -4.763931693730604877e+01 0.000000000000000000e+00 0.000000000000000000e+00 4.983820350336287675e-02 7.715785031615102207e-03 6.975195051210508930e-03 6.001950616799230434e-03
-5.291719029973220358e+02 2.055469105173739990e+03 -4.763968276399418755e+01 0.000000000000000000e+00 0.000000000000000000e+00 4.547281782857481858e-02 7.715772528596595396e-03 6.975204485442781065e-03 6.001946271893664892e-03
-6.660712774820565301e+02 2.287143912164196081e+03 -5.506054962905345462e+01 0.000000000000000000e+00 0.000000000000000000e+00 5.061804955190041255e-03 7.515202151974998031e-03 7.297835031281873705e-03 6.090653520255355849e-03
-4.785428417963008769e+02 2.446511182517109773e+03 -5.800415753399221330e+01 0.000000000000000000e+00 0.000000000000000000e+00 -8.602182976957806204e-03 7.354644193798925284e-03 7.456627145963439646e-03 6.164549612802381826e-03
-4.785833665815124505e+02 2.446500010691674106e+03 -5.800412294878525188e+01 0.000000000000000000e+00 0.000000000000000000e+00 -6.001933116579039051e-03 7.354662024101573693e-03 7.456624187370418898e-03 6.164547579576477344e-03
-8.680904741547055892e+02 2.516872425170221504e+03 -6.414221273913935306e+01 0.000000000000000000e+00 0.000000000000000000e+00 4.547564951536742228e-02 7.354056256573692288e-03 7.658920259042295911e-03 6.204222615054670945e-03
-8.477489408453866417e+02 2.822922852705777586e+03 -7.372325107751657924e+01 0.000000000000000000e+00 0.000000000000000000e+00 6.014267625133129513e-03 7.098184116131664619e-03 8.078264056248186595e-03 6.386243819994511309e-03
-5.339589900051128097e+02 2.805634655794044193e+03 -6.984429999201196892e+01 0.000000000000000000e+00 0.000000000000000000e+00 1.350066148457074178e-02 7.039876146894055546e-03 7.982332893031055324e-03 6.372000696572604345e-03
-6.692427161250976724e+02 3.047221258726478482e+03 -7.955607497143287787e+01 0.000000000000000000e+00 0.000000000000000000e+00 -1.852733224708913440e-03 6.860964168035038786e-03 8.377986787099151941e-03 6.541162577036685466e-03
-8.580190694864144234e+02 3.203068933771457523e+03 -8.752711440762450934e+01 0.000000000000000000e+00 0.000000000000000000e+00 -1.243658203834741016e-02 6.798461207575920429e-03 8.660115539108519458e-03 6.663399034590770757e-03
-5.114707101109478913e+02 3.207521479414822352e+03 -8.412939540103518254e+01 0.000000000000000000e+00 0.000000000000000000e+00 1.435837419637664425e-02 6.688499447453019608e-03 8.608473861476622843e-03 6.663181059142126751e-03
-1.522239038168275329e+03 3.185218201075424076e+03 -9.868344205568061511e+01 0.000000000000000000e+00 0.000000000000000000e+00 -6.707508019616170714e-03 7.212395106286147335e-03 8.795045557386102150e-03 6.663127874090173097e-03
-1.147649768709036607e+03 3.195742233879068408e+03 -9.160565675771100302e+01 0.000000000000000000e+00 0.000000000000000000e+00 1.334798793234881487e-02 6.948089806773208310e-03 8.711860714397357333e-03 6.662632318049033220e-03
-1.359698909350983740e+03 3.094299878744465786e+03 -9.181272889752426636e+01 0.000000000000000000e+00 0.000000000000000000e+00 -2.890398814909644898e-02 7.149242366428262829e-03 8.615789138030209224e-03 6.588697767557238384e-03
-1.359800885381477883e+03 3.094295558033673842e+03 -9.181464850518594289e+01 0.000000000000000000e+00 0.000000000000000000e+00 -2.019692260718386478e-02 7.149326545962887865e-03 8.615823604382222972e-03 6.588708394871685241e-03
-1.359769866004612823e+03 3.094331151127261364e+03 -9.181531982920830615e+01 0.000000000000000000e+00 0.000000000000000000e+00 -1.850037919345481896e-02 7.149285621410637372e-03 8.615868587308625828e-03 6.588736740714183984e-03
-1.525600132971590938e+03 2.844732590087049175e+03 -8.661921445992410895e+01 0.000000000000000000e+00 0.000000000000000000e+00 4.569818929431335164e-02 7.412327497405426548e-03 8.327315366560545870e-03 6.416852535723448041e-03
-1.149344933432322932e+03 2.792855575476577542e+03 -7.727714126873219413e+01 0.000000000000000000e+00 0.000000000000000000e+00 5.027398741846411667e-02 7.237217077520310266e-03 8.124000666131385440e-03 6.372415995486508528e-03
-1.147963814287986452e+03 2.792393215437487925e+03 -7.723765858426867226e+01 0.000000000000000000e+00 0.000000000000000000e+00 5.063317754594720554e-02 7.236925982251570834e-03 8.122912573281326418e-03 6.372086581213234555e-03
-1.146603984870146633e+03 2.792186139488248955e+03 -7.720710799776755096e+01 0.000000000000000000e+00 0.000000000000000000e+00 3.911765503980291214e-02 7.236441166061194884e-03 8.122168030606936179e-03 6.371906137149227836e-03
-1.522760382209849695e+03 2.516716915868783872e+03 -7.606172547635142678e+01 0.000000000000000000e+00 0.000000000000000000e+00 1.778960875950019727e-02 7.602774890487439506e-03 7.928228663091929293e-03 6.222829791559236594e-03
-1.185553480758087744e+03 2.467734484850851004e+03 -6.764303463175681941e+01 0.000000000000000000e+00 0.000000000000000000e+00 -1.264540566482708073e-02 7.487738422899170403e-03 7.715957675425346579e-03 6.185724783832998591e-03
-1.337497416568688323e+03 2.349053764114860314e+03 -6.712059110530833550e+01 0.000000000000000000e+00 0.000000000000000000e+00 3.530144352950514985e-03 7.626926457073197885e-03 7.649219917857924718e-03 6.133743782954578436e-03
-1.131585817474569922e+03 2.035902949545123192e+03 -5.488427707403140232e+01 0.000000000000000000e+00 0.000000000000000000e+00 -3.333429876867199937e-02 7.797270909385736228e-03 7.212115995641436329e-03 6.005852627621491129e-03
-1.131583999995759768e+03 2.035944571431747590e+03 -5.488527955586332041e+01 0.000000000000000000e+00 0.000000000000000000e+00 -1.956608141833982017e-02 7.797263238735138886e-03 7.212173144886100187e-03 6.005884873092089474e-03
-1.131581269365644175e+03 2.035951649610891309e+03 -5.488540776295609191e+01 0.000000000000000000e+00 0.000000000000000000e+00 -1.457246367750997251e-02 7.797266286219199129e-03 7.212184759395940184e-03 6.005893976137756558e-03
-1.498720555909473660e+03 1.770103568587112477e+03 -5.616648627307446873e+01 0.000000000000000000e+00 0.000000000000000000e+00 8.714144894497621863e-03 8.060956811059552182e-03 7.228679200898783727e-03 5.957259563898077877e-03
-1.169638995488980981e+03 1.727714513238506015e+03 -4.846169280614789443e+01 0.000000000000000000e+00 0.000000000000000000e+00 2.946031849527486202e-02 8.044750080234034512e-03 6.958437588072392474e-03 5.932902091348468167e-03
-1.332811640891153047e+03 1.592725234468940926e+03 -4.887999043293174140e+01 0.000000000000000000e+00 0.000000000000000000e+00 -2.631494932891342842e-02 8.165134860745217396e-03 6.978177678653841795e-03 5.922536895840169353e-03
-1.332882868211382856e+03 1.592764316551700631e+03 -4.888222929303298514e+01 0.000000000000000000e+00 0.000000000000000000e+00 -1.380844474620346318e-02 8.165135078950058745e-03 6.978273169360189182e-03 5.922562172964564685e-03
-1.501196135745634365e+03 1.340839780899877724e+03 -4.805307035437540719e+01 0.000000000000000000e+00 0.000000000000000000e+00 -2.715111243792733831e-02 8.364878043812321029e-03 6.985034978364144248e-03 5.923459759927787206e-03
-1.501176655878719885e+03 1.340827146234337988e+03 -4.805240700049867542e+01 0.000000000000000000e+00 0.000000000000000000e+00 -3.276952640285202278e-02 8.364876078191738062e-03 6.985005102749831940e-03 5.923450888564564185e-03
-1.501298493373761858e+03 1.340822510578545462e+03 -4.805517822889019897e+01 0.000000000000000000e+00 0.000000000000000000e+00 -3.454864150676684176e-02 8.364880038925336797e-03 6.985116440361341557e-03 5.923457341672489808e-03
-1.155094127251087230e+03 1.339561265398258229e+03 -4.085866988582360193e+01 0.000000000000000000e+00 0.000000000000000000e+00 -4.764592236649178858e-02 8.362385342128306545e-03 6.683828927125454698e-03 5.903010042393210671e-03
-1.480524106939266176e+03 9.737669716235195665e+02 -4.234068186195052874e+01 0.000000000000000000e+00 0.000000000000000000e+00 -2.316461247036016857e-02 8.654934474084325161e-03 6.839713240206147377e-03 5.961658587678754506e-03
-1.202350294568807840e+03 9.956292751933899581e+02 -3.675030847539304801e+01 0.000000000000000000e+00 0.000000000000000000e+00 -4.683145820951040150e-02 8.658039950001861218e-03 6.572829510344344560e-03 5.939759091969064493e-03
-1.202379131955609637e+03 9.956500832871546436e+02 -3.675111122097321470e+01 0.000000000000000000e+00 0.000000000000000000e+00 -3.727932780433462767e-02 8.658037916631533201e-03 6.572871786705737109e-03 5.939769896237695294e-03
-1.344508761594766383e+03 8.397705175155014103e+02 -3.782125386973788750e+01 0.000000000000000000e+00 0.000000000000000000e+00 -2.009405120033846970e-02 8.782518838582312540e-03 6.670429909371201026e-03 5.981992567798707569e-03
-1.344554258802005734e+03 8.397572914625168323e+02 -3.782207843921190715e+01 0.000000000000000000e+00 0.000000000000000000e+00 -2.310711397526432620e-02 8.782519664586664263e-03 6.670470970446344336e-03 5.981994792351745006e-03
-1.344534052949016541e+03 8.397635909798932516e+02 -3.782171666700083534e+01 0.000000000000000000e+00 0.000000000000000000e+00 -3.079023404875158576e-02 8.782500980786325795e-03 6.670444431024812396e-03 5.981981518867896495e-03
-1.471554309614884232e+03 5.585448809054093999e+02 -3.820451825823839442e+01 0.000000000000000000e+00 0.000000000000000000e+00 1.439957882931963695e-02 9.019641071590636314e-03 6.782997255673093619e-03 6.079769774501722797e-03
-1.184926846611597057e+03 5.753589448038524097e+02 -3.231091022291074921e+01 0.000000000000000000e+00 0.000000000000000000e+00 1.082899459737518555e-02 9.046705530927233105e-03 6.480121719479872526e-03 6.055625036149498569e-03
-1.144537822528232709e+03 2.687548362644878921e+02 -2.995468075935607644e+01 0.000000000000000000e+00 0.000000000000000000e+00 4.245675393522674312e-02 9.351539517632604173e-03 6.459339239247648308e-03 6.188183154671293880e-03
-1.482925746205244195e+03 2.533820362227851888e+02 -3.695080977789960741e+01 0.000000000000000000e+00 0.000000000000000000e+00 2.053004749207332225e-02 9.306841276999155976e-03 6.826706804729239068e-03 6.215252599376709826e-03
-1.285725017726682836e+03 8.929986343409150606e+01 -3.228935008242538629e+01 0.000000000000000000e+00 0.000000000000000000e+00 2.786487987494012941e-02 9.505709579055504274e-03 6.644972971373684471e-03 6.291361019770719439e-03
-1.538875477441815065e+03 -1.755803138510699171e+02 -3.814084565651739922e+01 0.000000000000000000e+00 0.000000000000000000e+00 1.425374207440910368e-02 9.728161960672946501e-03 7.029308037304196795e-03 6.470895668251433301e-03
-1.538861334957747886e+03 -1.755548288241903094e+02 -3.814044020085354703e+01 0.000000000000000000e+00 0.000000000000000000e+00 3.344383588765253990e-02 9.728176862508578285e-03 7.029292207966545379e-03 6.470900965514640377e-03
-1.153422916689563635e+03 -1.570076866311097206e+02 -2.985246243071640748e+01 0.000000000000000000e+00 0.000000000000000000e+00 1.095208903459621297e-02 9.781653994521565323e-03 6.600700883618189178e-03 6.438768134251681916e-03
-1.518590663081181674e+03 -4.944242437534306873e+02 -3.905347132930863552e+01 0.000000000000000000e+00 0.000000000000000000e+00 3.026193263546872458e-02 1.006859757053480027e-02 7.176035427519331447e-03 6.700012752514789179e-03
-1.170818183989131740e+03 -5.134679141324796774e+02 -3.173427846772668204e+01 0.000000000000000000e+00 0.000000000000000000e+00 3.308252157964020057e-02 1.015166581402363044e-02 6.821596628938267869e-03 6.700459866404578045e-03
-1.170770635299131982e+03 -5.134827039788356160e+02 -3.173348833690535997e+01 0.000000000000000000e+00 0.000000000000000000e+00 2.434595544194095851e-02 1.015167224554128743e-02 6.821556308267228905e-03 6.700460163113488958e-03
-1.314849773981225781e+03 -7.131470115912169376e+02 -3.617562848295364830e+01 0.000000000000000000e+00 0.000000000000000000e+00 -3.889981494374694648e-02 1.033965133921706248e-02 7.110421868590840327e-03 6.869112406760230667e-03
-1.499545213138073223e+03 -9.663518821737221742e+02 -4.305533815572729850e+01 0.000000000000000000e+00 0.000000000000000000e+00 -1.866416251110081248e-02 1.058504694769948212e-02 7.514183109132254249e-03 7.100655089021976410e-03
-1.499492748999680771e+03 -9.663144418144604515e+02 -4.305362290178957352e+01 0.000000000000000000e+00 0.000000000000000000e+00 -2.124145642689256874e-03 1.058504666854872926e-02 7.514101666801838164e-03 7.100636397327633915e-03
-1.160477638796921610e+03 -9.382538762586682424e+02 -3.553032337694375542e+01 0.000000000000000000e+00 0.000000000000000000e+00 1.666625657605180777e-02 1.060710841107610596e-02 7.158726770515178375e-03 7.065683123452997511e-03
-1.505163230396583231e+03 -1.231632272291248228e+03 -4.694134429368527606e+01 0.000000000000000000e+00 0.000000000000000000e+00 5.795556369086796167e-03 1.087747562179705411e-02 7.774787976195286082e-03 7.354863659689642001e-03
-1.505126541958185044e+03 -1.231572431983063325e+03 -4.693952185994254478e+01 0.000000000000000000e+00 0.000000000000000000e+00 2.312102745337085707e-02 1.087744828140201764e-02 7.774696292810673488e-03 7.354821085003867762e-03
-1.183692455025171057e+03 -1.258643407134175732e+03 -4.050435652781040119e+01 0.000000000000000000e+00 0.000000000000000000e+00 4.295362149218817649e-02 1.095007195521501345e-02 7.507827177860015681e-03 7.375893346718721995e-03
-1.361501699580958984e+03 -1.465431584852959986e+03 -4.772521836369872972e+01 0.000000000000000000e+00 0.000000000000000000e+00 -4.384500670865065786e-02 1.115366097156781505e-02 7.896829962669514591e-03 7.590961954039069336e-03
-1.361479039112162127e+03 -1.465321963439207366e+03 -4.772266687662241225e+01 0.000000000000000000e+00 0.000000000000000000e+00 -1.403517854299707324e-03 1.115362690330056958e-02 7.896694541942139711e-03 7.590888420185844081e-03
-1.514332898900285954e+03 -1.676313730939312791e+03 -5.544411922489734224e+01 0.000000000000000000e+00 0.000000000000000000e+00 -2.160973109612314147e-01 1.137104655963390963e-02 8.287110714288505389e-03 7.819971907922152604e-03
-1.179526073000058886e+03 -1.678314797345781244e+03 -4.835029687269420151e+01 0.000000000000000000e+00 0.000000000000000000e+00 -4.240718131386245204e-02 1.140645984857698719e-02 8.012723170556979371e-03 7.820347747592732573e-03
-1.462594078236740415e+03 -1.998558130802276764e+03 -6.177608040155024582e+01 0.000000000000000000e+00 0.000000000000000000e+00 1.485572130943069169e-02 1.173421606904954256e-02 8.663821633657845314e-03 8.184010915278613560e-03
-1.462519088425123755e+03 -1.998560930321379146e+03 -6.177442849045327478e+01 0.000000000000000000e+00 0.000000000000000000e+00 8.782964491118150363e-03 1.173421224629253232e-02 8.663763806950941504e-03 8.184008354644833894e-03
-1.124153892479022261e+03 -1.986404287614537907e+03 -5.456790940701014847e+01 0.000000000000000000e+00 0.000000000000000000e+00 5.327133740606626588e-02 1.174620140302524290e-02 8.397836998422973306e-03 8.171954489432716948e-03
-1.124181292909255035e+03 -1.986453686748049677e+03 -5.456965030851674214e+01 0.000000000000000000e+00 0.000000000000000000e+00 3.635492450167987499e-02 1.174621883359315035e-02 8.397923770898133369e-03 8.171996453933313628e-03
-1.124204139425641870e+03 -1.986444073930359309e+03 -5.456981249743622442e+01 0.000000000000000000e+00 0.000000000000000000e+00 2.848242988364546591e-02 1.174619080626044393e-02 8.397923786251612274e-03 8.171977674901523964e-03
-1.288705618489695098e+03 -2.221009424028353351e+03 -6.397900056814772540e+01 0.000000000000000000e+00 0.000000000000000000e+00 -4.630681209809495158e-02 1.198972837522458562e-02 8.853588168207533748e-03 8.448557916629169037e-03
-1.473865472043779164e+03 -2.472355232065828204e+03 -7.541554368493507354e+01 0.000000000000000000e+00 0.000000000000000000e+00 -3.934190692240235876e-02 1.225831470209845682e-02 9.364540616928635972e-03 8.755116038746272103e-03
-1.473834222209574136e+03 -2.472377893191889598e+03 -7.541553175747033322e+01 0.000000000000000000e+00 0.000000000000000000e+00 -5.194216720515498764e-02 1.225831592946988874e-02 9.364552298024792290e-03 8.755134025325097408e-03
-1.096890309857204556e+03 -2.469442084505873027e+03 -6.777097666703026846e+01 0.000000000000000000e+00 0.000000000000000000e+00 -1.822853812674907203e-01 1.226923543804884879e-02 9.120180800393862600e-03 8.758227988830673966e-03
-1.494359920244945670e+03 -2.792846110576479987e+03 -8.641627016117541871e+01 0.000000000000000000e+00 0.000000000000000000e+00 -5.376710334354584120e-02 1.261141948517831637e-02 9.886898809546051589e-03 9.161576850084183002e-03
-1.494421939782332629e+03 -2.792842612579409433e+03 -8.641757263934140099e+01 0.000000000000000000e+00 0.000000000000000000e+00 -4.362484411115019611e-02 1.261143553016842202e-02 9.886933785911055511e-03 9.161579376093079846e-03
-1.146559393406723984e+03 -2.777145493496122072e+03 -7.878803610941574220e+01 0.000000000000000000e+00 0.000000000000000000e+00 -1.502487267738672472e-02 1.259882332059318079e-02 9.655125980238939143e-03 9.149329059091788202e-03
-1.299659987311772284e+03 -2.887613786832782353e+03 -8.557638811016047953e+01 0.000000000000000000e+00 0.000000000000000000e+00 -8.771133917365148136e-02 1.271531556416357137e-02 9.925710290727486271e-03 9.288774411267401721e-03
-1.299740081677857688e+03 -2.887587507865621774e+03 -8.557704679756241717e+01 0.000000000000000000e+00 0.000000000000000000e+00 -6.897274207791781464e-02 1.271532348053660069e-02 9.925710770417248141e-03 9.288752323585277443e-03
-1.474608488493792947e+03 -3.143802336398629450e+03 -9.879830692195453423e+01 0.000000000000000000e+00 0.000000000000000000e+00 -6.138728828361195156e-03 1.299590615994603883e-02 1.046382196842325814e-02 9.623633121402923665e-03
-1.132455624197871657e+03 -3.192476313879998997e+03 -9.391148652191213841e+01 0.000000000000000000e+00 0.000000000000000000e+00 -6.346827048696468410e-02 1.304436435926147227e-02 1.037105870211428062e-02 9.699700422700833005e-03
-2.192303840772829517e+03 3.181161122948820775e+03 -1.169816150935965879e+02 0.000000000000000000e+00 0.000000000000000000e+00 2.035280494592939249e-02 7.859570388875374361e-03 9.006894939762213892e-03 6.681749458544288325e-03
-1.868380388789554672e+03 3.199748496161127150e+03 -1.079525435695619535e+02 0.000000000000000000e+00 0.000000000000000000e+00 -1.041508380772881992e-02 7.511378350945330067e-03 8.921481100341839207e-03 6.684897234464356325e-03
-1.868373605292195407e+03 3.199803868033603976e+03 -1.079544269984286586e+02 0.000000000000000000e+00 0.000000000000000000e+00 1.097413627763899058e-02 7.511375160302056174e-03 8.921583253836523272e-03 6.684968026371379372e-03
-2.060229363923829169e+03 3.065647260899382673e+03 -1.086292003545383977e+02 0.000000000000000000e+00 0.000000000000000000e+00 1.054385364102472522e-02 7.755764217640568822e-03 8.813526166154895744e-03 6.589893173475012446e-03
-2.060236871257884104e+03 3.065638576924092376e+03 -1.086291186174895813e+02 0.000000000000000000e+00 0.000000000000000000e+00 8.051929324096818164e-03 7.755771726011814748e-03 8.813514894579007816e-03 6.589883873483413576e-03
-2.240313211407841209e+03 2.785858811123327541e+03 -1.048041557780335182e+02 0.000000000000000000e+00 0.000000000000000000e+00 1.051705114828394017e-02 8.016747611796180839e-03 8.577961124905967780e-03 6.409782702633121977e-03
-2.240370455492114161e+03 2.785831104242746733e+03 -1.048051597730198807e+02 0.000000000000000000e+00 0.000000000000000000e+00 7.192550446774248485e-03 8.016804857806279772e-03 8.577957805270043992e-03 6.409764315090590858e-03
-1.852317848962607513e+03 2.770243954282456798e+03 -9.243200992500355540e+01 0.000000000000000000e+00 0.000000000000000000e+00 -6.739322853263729485e-03 7.685221760719315558e-03 8.373480946764792418e-03 6.381622157705798062e-03
-1.852362990472099000e+03 2.770268453299339853e+03 -9.243406700735653203e+01 0.000000000000000000e+00 0.000000000000000000e+00 4.066848073023265897e-04 7.685256442060793905e-03 8.373539141188927892e-03 6.381648815935693324e-03
-2.205712780328818098e+03 2.435948554059037633e+03 -9.290634759842350832e+01 0.000000000000000000e+00 0.000000000000000000e+00 -5.317435701599038111e-03 8.072295024874403049e-03 8.243972632731489183e-03 6.219903583033577731e-03
-2.068866783216218209e+03 2.334519506902534886e+03 -8.563444412239206827e+01 0.000000000000000000e+00 0.000000000000000000e+00 1.250234982973097431e-02 8.006289491724312077e-03 8.072283852849176239e-03 6.166021542617776928e-03
-2.213689734747085822e+03 2.041486434724518176e+03 -8.269633825688096351e+01 0.000000000000000000e+00 0.000000000000000000e+00 5.128898480322163778e-03 8.178238425681591539e-03 7.990085490522406617e-03 6.074794122481137759e-03
-1.860680242951398668e+03 2.038067408808088203e+03 -7.167698843514801865e+01 0.000000000000000000e+00 0.000000000000000000e+00 -1.535648256763977315e-02 8.014487196544115011e-03 7.699676745927204469e-03 6.045383443055336870e-03
-1.860700094448452319e+03 2.038098967976193762e+03 -7.167832558790844644e+01 0.000000000000000000e+00 0.000000000000000000e+00 -3.618919797318653764e-03 8.014500353047461847e-03 7.699728239166827269e-03 6.045410304878750044e-03
-2.185626405900416557e+03 1.702131383017811004e+03 -7.416928954349566538e+01 0.000000000000000000e+00 0.000000000000000000e+00 -2.254890863136438384e-02 8.271342013370649310e-03 7.814921127110772275e-03 6.004264761130062231e-03
-2.185621658521745758e+03 1.702136202557495835e+03 -7.416922945941129797e+01 0.000000000000000000e+00 0.000000000000000000e+00 -3.082270701055733753e-02 8.271324359995878631e-03 7.814909110550051843e-03 6.004253565590401964e-03
-1.821589007493012105e+03 1.711064768989049981e+03 -6.317766145719840409e+01 0.000000000000000000e+00 0.000000000000000000e+00 2.455468708531327593e-02 8.165990995370311922e-03 7.465852972956437891e-03 5.971078817882125196e-03
-1.821602127318351222e+03 1.711047596917355577e+03 -6.317767314456247618e+01 0.000000000000000000e+00 0.000000000000000000e+00 2.340634770420990662e-02 8.166001344819193153e-03 7.465854630892400021e-03 5.971075886522392989e-03
-2.053928392447020542e+03 1.549217638551515620e+03 -6.690715911915883396e+01 0.000000000000000000e+00 0.000000000000000000e+00 1.689609998422270110e-03 8.299610957994665167e-03 7.625568852990677327e-03 5.976742488306047672e-03
-2.053927319414885460e+03 1.549264297936336106e+03 -6.690799692448213420e+01 0.000000000000000000e+00 0.000000000000000000e+00 1.011493351789738426e-02 8.299604294837441276e-03 7.625591897719715545e-03 5.976756532850465743e-03
-2.053921313152181483e+03 1.549273414907126835e+03 -6.690797783135950283e+01 0.000000000000000000e+00 0.000000000000000000e+00 2.321934697131666780e-02 8.299622646808132650e-03 7.625602065740925278e-03 5.976774297457292107e-03
-2.206311149347551236e+03 1.345018097797650626e+03 -6.833311336977223505e+01 0.000000000000000000e+00 0.000000000000000000e+00 -1.080843390103325419e-02 8.420007286374103436e-03 7.746930743007280663e-03 5.992677824781337051e-03
-2.204308285159129355e+03 1.345414778505813047e+03 -6.827169719476002285e+01 0.000000000000000000e+00 0.000000000000000000e+00 -1.918739575978634093e-02 8.419539699612597211e-03 7.744594678310870624e-03 5.992401865351092496e-03
-2.204347783847827486e+03 1.345433435979081196e+03 -6.827333614909373694e+01 0.000000000000000000e+00 0.000000000000000000e+00 -2.589573886137941372e-02 8.419523849305722910e-03 7.744638682546581623e-03 5.992396944241152809e-03
-1.854968292673649785e+03 1.304136692926779688e+03 -5.667675701855941384e+01 0.000000000000000000e+00 0.000000000000000000e+00 -6.325622944416409155e-03 8.407488235428238824e-03 7.333780683607555792e-03 5.955187662248796407e-03
-2.237170979872294083e+03 9.633169405421623424e+02 -6.409226958440154931e+01 0.000000000000000000e+00 0.000000000000000000e+00 5.465666779014100030e-02 8.623955432993608838e-03 7.754927705688616051e-03 6.045140621734852032e-03
-2.237228989830418413e+03 9.632965920769702279e+02 -6.409403749235781333e+01 0.000000000000000000e+00 0.000000000000000000e+00 3.781151473221200376e-02 8.623932885732975631e-03 7.754992212004104858e-03 6.045130790272938356e-03
-2.237211858722736906e+03 9.632897840363129944e+02 -6.409336710676693372e+01 0.000000000000000000e+00 0.000000000000000000e+00 4.102460689193776489e-02 8.623943825571855903e-03 7.754971670638942209e-03 6.045134060163774754e-03
-1.885435633515787913e+03 9.834886264943281731e+02 -5.309537434478185958e+01 0.000000000000000000e+00 0.000000000000000000e+00 -4.102474785008780600e-02 8.623054873729470507e-03 7.303193269686811435e-03 5.997281474721086365e-03
-2.040183093715568475e+03 8.090490054629718770e+02 -5.591981061729168090e+01 0.000000000000000000e+00 0.000000000000000000e+00 -3.238603902901360243e-02 8.739125146434793476e-03 7.489954133511549962e-03 6.056013684212470383e-03
-2.040188862716570611e+03 8.090577475298683794e+02 -5.592007903888490006e+01 0.000000000000000000e+00 0.000000000000000000e+00 -1.734229526243069586e-02 8.739148331095326905e-03 7.489973919787366527e-03 6.056031773530233704e-03
-2.225131877527483539e+03 5.244557484315256488e+02 -5.977002961012767912e+01 0.000000000000000000e+00 0.000000000000000000e+00 -2.675961712642305201e-02 8.934703308485109421e-03 7.768068208715456745e-03 6.174805602397189647e-03
-2.225166367027154593e+03 5.244724431895738235e+02 -5.977132484977211391e+01 0.000000000000000000e+00 0.000000000000000000e+00 -9.260374707153573581e-03 8.934720164257191344e-03 7.768128239703039548e-03 6.174826280075364389e-03
-1.924262680023915664e+03 5.548146402274145430e+02 -5.024283051633264563e+01 0.000000000000000000e+00 0.000000000000000000e+00 1.114899121117218783e-02 8.955045071107354399e-03 7.344637397663300940e-03 6.124391734248069326e-03
-2.197556286762033778e+03 2.464542580784866175e+02 -5.756891573537558315e+01 0.000000000000000000e+00 0.000000000000000000e+00 -6.094350714320739826e-04 9.178902797499461502e-03 7.779621919856495246e-03 6.293794112347162080e-03
-1.858380449922342450e+03 2.563556105544230945e+02 -4.684167924942342864e+01 0.000000000000000000e+00 0.000000000000000000e+00 9.335375287882641260e-03 9.234637538951814134e-03 7.299010346874566270e-03 6.247426997457578707e-03
-1.858417075378035861e+03 2.563217520313707496e+02 -4.684264596858745477e+01 0.000000000000000000e+00 0.000000000000000000e+00 -2.998958001406037965e-03 9.234637687933786726e-03 7.299057982380042185e-03 6.247432192828927117e-03
-2.040927244192636863e+03 5.267552745114391399e+01 -5.207389174234183571e+01 0.000000000000000000e+00 0.000000000000000000e+00 -9.489418836992058459e-04 9.395054615200647274e-03 7.604637777939322364e-03 6.376843580348580919e-03
-2.171971193793836392e+03 -2.240633815150512476e+02 -5.676094511787566432e+01 0.000000000000000000e+00 0.000000000000000000e+00 1.871795842099288620e-03 9.649728672183442366e-03 7.894028348448723850e-03 6.563772452343324092e-03
-1.846170825468756220e+03 -2.117638620626359511e+02 -4.645344911080838557e+01 0.000000000000000000e+00 0.000000000000000000e+00 -5.615891370709391595e-02 9.704457336251201896e-03 7.433617520931462032e-03 6.519981745646809268e-03
-2.151936932294776852e+03 -5.001085377756641037e+02 -5.740932076990073085e+01 0.000000000000000000e+00 0.000000000000000000e+00 8.241288389754686250e-03 9.952481869759057312e-03 7.996841226261394361e-03 6.757614877093324514e-03
-2.151950040436115160e+03 -5.000720960289255004e+02 -5.740952406250021056e+01 0.000000000000000000e+00 0.000000000000000000e+00 2.147846959456245486e-02 9.952464970916050091e-03 7.996847365878023695e-03 6.757603887931965848e-03
-1.829912461301455778e+03 -5.079018722647491018e+02 -4.738859208175979632e+01 0.000000000000000000e+00 0.000000000000000000e+00 4.296043639179458751e-03 1.002420655783623285e-02 7.564391054695339574e-03 6.732202010053354481e-03
-1.829964044911878091e+03 -5.078604679736625940e+02 -4.738980672702366093e+01 0.000000000000000000e+00 0.000000000000000000e+00 2.957080631859554387e-02 1.002420174161332452e-02 7.564447126112077563e-03 6.732203476880953968e-03
-1.978760210920074542e+03 -7.406337497995592685e+02 -5.373551887302359376e+01 0.000000000000000000e+00 0.000000000000000000e+00 -5.568883485702258440e-02 1.025388460300580458e-02 7.906304633355678083e-03 6.932138911996309216e-03
-1.978740853559675770e+03 -7.406438857045970963e+02 -5.373501383235377915e+01 0.000000000000000000e+00 0.000000000000000000e+00 -5.521187552405848464e-02 1.025390038955243180e-02 7.906286365243068645e-03 6.932146246536070346e-03
-2.171014349710442275e+03 -9.643817813637746212e+02 -6.243869433631559218e+01 0.000000000000000000e+00 0.000000000000000000e+00 -1.709130525891566776e-02 1.047740684177764225e-02 8.321085832904921015e-03 7.143406267119795615e-03
-1.879358373902204448e+03 -9.432547103250976761e+02 -5.291627217402464822e+01 0.000000000000000000e+00 0.000000000000000000e+00 4.377932168679876668e-03 1.049950201836063329e-02 7.929766179891151873e-03 7.100550019048329498e-03
-2.147892462027787133e+03 -1.310147594431394964e+03 -6.667421752500632692e+01 0.000000000000000000e+00 0.000000000000000000e+00 -6.295493475356295221e-02 1.088595857397129177e-02 8.577530707450911965e-03 7.466958932974597854e-03
-1.881664829617099485e+03 -1.292695216580314764e+03 -5.799013377590662799e+01 0.000000000000000000e+00 0.000000000000000000e+00 -9.426232111177057504e-02 1.089759778736785513e-02 8.241734340675543891e-03 7.431953684893058756e-03
-1.881738666836436551e+03 -1.292665487687759878e+03 -5.799182535134978878e+01 0.000000000000000000e+00 0.000000000000000000e+00 -8.440144348512745864e-02 1.089757355895600369e-02 8.241794358375180429e-03 7.431938420249074168e-03
-2.032128385076223140e+03 -1.426813873091598907e+03 -6.492723800400762002e+01 0.000000000000000000e+00 0.000000000000000000e+00 -5.427478400285679072e-02 1.103574649465860480e-02 8.548380134172939640e-03 7.576094445375654990e-03
-2.157745218136707535e+03 -1.725965053521339314e+03 -7.498970654981445705e+01 0.000000000000000000e+00 0.000000000000000000e+00 -1.146164424837081697e-02 1.137744940764850478e-02 9.005944280786123621e-03 7.898630746495768212e-03
-2.157875670572517265e+03 -1.726032219374437091e+03 -7.499552951148169200e+01 0.000000000000000000e+00 0.000000000000000000e+00 -2.902597116391802956e-02 1.137748812132517370e-02 9.006160643189415824e-03 7.898694483293125512e-03
-2.157899578641256085e+03 -1.725971680477860218e+03 -7.499501319225485929e+01 0.000000000000000000e+00 0.000000000000000000e+00 -9.545140911271232653e-03 1.137745099691465575e-02 9.006128242861493466e-03 7.898648768705000128e-03
-1.823273628539552419e+03 -1.725705436139906624e+03 -6.461493990010825428e+01 0.000000000000000000e+00 0.000000000000000000e+00 -7.019414150970249011e-02 1.140066297514442245e-02 8.643985414934081749e-03 7.882453626225171747e-03
-1.823191054539958941e+03 -1.725576208175421698e+03 -6.460975346811460440e+01 0.000000000000000000e+00 0.000000000000000000e+00 -2.119323465615252644e-02 1.140061494248923238e-02 8.643763194668118918e-03 7.882355500501231349e-03
-2.164455810578363980e+03 -2.034230719081266443e+03 -8.248358839075271476e+01 0.000000000000000000e+00 0.000000000000000000e+00 -8.686218461562589255e-03 1.174254381780012561e-02 9.369363571043870520e-03 8.242851464733448597e-03
-1.814953662295605454e+03 -2.035917632320410348e+03 -7.175966715824792175e+01 0.000000000000000000e+00 0.000000000000000000e+00 -2.665068395890557440e-02 1.175654094205913491e-02 9.021811272907340196e-03 8.232365222720444686e-03
-1.991677236698988281e+03 -2.167063719474764184e+03 -8.043501251978103994e+01 0.000000000000000000e+00 0.000000000000000000e+00 6.964734029409669347e-03 1.190200657948721312e-02 9.362188352112593009e-03 8.390588295844497377e-03
-1.991730998624288986e+03 -2.167079208122023374e+03 -8.043708544449755493e+01 0.000000000000000000e+00 0.000000000000000000e+00 -9.843407350928146116e-03 1.190199206965482717e-02 9.362257066795089122e-03 8.390593415828146232e-03
-1.991738553792593621e+03 -2.167082624828737607e+03 -8.043741036896486207e+01 0.000000000000000000e+00 0.000000000000000000e+00 -7.063161956253338758e-03 1.190200108838309831e-02 9.362269473671384554e-03 8.390600117985619333e-03
-2.103274778655680620e+03 -2.453722157879908991e+03 -9.217492634849268995e+01 0.000000000000000000e+00 0.000000000000000000e+00 -4.350545323582366564e-02 1.223551495830728364e-02 9.855721022285528904e-03 8.738061531816601266e-03
-2.103286314447710538e+03 -2.453693960232508289e+03 -9.217444212950839244e+01 0.000000000000000000e+00 0.000000000000000000e+00 -2.582215986764424542e-02 1.223551489410329603e-02 9.855695733089303925e-03 8.738042124348699424e-03
-1.789385655883118943e+03 -2.469895522577591692e+03 -8.330192280894223700e+01 0.000000000000000000e+00 0.000000000000000000e+00 5.947717739900326706e-04 1.225125018759615561e-02 9.602886713929092641e-03 8.752225734845053493e-03
-2.160132513835912050e+03 -2.732982113675474466e+03 -1.029002104671436939e+02 0.000000000000000000e+00 0.000000000000000000e+00 2.065645657566506088e-03 1.256308315109325689e-02 1.030636765170715209e-02 9.087047886324845988e-03
-1.765241646246903883e+03 -2.734327475385389334e+03 -9.117852802069546669e+01 0.000000000000000000e+00 0.000000000000000000e+00 1.794878532540593596e-01 1.254982520895203679e-02 9.984410005603070945e-03 9.084596781224514236e-03
-1.924952601454118849e+03 -2.943257687487292969e+03 -1.029246320536117025e+02 0.000000000000000000e+00 0.000000000000000000e+00 3.554091459429287170e-02 1.279141634971812935e-02 1.043420314577019753e-02 9.354211237009611019e-03
-1.924962228814332320e+03 -2.943263757005927800e+03 -1.029251289933343685e+02 0.000000000000000000e+00 0.000000000000000000e+00 3.103858950217386337e-02 1.279141532532057993e-02 1.043421986852970280e-02 9.354215730310934049e-03
-2.151999699933721331e+03 -3.137603237264445852e+03 -1.169728167335222508e+02 0.000000000000000000e+00 0.000000000000000000e+00 -1.756756883332855068e-02 1.303007809635245255e-02 1.091871015372446706e-02 9.610386824267921554e-03
-1.828910106040640585e+03 -3.191160991056347484e+03 -1.094302057490156272e+02 0.000000000000000000e+00 0.000000000000000000e+00 1.477046582537866470e-02 1.306454832008033078e-02 1.076840046633563940e-02 9.681427668379878615e-03
-2.769394518401535606e+03 -2.450531827988182158e+03 -1.165189698626416259e+02 0.000000000000000000e+00 0.000000000000000000e+00 9.749888233386627689e-03 1.226408982149408688e-02 1.053812906319661312e-02 8.764661196834083734e-03
-2.769347070693528622e+03 -2.450502558281091297e+03 -1.165161555504912343e+02 0.000000000000000000e+00 0.000000000000000000e+00 2.112934995776072356e-02 1.226406874088162985e-02 1.053804360451356288e-02 8.764632657145731559e-03
-2.450351508199357340e+03 -2.408618162292046691e+03 -1.028184629527051044e+02 0.000000000000000000e+00 0.000000000000000000e+00 7.723338908958510274e-02 1.219338094890355488e-02 1.013945551144666141e-02 8.696511275769217009e-03
-2.660545480359985504e+03 -2.226249179203216954e+03 -1.057518509820892803e+02 0.000000000000000000e+00 0.000000000000000000e+00 -2.329000926418700601e-02 1.197791045053414431e-02 1.014837529200119694e-02 8.492905043487083971e-03
-2.809932555231348942e+03 -1.984595328757450488e+03 -1.056875190658155219e+02 0.000000000000000000e+00 0.000000000000000000e+00 -5.078967937339484706e-02 1.167670442636658569e-02 1.006588472483538853e-02 8.230219707554621220e-03
-2.443265898038388968e+03 -1.981210792145125879e+03 -9.100930888128300467e+01 0.000000000000000000e+00 0.000000000000000000e+00 2.090886838281846849e-02 1.167345238758364136e-02 9.617455330877881098e-03 8.198283406134689033e-03
-2.443319813465099742e+03 -1.981231326200654394e+03 -9.101182476462631143e+01 0.000000000000000000e+00 0.000000000000000000e+00 2.132798359650678321e-02 1.167347744338809515e-02 9.617541111404892540e-03 8.198310413818828482e-03
-2.806218366635280290e+03 -1.661971832082078890e+03 -9.830361877499595380e+01 0.000000000000000000e+00 0.000000000000000000e+00 1.689700910041835868e-02 1.126396454989266743e-02 9.753631524382477130e-03 7.883559806656946153e-03
-2.491593221468925094e+03 -1.655810558694372276e+03 -8.546958169667314564e+01 0.000000000000000000e+00 0.000000000000000000e+00 -6.353823478350761889e-02 1.127214158004843404e-02 9.335741564621559407e-03 7.847371337030055460e-03
-2.634922985208194859e+03 -1.483047060033013395e+03 -8.771138532429546331e+01 0.000000000000000000e+00 0.000000000000000000e+00 -7.197950738103031654e-03 1.104771977165974230e-02 9.365634870186630503e-03 7.682885749178261503e-03
-2.801868710440454834e+03 -1.287965669213237334e+03 -9.126588448497260231e+01 0.000000000000000000e+00 0.000000000000000000e+00 -1.636686971224321496e-02 1.078593147698868847e-02 9.444873304010899251e-03 7.511104337894989116e-03
-2.533420447188241724e+03 -1.248607425608730864e+03 -7.966362035327563262e+01 0.000000000000000000e+00 0.000000000000000000e+00 -3.089335399741344190e-02 1.076673546421997793e-02 9.033785692025352726e-03 7.442532486280914808e-03
-2.533346489421411206e+03 -1.248606484971531017e+03 -7.966071878277054452e+01 0.000000000000000000e+00 0.000000000000000000e+00 -2.763587598668948431e-02 1.076674900096056750e-02 9.033683817019522166e-03 7.442526985945705810e-03
-2.846302617812512381e+03 -9.645078452492753058e+02 -8.860762362849987994e+01 0.000000000000000000e+00 0.000000000000000000e+00 2.053444104740265175e-02 1.037120178768755237e-02 9.297212233124118111e-03 7.224313260750130257e-03
-2.464340988466111412e+03 -9.743398104894457674e+02 -7.313456120995346055e+01 0.000000000000000000e+00 0.000000000000000000e+00 -3.856899426082804894e-03 1.044302830816147727e-02 8.734881288100834751e-03 7.182894184592595113e-03
-2.644356569202130686e+03 -7.181294329966971191e+02 -7.746661799020799322e+01 0.000000000000000000e+00 0.000000000000000000e+00 -3.288594939670019812e-02 1.010553376257510537e-02 8.845622078778042283e-03 6.990242143612153229e-03
-2.841884246587029793e+03 -5.575636175857432590e+02 -8.446811191805905139e+01 0.000000000000000000e+00 0.000000000000000000e+00 -3.369401217187828479e-02 9.876282929923169834e-03 9.077618085571932324e-03 6.896822210982532161e-03
-2.523774645765415244e+03 -4.935577195612846140e+02 -7.089499533209691151e+01 0.000000000000000000e+00 0.000000000000000000e+00 -1.772900594258430829e-02 9.869068823375138841e-03 8.544626100424508597e-03 6.800031368513208448e-03
-2.819467811012706079e+03 -2.199745729837327417e+02 -8.175659660703583143e+01 0.000000000000000000e+00 0.000000000000000000e+00 -1.050111510060958153e-02 9.501931380152615902e-03 8.903085091224465300e-03 6.659305896277879951e-03
-2.819533027399154889e+03 -2.199049010467500977e+02 -8.175919866895716837e+01 0.000000000000000000e+00 0.000000000000000000e+00 2.499910067385258117e-02 9.501912460962793489e-03 8.903186325597427925e-03 6.659313829513524748e-03
-2.560184481969964054e+03 -1.929854727830653189e+02 -7.094661958483406750e+01 0.000000000000000000e+00 0.000000000000000000e+00 -1.228766480224408042e-03 9.532285936226344430e-03 8.473244750093065353e-03 6.598171966047386948e-03
-2.678328286090714755e+03 2.477110133416215731e+01 -7.541391267254378761e+01 0.000000000000000000e+00 0.000000000000000000e+00 8.213776094663671756e-03 9.285670354417172034e-03 8.588409584769187907e-03 6.486797764433900604e-03
-2.815378179467178597e+03 2.133843231193940824e+02 -8.139181354425038251e+01 0.000000000000000000e+00 0.000000000000000000e+00 -7.622019053272310884e-03 9.083503490419588336e-03 8.757646441133467435e-03 6.411946370873295581e-03
-2.815376222487574069e+03 2.133667078962067194e+02 -8.139169028259715333e+01 0.000000000000000000e+00 0.000000000000000000e+00 -6.628940147763273671e-03 9.083521026024971023e-03 8.757648718992733228e-03 6.411955937580381820e-03
-2.541452626643690110e+03 2.245145915005150812e+02 -7.014517182142608931e+01 0.000000000000000000e+00 0.000000000000000000e+00 -4.860934423716400943e-02 9.130130867440525849e-03 8.311022007623347641e-03 6.357126467859381715e-03
-2.818332532015232573e+03 5.350386204263647869e+02 -8.285989952781267220e+01 0.000000000000000000e+00 0.000000000000000000e+00 1.235837058661104493e-02 8.838939852377991624e-03 8.678942689984342485e-03 6.270579791010367533e-03
-2.818329269683633356e+03 5.350201237796683245e+02 -8.285964604604323824e+01 0.000000000000000000e+00 0.000000000000000000e+00 -8.205384069441379324e-03 8.838910228595665136e-03 8.678929339133266765e-03 6.270560974525816490e-03
-2.501909171002618223e+03 5.387122242658741698e+02 -6.997664065855072124e+01 0.000000000000000000e+00 0.000000000000000000e+00 -2.370563905068934218e-02 8.882236328769390135e-03 8.179291138354834526e-03 6.212098387762331891e-03
-2.624033932533573079e+03 7.881563561237290969e+02 -7.672487217182120389e+01 0.000000000000000000e+00 0.000000000000000000e+00 -8.241984574439698008e-03 8.707168953589630375e-03 8.323384941082572624e-03 6.149297249271323818e-03
-2.624015145219317674e+03 7.881320638589126020e+02 -7.672389232085389210e+01 0.000000000000000000e+00 0.000000000000000000e+00 -1.252482886701500320e-02 8.707175064337796533e-03 8.323357405811391413e-03 6.149295542796407582e-03
-2.845195176146746235e+03 9.298399918109718101e+02 -8.737058093610652065e+01 0.000000000000000000e+00 0.000000000000000000e+00 -1.127260584920009023e-02 8.634271618331090109e-03 8.633675541088212807e-03 6.151998776685031062e-03
-2.489735044256658057e+03 9.587617108042007885e+02 -7.322456404125799168e+01 0.000000000000000000e+00 0.000000000000000000e+00 -8.224768462383735823e-04 8.621852801661127400e-03 8.105613722732966583e-03 6.083664709350400379e-03
-2.825262256908309610e+03 1.282663709783496188e+03 -9.108591583488906451e+01 0.000000000000000000e+00 0.000000000000000000e+00 -2.862672133966270849e-02 8.542495409357387173e-03 8.544629219977823917e-03 6.088095690822908392e-03
-2.493754534263362075e+03 1.284017811750137071e+03 -7.771560112779064866e+01 0.000000000000000000e+00 0.000000000000000000e+00 -3.406009050344493971e-02 8.484945584610260189e-03 8.100385052787276163e-03 6.035353934194859736e-03
-2.634781256465039405e+03 1.558813765169544922e+03 -8.784232718565519349e+01 0.000000000000000000e+00 0.000000000000000000e+00 -3.535840981207627465e-02 8.454236231212074182e-03 8.286671820385279469e-03 6.048658579200942575e-03
-2.634782652624415732e+03 1.558802636832567259e+03 -8.784217787773133068e+01 0.000000000000000000e+00 0.000000000000000000e+00 -4.095337596294257310e-02 8.454228458573125049e-03 8.286667475611268416e-03 6.048650971085268654e-03
-2.852315183410129976e+03 1.685034944944627341e+03 -9.924170818005437411e+01 0.000000000000000000e+00 0.000000000000000000e+00 1.318978108629664803e-02 8.537395328053991664e-03 8.548627460475469869e-03 6.086333897477751165e-03
-2.552985470539884773e+03 1.727399987982951188e+03 -8.790870240120950996e+01 0.000000000000000000e+00 0.000000000000000000e+00 -4.582357498705391663e-03 8.401677767896674823e-03 8.211528840443299213e-03 6.049752759169808869e-03
-2.836855377070040049e+03 2.017122477198247225e+03 -1.057689440974341579e+02 0.000000000000000000e+00 0.000000000000000000e+00 8.058271401978345239e-04 8.562432369905741483e-03 8.557666222900816091e-03 6.133311435461746321e-03
-2.836820152094584500e+03 2.017112753558481700e+03 -1.057672251071581400e+02 0.000000000000000000e+00 0.000000000000000000e+00 4.666389749701238543e-03 8.562411818622675530e-03 8.557634299954066520e-03 6.133310270913733611e-03
-2.836850940042016191e+03 2.017139480966285873e+03 -1.057691566198609507e+02 0.000000000000000000e+00 0.000000000000000000e+00 -9.807064198241732811e-05 8.562430197378767191e-03 8.557663761124583574e-03 6.133313518051769497e-03
-2.517651662009850952e+03 2.024090173534486439e+03 -9.313367669565454321e+01 0.000000000000000000e+00 0.000000000000000000e+00 -8.790473343822213792e-03 8.353364264323580660e-03 8.253835737571324493e-03 6.099461252188891763e-03
-2.647083102259493444e+03 2.256789886082016892e+03 -1.039932010618287279e+02 0.000000000000000000e+00 0.000000000000000000e+00 2.311261181770873918e-02 8.437575931524086276e-03 8.459636750768518079e-03 6.182382445039593007e-03
-2.833503420019238547e+03 2.481466856214002291e+03 -1.177698309631949485e+02 0.000000000000000000e+00 0.000000000000000000e+00 9.804229710155709654e-02 8.624136446612532675e-03 8.708885506031925974e-03 6.288265918781498279e-03
-2.514049665547840505e+03 2.491255517541332665e+03 -1.053897653934346295e+02 0.000000000000000000e+00 0.000000000000000000e+00 8.387565977244548776e-03 8.318244492775498170e-03 8.490781700801435308e-03 6.267424519096703728e-03
