# x y z x_res y_res z_res x_res_err y_res_err z_res_err
2.586771762876930097e+03 -1.583103900603460488e+03 1.334193044257584688e+02 0.000000000000000000e+00 0.000000000000000000e+00 -1.247845448105522337e-02 4.080022323573196004e-03 4.080022323573189932e-03 2.887026932626884576e-03
2.586724465788089674e+03 -1.583019874481521583e+03 1.334131103629111692e+02 0.000000000000000000e+00 0.000000000000000000e+00 -2.657581590696622698e-02 4.080022323573196004e-03 4.080022323573189932e-03 2.887026824782056456e-03
2.586751715587256967e+03 -1.583006997018444281e+03 1.334145063251077659e+02 0.000000000000000000e+00 0.000000000000000000e+00 -1.581098125819835332e-02 4.080022323573196004e-03 4.080022323573189932e-03 2.887026851713723856e-03
2.976071557441981440e+03 -1.592266341201471505e+03 1.623845778967410070e+02 0.000000000000000000e+00 0.000000000000000000e+00 -3.771406492495543716e-02 4.080022323573196004e-03 4.080022323573189932e-03 2.887566974283196919e-03
2.976113373092742222e+03 -1.592206557044965848e+03 1.623857540975893130e+02 0.000000000000000000e+00 0.000000000000000000e+00 -2.836171984924362732e-02 4.080022323573196004e-03 4.080022323573189932e-03 2.887567001782463238e-03
2.976192828417299552e+03 -1.592170059067494094e+03 1.623907441267836589e+02 0.000000000000000000e+00 0.000000000000000000e+00 -2.249897284707458311e-02 4.080022323573196004e-03 4.080022323573189932e-03 2.887567098927442365e-03
2.757847960197453631e+03 -1.371303142337951840e+03 1.384776941820131810e+02 0.000000000000000000e+00 0.000000000000000000e+00 -1.813735901222912617e-02 4.080022323573196004e-03 4.080022323573189932e-03 2.887138964405971779e-03
2.757780501377582823e+03 -1.371340836113746718e+03 1.384739297599623171e+02 0.000000000000000000e+00 0.000000000000000000e+00 -1.406961993359345797e-02 4.080022323573196004e-03 4.080022323573189932e-03 2.887138890894515742e-03
2.757812993776934491e+03 -1.371270495515479524e+03 1.384741502931274226e+02 0.000000000000000000e+00 0.000000000000000000e+00 -1.782931562047451735e-02 4.080022323573196004e-03 4.080022323573189932e-03 2.887138901188334925e-03
2.627224228918480549e+03 -1.204730553817362988e+03 1.244431886585836509e+02 0.000000000000000000e+00 0.000000000000000000e+00 -3.317593740671043179e-02 4.080022323573196004e-03 4.080022323573189932e-03 2.886892231188598057e-03
2.627120207583833690e+03 -1.204661970920513795e+03 1.244341686455897360e+02 0.000000000000000000e+00 0.000000000000000000e+00 -3.375628123117735413e-02 4.080022323573196004e-03 4.080022323573189932e-03 2.886892069483509935e-03
2.627084173398681742e+03 -1.204641081917477095e+03 1.244311205593206466e+02 0.000000000000000000e+00 0.000000000000000000e+00 -3.002016341159219337e-02 4.080022323573196004e-03 4.080022323573189932e-03 2.886892014643099511e-03
2.975581624586649468e+03 -1.192901176428931649e+03 1.499591766223359457e+02 0.000000000000000000e+00 0.000000000000000000e+00 3.936306889653451435e-02 4.080022323573196004e-03 4.080022323573189932e-03 2.887370548991600658e-03
2.975609933199910756e+03 -1.192911128735579723e+03 1.499616803965687950e+02 0.000000000000000000e+00 0.000000000000000000e+00 1.439201636659959149e-02 4.080022323573196004e-03 4.080022323573189932e-03 2.887370595157983440e-03
2.975556590260169287e+03 -1.192883145120893687e+03 1.499567196846997774e+02 0.000000000000000000e+00 0.000000000000000000e+00 1.618286551629921632e-02 4.080022323573196004e-03 4.080022323573189932e-03 2.887370504491512582e-03
2.943966991136520392e+03 -9.126856515154341878e+02 1.410230057504794274e+02 0.000000000000000000e+00 0.000000000000000000e+00 2.753380279187922497e-03 4.080022323573196004e-03 4.080022323573189932e-03 2.887229988961841944e-03
2.943903930741751537e+03 -9.126489391779042535e+02 1.410173406152568987e+02 0.000000000000000000e+00 0.000000000000000000e+00 6.225104677980652923e-03 4.080022323573196004e-03 4.080022323573189932e-03 2.887229885747887633e-03
2.943849951345175214e+03 -9.126070809530438055e+02 1.410122858743607708e+02 0.000000000000000000e+00 0.000000000000000000e+00 1.338196832475091469e-02 4.080022323573196004e-03 4.080022323573189932e-03 2.887229794579156648e-03
2.635317166664920933e+03 -8.932923159774968553e+02 1.178331564064199029e+02 0.000000000000000000e+00 0.000000000000000000e+00 2.354496520706561569e-02 4.080022323573196004e-03 4.080022323573189932e-03 2.886796384842897200e-03
2.635300939236422892e+03 -8.931292332313198585e+02 1.178288662718149169e+02 0.000000000000000000e+00 0.000000000000000000e+00 -2.699096824571256548e-03 4.080022323573196004e-03 4.080022323573189932e-03 2.886796319245251829e-03
2.635223853360752855e+03 -8.931172079995363902e+02 1.178232772051094486e+02 0.000000000000000000e+00 0.000000000000000000e+00 3.867978268715432932e-03 4.080022323573196004e-03 4.080022323573189932e-03 2.886796215928060655e-03
2.759974565626443109e+03 -6.770630214927781481e+02 1.230845778732318081e+02 0.000000000000000000e+00 0.000000000000000000e+00 -2.262328994582674113e-02 4.080022323573196004e-03 4.080022323573189932e-03 2.886915038250541937e-03
2.759970007651443666e+03 -6.770028918629778900e+02 1.230833873582809019e+02 0.000000000000000000e+00 0.000000000000000000e+00 -2.212166521525205098e-02 4.080022323573196004e-03 4.080022323573189932e-03 2.886915021626332116e-03
2.760049834784560517e+03 -6.769559645643629437e+02 1.230885598207446066e+02 0.000000000000000000e+00 0.000000000000000000e+00 -1.865803573613789013e-02 4.080022323573196004e-03 4.080022323573189932e-03 2.886915123719039668e-03
2.952296958926020125e+03 -5.221782462872058659e+02 1.357900578247242152e+02 0.000000000000000000e+00 0.000000000000000000e+00 -1.786489918276856770e-02 4.080022323573196004e-03 4.080022323573189932e-03 2.887171938407504055e-03
2.952339186040800541e+03 -5.220855974582073031e+02 1.357924213254799213e+02 0.000000000000000000e+00 0.000000000000000000e+00 -2.014298868348873839e-02 4.080022323573196004e-03 4.080022323573189932e-03 2.887171993579974380e-03
2.952377146427720618e+03 -5.220417211101793100e+02 1.357949574391770398e+02 0.000000000000000000e+00 0.000000000000000000e+00 -1.400828425721556414e-02 4.080022323573196004e-03 4.080022323573189932e-03 2.887172046732484117e-03
2.623565494603007210e+03 -5.077174041257379713e+02 1.112771315461619110e+02 0.000000000000000000e+00 0.000000000000000000e+00 2.432877093653473821e-03 4.080022323573196004e-03 4.080022323573189932e-03 2.886708287759455135e-03
2.623532792117841382e+03 -5.077466320043245673e+02 1.112751651445203578e+02 0.000000000000000000e+00 0.000000000000000000e+00 1.149568032445813515e-04 4.080022323573196004e-03 4.080022323573189932e-03 2.886708247973043123e-03
2.623508585561292421e+03 -5.077761185172568048e+02 1.112737910415834506e+02 0.000000000000000000e+00 0.000000000000000000e+00 4.568141859095931068e-03 4.080022323573196004e-03 4.080022323573189932e-03 2.886708219341341513e-03
2.569436545693746666e+03 -2.122489939862782364e+02 1.055168591052300258e+02 0.000000000000000000e+00 0.000000000000000000e+00 2.229713031772462273e-02 4.080022323573196004e-03 4.080022323573189932e-03 2.886625817997194587e-03
2.962234416593459628e+03 -1.837932893083812189e+02 1.344163406179170295e+02 0.000000000000000000e+00 0.000000000000000000e+00 -3.609422137347451098e-02 4.080022323573196004e-03 4.080022323573189932e-03 2.887183340860730897e-03
2.962250719994649444e+03 -1.836859831549698470e+02 1.344173884943623420e+02 0.000000000000000000e+00 0.000000000000000000e+00 -3.902117656008385893e-02 4.080022323573196004e-03 4.080022323573189932e-03 2.887183373291901927e-03
2.962204253937907652e+03 -1.835762266014005490e+02 1.344134410654430951e+02 0.000000000000000000e+00 0.000000000000000000e+00 -4.899213094378751521e-02 4.080022323573196004e-03 4.080022323573189932e-03 2.887183309482596431e-03
2.750784192573331893e+03 3.575333307377965752e+01 1.182781622042926131e+02 0.000000000000000000e+00 0.000000000000000000e+00 -2.800889708460374550e-02 4.080022323573196004e-03 4.080022323573189932e-03 2.886894507524189434e-03
2.750843976887687404e+03 3.578329726373388553e+01 1.182826448649557420e+02 0.000000000000000000e+00 0.000000000000000000e+00 -2.748184717995627580e-02 4.080022323573196004e-03 4.080022323573189932e-03 2.886894597414013316e-03
2.750811955870652582e+03 3.579818798430181914e+01 1.182803285973576237e+02 0.000000000000000000e+00 0.000000000000000000e+00 -3.458837914220680432e-02 4.080022323573196004e-03 4.080022323573189932e-03 2.886894553987143577e-03
2.624862762136220226e+03 1.981490090784112112e+02 1.099755247583875644e+02 0.000000000000000000e+00 0.000000000000000000e+00 -2.264853305990754961e-02 4.080022323573196004e-03 4.080022323573189932e-03 2.886748492139015482e-03
2.963737392676505806e+03 2.016875085525012707e+02 1.354487302827780013e+02 0.000000000000000000e+00 0.000000000000000000e+00 -1.386304957028983154e-02 4.080022323573196004e-03 4.080022323573189932e-03 2.887247638668537231e-03
2.963643502033839013e+03 2.016676313939191516e+02 1.354410742955755893e+02 0.000000000000000000e+00 0.000000000000000000e+00 -7.237473854473819301e-03 4.080022323573196004e-03 4.080022323573189932e-03 2.887247485735195025e-03
2.963719635920754627e+03 2.017128093504975652e+02 1.354474880545633653e+02 0.000000000000000000e+00 0.000000000000000000e+00 -8.016593286185980105e-03 4.080022323573196004e-03 4.080022323573189932e-03 2.887247617112496424e-03
2.949234831194782601e+03 5.113823654973028852e+02 1.376628276253609613e+02 0.000000000000000000e+00 0.000000000000000000e+00 2.853749761541735097e-02 4.080022323573196004e-03 4.080022323573189932e-03 2.887326347791472226e-03
2.949117741947886316e+03 5.114041642651125130e+02 1.376537693050164251e+02 0.000000000000000000e+00 0.000000000000000000e+00 1.104460739531987201e-02 4.080022323573196004e-03 4.080022323573189932e-03 2.887326168862698085e-03
2.949189386006949917e+03 5.114468086013938546e+02 1.376601371470955542e+02 0.000000000000000000e+00 0.000000000000000000e+00 2.611453213722825240e-02 4.080022323573196004e-03 4.080022323573189932e-03 2.887326300974029075e-03
2.632612812485185714e+03 5.199401363317854248e+02 1.138885877921203615e+02 0.000000000000000000e+00 0.000000000000000000e+00 7.774438018316232046e-03 4.080022323573196004e-03 4.080022323573189932e-03 2.886853218885436674e-03
2.632607848908358392e+03 5.200025750154846946e+02 1.138891373052598226e+02 0.000000000000000000e+00 0.000000000000000000e+00 1.377232842750686359e-02 4.080022323573196004e-03 4.080022323573189932e-03 2.886853234946962915e-03
2.632654362626724378e+03 5.200992158788634470e+02 1.138938300850284122e+02 0.000000000000000000e+00 0.000000000000000000e+00 5.623468511416263027e-03 4.080022323573196004e-03 4.080022323573189932e-03 2.886853336093398760e-03
2.763936777735975738e+03 7.406620034048304433e+02 1.272904059688667928e+02 0.000000000000000000e+00 0.000000000000000000e+00 -2.457222425505278807e-03 4.080022323573196004e-03 4.080022323573189932e-03 2.887140317383093176e-03
2.763960045810910287e+03 7.406689609730807433e+02 1.272922931845381100e+02 0.000000000000000000e+00 0.000000000000000000e+00 9.367617193163368938e-03 4.080022323573196004e-03 4.080022323573189932e-03 2.887140356113101526e-03
2.764031072094545380e+03 7.407180743658017263e+02 1.272986168548973467e+02 0.000000000000000000e+00 0.000000000000000000e+00 5.358756259198571570e-03 4.080022323573196004e-03 4.080022323573189932e-03 2.887140488116830654e-03
2.955279840467128906e+03 9.014522843692966489e+02 1.458241936949644355e+02 0.000000000000000000e+00 0.000000000000000000e+00 2.249519777751629590e-02 4.080022323573196004e-03 4.080022323573189932e-03 2.887532555657012102e-03
2.955286767218243313e+03 9.015156063877916495e+02 1.458263158628317058e+02 0.000000000000000000e+00 0.000000000000000000e+00 2.284265968290810633e-02 4.080022323573196004e-03 4.080022323573189932e-03 2.887532605415941284e-03
2.955374333798042699e+03 9.015461873916142395e+02 1.458341636731407789e+02 0.000000000000000000e+00 0.000000000000000000e+00 3.267617452272020273e-02 4.080022323573196004e-03 4.080022323573189932e-03 2.887532769468404304e-03
2.625725193329877584e+03 9.174722524071346470e+02 1.211152231462771169e+02 0.000000000000000000e+00 0.000000000000000000e+00 1.471286968791218897e-02 4.080022323573196004e-03 4.080022323573189932e-03 2.887028570824524184e-03
2.625767366474352002e+03 9.175477415625975937e+02 1.211200774753758509e+02 0.000000000000000000e+00 0.000000000000000000e+00 1.314318184486751306e-02 4.080022323573196004e-03 4.080022323573189932e-03 2.887028674746738334e-03
2.625811372990489872e+03 9.176104063565401248e+02 1.211247494833600058e+02 0.000000000000000000e+00 0.000000000000000000e+00 1.624888283039638281e-02 4.080022323573196004e-03 4.080022323573189932e-03 2.887028774104558482e-03
2.624532931798906702e+03 1.222378144054093354e+03 1.296751630964557762e+02 0.000000000000000000e+00 0.000000000000000000e+00 1.852176402593386229e-03 4.080022323573196004e-03 4.080022323573189932e-03 2.887222552942912863e-03
2.624381841152125617e+03 1.222483262622972916e+03 1.296676933743581799e+02 0.000000000000000000e+00 0.000000000000000000e+00 1.920422434039892323e-03 4.080022323573196004e-03 4.080022323573189932e-03 2.887222402382324127e-03
2.624378053691648802e+03 1.222554298765728390e+03 1.296697161690694600e+02 0.000000000000000000e+00 0.000000000000000000e+00 1.890410701179234820e-03 4.080022323573196004e-03 4.080022323573189932e-03 2.887222447919104203e-03
2.966277374778007470e+03 1.234756252166230524e+03 1.563814865391782121e+02 0.000000000000000000e+00 0.000000000000000000e+00 -2.394653238599175893e-02 4.080022323573196004e-03 4.080022323573189932e-03 2.887782110119818842e-03
2.966353947232076280e+03 1.234936633587120014e+03 1.563937858252861872e+02 0.000000000000000000e+00 0.000000000000000000e+00 -2.801362464981593803e-02 4.080022323573196004e-03 4.080022323573189932e-03 2.887782383401378550e-03
2.966325807931993040e+03 1.234995056628724797e+03 1.563934262194945859e+02 0.000000000000000000e+00 0.000000000000000000e+00 -2.884681488740170607e-02 4.080022323573196004e-03 4.080022323573189932e-03 2.887782380647558808e-03
2.751925023348606828e+03 1.457517741893136417e+03 1.474614694916130588e+02 0.000000000000000000e+00 0.000000000000000000e+00 -3.753856050772697017e-02 4.080022323573196004e-03 4.080022323573189932e-03 2.887607665250397672e-03
2.751947141450256368e+03 1.457543334503149026e+03 1.474641467185576289e+02 0.000000000000000000e+00 0.000000000000000000e+00 -4.578982637974604586e-02 4.080022323573196004e-03 4.080022323573189932e-03 2.887607723278231512e-03
2.752033601956012262e+03 1.457576408547767414e+03 1.474720146266234906e+02 0.000000000000000000e+00 0.000000000000000000e+00 -3.765241161778476453e-02 4.080022323573196004e-03 4.080022323573189932e-03 2.887607891999341946e-03
2.962433143953596300e+03 1.611967093842712529e+03 1.705400022738140535e+02 0.000000000000000000e+00 0.000000000000000000e+00 -2.901616236187010145e-02 4.080022323573196004e-03 4.080022323573189932e-03 2.888109973123083232e-03
2.962413020378155579e+03 1.611868216256496680e+03 1.705340402339456602e+02 0.000000000000000000e+00 0.000000000000000000e+00 -1.988268601309073347e-02 4.080022323573196004e-03 4.080022323573189932e-03 2.888109838931106690e-03
2.962353173155330296e+03 1.611824247944926583e+03 1.705271742098763355e+02 0.000000000000000000e+00 0.000000000000000000e+00 -2.620581485581396919e-02 4.080022323573196004e-03 4.080022323573189932e-03 2.888109688140343568e-03
2.618336407891685212e+03 1.627218328407184345e+03 1.444690175800884049e+02 0.000000000000000000e+00 0.000000000000000000e+00 -3.787091299722078475e-02 4.080022323573196004e-03 4.080022323573189932e-03 2.887548552238404509e-03
2.618400922291687948e+03 1.627310914853754639e+03 1.444776868741808187e+02 0.000000000000000000e+00 0.000000000000000000e+00 -3.577368797408553291e-02 4.080022323573196004e-03 4.080022323573189932e-03 2.887548739776714477e-03
2.618392175334779949e+03 1.627405356895247905e+03 1.444811178642646610e+02 0.000000000000000000e+00 0.000000000000000000e+00 -3.554657245933867671e-02 4.080022323573196004e-03 4.080022323573189932e-03 2.887548814773701397e-03
2.259987209318305759e+03 2.320199730009202540e+03 1.562171290826177881e+02 0.000000000000000000e+00 0.000000000000000000e+00 3.553736838685495059e-02 4.080022323573196004e-03 4.080022323573189932e-03 2.887776491865251972e-03
2.259914008095835470e+03 2.320179019403882194e+03 1.562111989199432287e+02 0.000000000000000000e+00 0.000000000000000000e+00 3.146110949612079821e-02 4.080022323573196004e-03 4.080022323573189932e-03 2.887776360002245780e-03
2.259830517596675236e+03 2.320194090045162739e+03 1.562068136179445332e+02 0.000000000000000000e+00 0.000000000000000000e+00 2.958616141498282559e-02 4.080022323573196004e-03 4.080022323573189932e-03 2.887776258996912343e-03
1.932426534909191332e+03 2.327423977611969804e+03 1.373838568341815574e+02 0.000000000000000000e+00 0.000000000000000000e+00 3.723371753588367028e-02 4.080022323573196004e-03 4.080022323573189932e-03 2.887350030502028753e-03
1.932501457545094581e+03 2.326911741605310908e+03 1.373566761312318647e+02 0.000000000000000000e+00 0.000000000000000000e+00 3.706917485089888942e-02 4.080022323573196004e-03 4.080022323573189932e-03 2.887349493544009472e-03
1.932467419339215894e+03 2.326783841196069261e+03 1.373470372150072762e+02 0.000000000000000000e+00 0.000000000000000000e+00 3.816742219191837648e-02 4.080022323573196004e-03 4.080022323573189932e-03 2.887349295156263138e-03
2.069896010384116835e+03 2.174345442991374057e+03 1.360483470887176054e+02 0.000000000000000000e+00 0.000000000000000000e+00 -5.097708175554771515e-03 4.080022323573196004e-03 4.080022323573189932e-03 2.887339870849942990e-03
2.069851170714095588e+03 2.174445126446872564e+03 1.360514322657617754e+02 0.000000000000000000e+00 0.000000000000000000e+00 -1.220511837263416055e-02 4.080022323573196004e-03 4.080022323573189932e-03 2.887339928573323753e-03
2.069814226908130422e+03 2.174394967430898760e+03 1.360464423973638191e+02 0.000000000000000000e+00 0.000000000000000000e+00 -6.939604734753856974e-03 4.080022323573196004e-03 4.080022323573189932e-03 2.887339822908988832e-03
1.939254947625984869e+03 1.949289895766758946e+03 1.166973680220653193e+02 0.000000000000000000e+00 0.000000000000000000e+00 -1.887125661073696392e-02 4.080022323573196004e-03 4.080022323573189932e-03 2.886935550514612824e-03
1.939102953089589846e+03 1.949246914679766405e+03 1.166870567545211657e+02 0.000000000000000000e+00 0.000000000000000000e+00 -1.994411260217532345e-02 4.080022323573196004e-03 4.080022323573189932e-03 2.886935329375211329e-03
1.939129983037685406e+03 1.949229538935570645e+03 1.166876286051344067e+02 0.000000000000000000e+00 0.000000000000000000e+00 -2.670413253925119079e-02 4.080022323573196004e-03 4.080022323573189932e-03 2.886935343412636197e-03
2.254095023450092413e+03 1.931909929805017100e+03 1.341062935182589229e+02 0.000000000000000000e+00 0.000000000000000000e+00 1.228090374638668436e-02 4.080022323573196004e-03 4.080022323573189932e-03 2.887317325090736370e-03
2.254113717844770690e+03 1.931945249440279213e+03 1.341092500956613662e+02 0.000000000000000000e+00 0.000000000000000000e+00 8.929336595855374981e-03 4.080022323573196004e-03 4.080022323573189932e-03 2.887317387742721533e-03
2.254179427098284577e+03 1.931964644507868570e+03 1.341143449677500143e+02 0.000000000000000000e+00 0.000000000000000000e+00 1.437903330287326753e-02 4.080022323573196004e-03 4.080022323573189932e-03 2.887317498138277511e-03
2.268158687385848225e+03 1.621112611031546976e+03 1.205820647389662241e+02 0.000000000000000000e+00 0.000000000000000000e+00 6.249105644798191861e-03 4.080022323573196004e-03 4.080022323573189932e-03 2.887037052449304298e-03
2.268324996281216954e+03 1.621147002381107541e+03 1.205938902548587635e+02 0.000000000000000000e+00 0.000000000000000000e+00 5.526283223304062631e-03 4.080022323573196004e-03 4.080022323573189932e-03 2.887037304084088055e-03
2.268403013378924697e+03 1.621123129336091779e+03 1.205977516291472114e+02 0.000000000000000000e+00 0.000000000000000000e+00 3.378183022988423545e-03 4.080022323573196004e-03 4.080022323573189932e-03 2.887037386978631714e-03
2.111917735614372759e+03 1.497532843457270701e+03 1.062161987755706889e+02 0.000000000000000000e+00 0.000000000000000000e+00 -5.681148395481727675e-03 4.080022323573196004e-03 4.080022323573189932e-03 2.886735049536757157e-03
2.111777977479411675e+03 1.497511138374750089e+03 1.062073000579687800e+02 0.000000000000000000e+00 0.000000000000000000e+00 4.971065829352028231e-03 4.080022323573196004e-03 4.080022323573189932e-03 2.886734862509940814e-03
2.111536052728575669e+03 1.497648771790778483e+03 1.061986546153495681e+02 0.000000000000000000e+00 0.000000000000000000e+00 -3.105551754393331976e-02 4.080022323573196004e-03 4.080022323573189932e-03 2.886734677320895726e-03
1.924219625498229789e+03 1.633759577273779769e+03 1.013441250268060543e+02 0.000000000000000000e+00 0.000000000000000000e+00 5.483277885963389053e-02 4.080022323573196004e-03 4.080022323573189932e-03 2.886626990672485227e-03
1.923985803701910072e+03 1.633670007223099219e+03 1.013280771202681620e+02 0.000000000000000000e+00 0.000000000000000000e+00 4.147410970428211385e-02 4.080022323573196004e-03 4.080022323573189932e-03 2.886626654391306977e-03
1.923988387935562059e+03 1.633600420948750525e+03 1.013253001976924139e+02 0.000000000000000000e+00 0.000000000000000000e+00 4.061429581376785336e-02 4.080022323573196004e-03 4.080022323573189932e-03 2.886626598998606567e-03
1.947985575249633939e+03 1.245204406446447365e+03 8.831514578997871467e+01 0.000000000000000000e+00 0.000000000000000000e+00 3.884238907275516794e-03 4.080022323573196004e-03 4.080022323573189932e-03 2.886366240925424594e-03
1.947992396676958151e+03 1.245120010801833359e+03 8.831283028470781460e+01 0.000000000000000000e+00 0.000000000000000000e+00 6.140301196282393903e-03 4.080022323573196004e-03 4.080022323573189932e-03 2.886366194221525600e-03
1.948031043500988972e+03 1.245093819680275374e+03 8.831403463951266986e+01 0.000000000000000000e+00 0.000000000000000000e+00 5.071737919934093952e-03 4.080022323573196004e-03 4.080022323573189932e-03 2.886366219333475879e-03
2.262897838219195819e+03 1.228598246212882259e+03 1.057566573908448220e+02 0.000000000000000000e+00 0.000000000000000000e+00 -3.842746035250854675e-02 4.080022323573196004e-03 4.080022323573189932e-03 2.886726236946286859e-03
2.259052680228566715e+03 9.077189053722008794e+02 9.664820568964354663e+01 0.000000000000000000e+00 0.000000000000000000e+00 4.820350891407088056e-03 4.080022323573196004e-03 4.080022323573189932e-03 2.886531662475174450e-03
2.259226450022947574e+03 9.076918260411159736e+02 9.665814276965336660e+01 0.000000000000000000e+00 0.000000000000000000e+00 3.072572504414949890e-02 4.080022323573196004e-03 4.080022323573189932e-03 2.886531862220150218e-03
2.259138491320489265e+03 9.076586917845166909e+02 9.665200940478287350e+01 0.000000000000000000e+00 0.000000000000000000e+00 3.741420734398559489e-02 4.080022323573196004e-03 4.080022323573189932e-03 2.886531737135492309e-03
1.940251318745585877e+03 9.083097836167733021e+02 7.868965267263672558e+01 0.000000000000000000e+00 0.000000000000000000e+00 -6.129903260728042369e-03 4.080022323573196004e-03 4.080022323573189932e-03 2.886170037594479147e-03
1.940364841040920055e+03 9.082013758970429080e+02 7.869304443410712224e+01 0.000000000000000000e+00 0.000000000000000000e+00 5.372927875882282933e-03 4.080022323573196004e-03 4.080022323573189932e-03 2.886170104299379865e-03
1.940352332615422938e+03 9.081701231990422230e+02 7.869167339829259333e+01 0.000000000000000000e+00 0.000000000000000000e+00 1.927279227867018108e-02 4.080022323573196004e-03 4.080022323573189932e-03 2.886170076376102026e-03
2.073884334416818092e+03 7.555676056953234365e+02 8.261355679477955505e+01 0.000000000000000000e+00 0.000000000000000000e+00 1.036140205745539333e-02 4.080022323573196004e-03 4.080022323573189932e-03 2.886245106858890616e-03
2.258529476861604508e+03 5.290741307604580470e+02 8.949498122934224398e+01 0.000000000000000000e+00 0.000000000000000000e+00 3.118729234525119409e-02 4.080022323573196004e-03 4.080022323573189932e-03 2.886371574551054725e-03
2.258688209767268745e+03 5.290640085765552385e+02 8.950440550903718417e+01 0.000000000000000000e+00 0.000000000000000000e+00 4.445181137509734981e-02 4.080022323573196004e-03 4.080022323573189932e-03 2.886371759522933685e-03
2.258857368158329791e+03 5.291541585825970060e+02 8.951587332173031086e+01 0.000000000000000000e+00 0.000000000000000000e+00 4.855073118154962231e-02 4.080022323573196004e-03 4.080022323573189932e-03 2.886371990158430930e-03
1.939567823156420445e+03 5.204545908944438679e+02 7.157280586007829015e+01 0.000000000000000000e+00 0.000000000000000000e+00 -1.887791392758231268e-02 4.080022323573196004e-03 4.080022323573189932e-03 2.886019690905087132e-03
1.939474819859953868e+03 5.204765566615508305e+02 7.156832217135493579e+01 0.000000000000000000e+00 0.000000000000000000e+00 -2.233196991329577941e-02 4.080022323573196004e-03 4.080022323573189932e-03 2.886019604034185601e-03
1.939372568340088947e+03 5.204065021550759411e+02 7.156212366081545895e+01 0.000000000000000000e+00 0.000000000000000000e+00 -1.654182842433726819e-02 4.080022323573196004e-03 4.080022323573189932e-03 2.886019480559923536e-03
2.262383745803719648e+03 2.114991514690098313e+02 8.647941811514972699e+01 0.000000000000000000e+00 0.000000000000000000e+00 4.842243238790899795e-02 4.080022323573196004e-03 4.080022323573189932e-03 2.886293775357781730e-03
1.946025817263058798e+03 2.149416361206692443e+02 6.891913892021008792e+01 0.000000000000000000e+00 0.000000000000000000e+00 3.495537897069311839e-02 4.080022323573196004e-03 4.080022323573189932e-03 2.885956071710898789e-03
1.946051611818793162e+03 2.147881730282228716e+02 6.891952544220593779e+01 0.000000000000000000e+00 0.000000000000000000e+00 3.324201968402462626e-02 4.080022323573196004e-03 4.080022323573189932e-03 2.885956072136331482e-03
1.946075038622581815e+03 2.147726813542199977e+02 6.892063102812529962e+01 0.000000000000000000e+00 0.000000000000000000e+00 1.994291918721557977e-02 4.080022323573196004e-03 4.080022323573189932e-03 2.885956092627896090e-03
2.142183785633803382e+03 4.248786766963900163e+01 7.876275019681048661e+01 0.000000000000000000e+00 0.000000000000000000e+00 1.489737034367522028e-02 4.080022323573196004e-03 4.080022323573189932e-03 2.886135069234355838e-03
2.142429948467103259e+03 4.252168478272052710e+01 7.877671572939600253e+01 0.000000000000000000e+00 0.000000000000000000e+00 1.819400297597439931e-02 4.080022323573196004e-03 4.080022323573189932e-03 2.886135337680950218e-03
2.142550983500294478e+03 4.251900985761719198e+01 7.878354081329212022e+01 0.000000000000000000e+00 0.000000000000000000e+00 2.131992193015719295e-02 4.080022323573196004e-03 4.080022323573189932e-03 2.886135467702096846e-03
2.262805241563039999e+03 -1.876058567752708370e+02 8.586744347996437909e+01 0.000000000000000000e+00 0.000000000000000000e+00 3.696224696243177732e-02 4.080022323573196004e-03 4.080022323573189932e-03 2.886254691192791360e-03
2.262717689194767900e+03 -1.877539385530385232e+02 8.586269678592753962e+01 0.000000000000000000e+00 0.000000000000000000e+00 2.932349028679936964e-02 4.080022323573196004e-03 4.080022323573189932e-03 2.886254590833111158e-03
2.262682292646821224e+03 -1.877847854615351650e+02 8.586068656094310825e+01 0.000000000000000000e+00 0.000000000000000000e+00 2.695538436347533207e-02 4.080022323573196004e-03 4.080022323573189932e-03 2.886254550606868249e-03
1.940333015341655027e+03 -1.808508847834158075e+02 6.807953827922901269e+01 0.000000000000000000e+00 0.000000000000000000e+00 -1.014121781999222094e-02 4.080022323573196004e-03 4.080022323573189932e-03 2.885919977089841573e-03
1.940364445698376812e+03 -1.809814481560358956e+02 6.808155951093505109e+01 0.000000000000000000e+00 0.000000000000000000e+00 -5.219036725392811604e-03 4.080022323573196004e-03 4.080022323573189932e-03 2.885920007842538403e-03
1.940491728996324355e+03 -1.810037037049446837e+02 6.808808357162186553e+01 0.000000000000000000e+00 0.000000000000000000e+00 -8.736911447243755902e-03 4.080022323573196004e-03 4.080022323573189932e-03 2.885920129049807450e-03
2.262158786527957545e+03 -5.076686234162624487e+02 8.803849044339168017e+01 0.000000000000000000e+00 0.000000000000000000e+00 -1.445880095127449749e-02 4.080022323573196004e-03 4.080022323573189932e-03 2.886272111777187389e-03
2.261860113197622013e+03 -5.078365526825479037e+02 8.802258357910837105e+01 0.000000000000000000e+00 0.000000000000000000e+00 -2.356124381051927230e-02 4.080022323573196004e-03 4.080022323573189932e-03 2.886271802467907377e-03
2.261748166681461953e+03 -5.079063821990297356e+02 8.801669566635455055e+01 0.000000000000000000e+00 0.000000000000000000e+00 -2.269551380982193223e-02 4.080022323573196004e-03 4.080022323573189932e-03 2.886271687412363292e-03
1.950526908292589269e+03 -4.929137684167889688e+02 7.075240596401600612e+01 0.000000000000000000e+00 0.000000000000000000e+00 -3.057572006639475148e-02 4.080022323573196004e-03 4.080022323573189932e-03 2.885951724312817070e-03
1.950801304419477447e+03 -4.931607400624320690e+02 7.076892322381591782e+01 0.000000000000000000e+00 0.000000000000000000e+00 -3.195724944743005835e-02 4.080022323573196004e-03 4.080022323573189932e-03 2.885952015314439175e-03
1.950863416975371365e+03 -4.932541514222450019e+02 7.077305750213187707e+01 0.000000000000000000e+00 0.000000000000000000e+00 -3.204109784387298987e-02 4.080022323573196004e-03 4.080022323573189932e-03 2.885952086250657880e-03
2.074218459287456881e+03 -6.566844517433978581e+02 7.925325522403102241e+01 0.000000000000000000e+00 0.000000000000000000e+00 -2.349405238284418829e-02 4.080022323573196004e-03 4.080022323573189932e-03 2.886098518826020910e-03
2.074124334304941385e+03 -6.568036270962098797e+02 7.924986935067019544e+01 0.000000000000000000e+00 0.000000000000000000e+00 -1.717775410081401333e-02 4.080022323573196004e-03 4.080022323573189932e-03 2.886098448335954868e-03
2.074215607572761655e+03 -6.568141942034848171e+02 7.925494646981323399e+01 0.000000000000000000e+00 0.000000000000000000e+00 -2.781665841682467999e-02 4.080022323573196004e-03 4.080022323573189932e-03 2.886098541409701929e-03
2.264238952132779104e+03 -8.971803793423791831e+02 9.406633144640545652e+01 0.000000000000000000e+00 0.000000000000000000e+00 -1.146337921581164210e-02 4.080022323573196004e-03 4.080022323573189932e-03 2.886354842991685401e-03
2.264205346368657047e+03 -8.971333824578874783e+02 9.406342237081490509e+01 0.000000000000000000e+00 0.000000000000000000e+00 -1.584154938436199700e-02 4.080022323573196004e-03 4.080022323573189932e-03 2.886354792836003276e-03
2.264222844705106127e+03 -8.971368802429996094e+02 9.406452481681108679e+01 0.000000000000000000e+00 0.000000000000000000e+00 -2.851024478253805228e-02 4.080022323573196004e-03 4.080022323573189932e-03 2.886354812914834235e-03
1.941931602719374951e+03 -8.955400305267803560e+02 7.641882732963242120e+01 0.000000000000000000e+00 0.000000000000000000e+00 -9.593195130122467162e-03 4.080022323573196004e-03 4.080022323573189932e-03 2.886030859330088790e-03
2.266999834965680293e+03 -1.210073433763305957e+03 1.015059602243713357e+02 0.000000000000000000e+00 0.000000000000000000e+00 -6.605923972756500007e-03 4.080022323573196004e-03 4.080022323573189932e-03 2.886468212485163252e-03
2.267147370485607098e+03 -1.210007426903447140e+03 1.015128999166139181e+02 0.000000000000000000e+00 0.000000000000000000e+00 -5.742248824176954258e-03 4.080022323573196004e-03 4.080022323573189932e-03 2.886468344812186289e-03
2.267159359910158855e+03 -1.209968775996474733e+03 1.015125702410716571e+02 0.000000000000000000e+00 0.000000000000000000e+00 -7.768107939682522556e-03 4.080022323573196004e-03 4.080022323573189932e-03 2.886468341668349102e-03
1.944342492385022524e+03 -1.207833393638538610e+03 8.382107420827165356e+01 0.000000000000000000e+00 0.000000000000000000e+00 2.118872451578113214e-02 4.080022323573196004e-03 4.080022323573189932e-03 2.886145376569204321e-03
1.944408992578187735e+03 -1.207885675059709001e+03 8.382581936288652003e+01 0.000000000000000000e+00 0.000000000000000000e+00 2.436368313891534854e-02 4.080022323573196004e-03 4.080022323573189932e-03 2.886145459329940953e-03
1.944454997118599522e+03 -1.207972460722505502e+03 8.383046210464856074e+01 0.000000000000000000e+00 0.000000000000000000e+00 2.449616200641457908e-02 4.080022323573196004e-03 4.080022323573189932e-03 2.886145537934083679e-03
2.072407056207458936e+03 -1.375047500399318778e+03 9.528290106151989391e+01 0.000000000000000000e+00 0.000000000000000000e+00 2.871899553564105645e-02 4.080022323573196004e-03 4.080022323573189932e-03 2.886342389515270807e-03
2.072410897589682463e+03 -1.375063861243437032e+03 9.528360876297981008e+01 0.000000000000000000e+00 0.000000000000000000e+00 2.725955094182097582e-02 4.080022323573196004e-03 4.080022323573189932e-03 2.886342401243790004e-03
2.072407426518054308e+03 -1.375148628852433376e+03 9.528602076244231966e+01 0.000000000000000000e+00 0.000000000000000000e+00 3.227879794964394478e-02 4.080022323573196004e-03 4.080022323573189932e-03 2.886342439156096978e-03
2.264904328641856409e+03 -1.597248688557868263e+03 1.134982884641310079e+02 0.000000000000000000e+00 0.000000000000000000e+00 7.875026062151846418e-04 4.080022323573196004e-03 4.080022323573189932e-03 2.886658695754884974e-03
2.264948827646207064e+03 -1.597183498548874468e+03 1.134985827047234039e+02 0.000000000000000000e+00 0.000000000000000000e+00 -2.159345330511541761e-03 4.080022323573196004e-03 4.080022323573189932e-03 2.886658706143737946e-03
2.265011097667082140e+03 -1.597111272189027204e+03 1.134996736279684342e+02 0.000000000000000000e+00 0.000000000000000000e+00 4.617411049423481018e-03 4.080022323573196004e-03 4.080022323573189932e-03 2.886658731670631479e-03
1.946596581762823689e+03 -1.599495066220508988e+03 9.619833249532240416e+01 0.000000000000000000e+00 0.000000000000000000e+00 -2.564758774848030498e-02 4.080022323573196004e-03 4.080022323573189932e-03 2.886343097097197451e-03
1.946633064135089398e+03 -1.599607992327111333e+03 9.620420521650723344e+01 0.000000000000000000e+00 0.000000000000000000e+00 2.380072403056487929e-02 4.080022323573196004e-03 4.080022323573189932e-03 2.886343195593036540e-03
1.946672755017035115e+03 -1.599613317995411307e+03 9.620639094437392203e+01 0.000000000000000000e+00 0.000000000000000000e+00 3.153907709337033793e-02 4.080022323573196004e-03 4.080022323573189932e-03 2.886343234865184140e-03
2.265471450773934521e+03 -1.919679420330694484e+03 1.262536173584177988e+02 0.000000000000000000e+00 0.000000000000000000e+00 -1.805714203740649282e-02 4.080022323573196004e-03 4.080022323573189932e-03 2.886867506607103048e-03
1.942255994806318540e+03 -1.908036535280350790e+03 1.081000805824759965e+02 0.000000000000000000e+00 0.000000000000000000e+00 -1.074138591418716260e-02 4.080022323573196004e-03 4.080022323573189932e-03 2.886536426852455168e-03
1.942429817475156369e+03 -1.908046173751042261e+03 1.081092207020992930e+02 0.000000000000000000e+00 0.000000000000000000e+00 5.081895909512468279e-03 4.080022323573196004e-03 4.080022323573189932e-03 2.886536592378250929e-03
1.942254634212355086e+03 -1.908088238742264366e+03 1.081022255172199493e+02 0.000000000000000000e+00 0.000000000000000000e+00 -3.320087037465668800e-03 4.080022323573196004e-03 4.080022323573189932e-03 2.886536461881843412e-03
2.077848251429686115e+03 -2.077893032589240647e+03 1.227679354155104647e+02 0.000000000000000000e+00 0.000000000000000000e+00 1.332604283692262470e-02 4.080022323573196004e-03 4.080022323573189932e-03 2.886790672131533345e-03
2.077737619768110108e+03 -2.077894061856698954e+03 1.227620140122841690e+02 0.000000000000000000e+00 0.000000000000000000e+00 2.850394306079806483e-03 4.080022323573196004e-03 4.080022323573189932e-03 2.886790563522707853e-03
2.077770468507571877e+03 -2.077882313962104035e+03 1.227632370300179758e+02 0.000000000000000000e+00 0.000000000000000000e+00 -2.266284048928923767e-03 4.080022323573196004e-03 4.080022323573189932e-03 2.886790586906552193e-03
1.948093350428394842e+03 -2.304380382149292927e+03 1.271686694173423717e+02 0.000000000000000000e+00 0.000000000000000000e+00 -9.015283043936506147e-03 4.080022323573196004e-03 4.080022323573189932e-03 2.886851954910144621e-03
1.948123006140919870e+03 -2.304894208548138977e+03 1.271968684969521917e+02 0.000000000000000000e+00 0.000000000000000000e+00 -2.698013127520937360e-02 4.080022323573196004e-03 4.080022323573189932e-03 2.886852426636153136e-03
1.948191635856180255e+03 -2.304994855093563274e+03 1.272055677958619810e+02 0.000000000000000000e+00 0.000000000000000000e+00 6.930310332464273415e-03 4.080022323573196004e-03 4.080022323573189932e-03 2.886852577360885311e-03
2.274051522407646644e+03 -2.315702457050099838e+03 1.456896560404339880e+02 0.000000000000000000e+00 0.000000000000000000e+00 6.964670360360969426e-03 4.080022323573196004e-03 4.080022323573189932e-03 2.887192953505722959e-03
2.274015675213684517e+03 -2.315863761273079490e+03 1.456959804614870393e+02 0.000000000000000000e+00 0.000000000000000000e+00 6.935921193274907637e-03 4.080022323573196004e-03 4.080022323573189932e-03 2.887193056417582983e-03
2.273992420150263115e+03 -2.315875391152422253e+03 1.456952063599865994e+02 0.000000000000000000e+00 0.000000000000000000e+00 5.882940094494415462e-03 4.080022323573196004e-03 4.080022323573189932e-03 2.887193040998982125e-03
1.582941564375908683e+03 -3.025625972619952790e+03 1.539253140324429694e+02 0.000000000000000000e+00 0.000000000000000000e+00 1.072820229313720120e-02 4.080022323573193402e-03 4.080022323573189932e-03 2.887268335066968221e-03
1.255294397178802683e+03 -3.032559784422615394e+03 1.423292091250720546e+02 0.000000000000000000e+00 0.000000000000000000e+00 -3.820182368261271222e-02 4.080022323573193402e-03 4.080022323573189932e-03 2.887050325578263080e-03
1.255434112422729868e+03 -3.032559185009591147e+03 1.423337086000661884e+02 0.000000000000000000e+00 0.000000000000000000e+00 -2.750555881681293613e-02 4.080022323573193402e-03 4.080022323573189932e-03 2.887050409581579102e-03
1.255379818944537647e+03 -3.032624593041693061e+03 1.423364347609795573e+02 0.000000000000000000e+00 0.000000000000000000e+00 -3.415226583729236154e-02 4.080022323573193402e-03 4.080022323573189932e-03 2.887050450999914010e-03
1.431497559929577619e+03 -2.830728199505798784e+03 1.350705495715027666e+02 0.000000000000000000e+00 0.000000000000000000e+00 -3.691988309626026421e-02 4.080022323573193402e-03 4.080022323573189932e-03 2.886942461343010215e-03
1.430556689974455367e+03 -2.830865975997959140e+03 1.350445432682443823e+02 0.000000000000000000e+00 0.000000000000000000e+00 -3.167710179090477141e-02 4.080022323573193402e-03 4.080022323573189932e-03 2.886941962764690527e-03
1.430506706150876425e+03 -2.830936019415008104e+03 1.350471748921164590e+02 0.000000000000000000e+00 0.000000000000000000e+00 -4.078736772737556748e-02 4.080022323573193402e-03 4.080022323573189932e-03 2.886942002783422345e-03
1.609040749997566081e+03 -2.673015681669587138e+03 1.322486619854728929e+02 0.000000000000000000e+00 0.000000000000000000e+00 2.041228877172329703e-02 4.080022323573193402e-03 4.080022323573189932e-03 2.886908821876913410e-03
1.608941272244162292e+03 -2.673002085065403662e+03 1.322436991183677151e+02 0.000000000000000000e+00 0.000000000000000000e+00 -4.745131914404510098e-03 4.080022323573193402e-03 4.080022323573189932e-03 2.886908731814182699e-03
1.608925895365928000e+03 -2.672969959410358115e+03 1.322411196119477665e+02 0.000000000000000000e+00 0.000000000000000000e+00 -1.658999334665622882e-02 4.080022323573193402e-03 4.080022323573189932e-03 2.886908687785220366e-03
1.251146891115882454e+03 -2.639088004785129215e+03 1.170198888432707918e+02 0.000000000000000000e+00 0.000000000000000000e+00 -6.412557357724324447e-02 4.080022323573193402e-03 4.080022323573189932e-03 2.886632957522137187e-03
1.251210545032271739e+03 -2.639047835496049174e+03 1.170195509797778470e+02 0.000000000000000000e+00 0.000000000000000000e+00 -8.852136354337858393e-02 4.080022323573193402e-03 4.080022323573189932e-03 2.886632955786786175e-03
1.251236114597789083e+03 -2.639041751046780973e+03 1.170200118736180173e+02 0.000000000000000000e+00 0.000000000000000000e+00 -6.149059645358079251e-02 4.080022323573193402e-03 4.080022323573189932e-03 2.886632964879860125e-03
1.570852460223701883e+03 -2.352899109608540130e+03 1.125600464449079965e+02 0.000000000000000000e+00 0.000000000000000000e+00 1.128413669307803957e-02 4.080022323573193402e-03 4.080022323573189932e-03 2.886580445732147074e-03
1.570872001361566163e+03 -2.352956415403880328e+03 1.125638669201455571e+02 0.000000000000000000e+00 0.000000000000000000e+00 1.491415729300626936e-02 4.080022323573193402e-03 4.080022323573189932e-03 2.886580509990383826e-03
1.570788352681480319e+03 -2.353069493781329584e+03 1.125664646976008498e+02 0.000000000000000000e+00 0.000000000000000000e+00 1.574930768141769022e-02 4.080022323573193402e-03 4.080022323573189932e-03 2.886580546857299596e-03
1.261608113472911555e+03 -2.335744747586837548e+03 1.004175706784290298e+02 0.000000000000000000e+00 0.000000000000000000e+00 1.160802944217209642e-02 4.080022323573193402e-03 4.080022323573189932e-03 2.886361865150375867e-03
1.261865581404421391e+03 -2.336053166467881056e+03 1.004420305706551062e+02 0.000000000000000000e+00 0.000000000000000000e+00 1.814622270498489343e-02 4.080022323573193402e-03 4.080022323573189932e-03 2.886362278807906405e-03
1.262316853196679176e+03 -2.335881339098044009e+03 1.004476084672954670e+02 0.000000000000000000e+00 0.000000000000000000e+00 7.010368640862907341e-03 4.080022323573193402e-03 4.080022323573189932e-03 2.886362395199983371e-03
1.421362330961387670e+03 -2.124900300983565103e+03 9.536663059142290422e+01 0.000000000000000000e+00 0.000000000000000000e+00 -1.566492230008975639e-02 4.080022323573193402e-03 4.080022323573189932e-03 2.886288860337272652e-03
1.421374913100597951e+03 -2.124821419389239963e+03 9.536333426346013198e+01 0.000000000000000000e+00 0.000000000000000000e+00 -2.046158255289753924e-02 4.080022323573193402e-03 4.080022323573189932e-03 2.886288807346660320e-03
1.421373347394154735e+03 -2.124834101030265174e+03 9.536388083340848709e+01 0.000000000000000000e+00 0.000000000000000000e+00 -3.121069919274077620e-02 4.080022323573193402e-03 4.080022323573189932e-03 2.886288816165389921e-03
1.590622063970703493e+03 -1.956749847748244292e+03 9.421385928833203138e+01 0.000000000000000000e+00 0.000000000000000000e+00 -1.409080357937853023e-02 4.080022323573193402e-03 4.080022323573189932e-03 2.886281231393741931e-03
1.590606953163082153e+03 -1.956855032684548405e+03 9.421785199098086139e+01 0.000000000000000000e+00 0.000000000000000000e+00 -1.522544923886925972e-02 4.080022323573193402e-03 4.080022323573189932e-03 2.886281295418793684e-03
1.590532522716412132e+03 -1.956902135789145632e+03 9.421687888458812665e+01 0.000000000000000000e+00 0.000000000000000000e+00 -2.598601663852662114e-02 4.080022323573193402e-03 4.080022323573189932e-03 2.886281274314352139e-03
1.260602018202730051e+03 -1.951784591649184449e+03 8.196256329617781944e+01 0.000000000000000000e+00 0.000000000000000000e+00 -1.058399225445327829e-02 4.080022323573193402e-03 4.080022323573189932e-03 2.886061592120618691e-03
1.260691449175645403e+03 -1.951703766509452180e+03 8.196191166764972991e+01 0.000000000000000000e+00 0.000000000000000000e+00 -1.597490402807011378e-02 4.080022323573193402e-03 4.080022323573189932e-03 2.886061586370738952e-03
1.260356694312191621e+03 -1.951495417851192769e+03 8.194206096529229910e+01 0.000000000000000000e+00 0.000000000000000000e+00 -1.885976907529141045e-02 4.080022323573193402e-03 4.080022323573189932e-03 2.886061246509034200e-03
1.638426494094720056e+03 -1.611788802094903531e+03 8.242327121304992943e+01 0.000000000000000000e+00 0.000000000000000000e+00 2.009045811313114882e-02 4.080022323573193402e-03 4.080022323573189932e-03 2.886093412079877331e-03
1.638631588079344283e+03 -1.611607291200758709e+03 8.242535189934444873e+01 0.000000000000000000e+00 0.000000000000000000e+00 2.196991999923625372e-02 4.080022323573193402e-03 4.080022323573189932e-03 2.886093461603970491e-03
1.638671312903213675e+03 -1.611587904488377035e+03 8.242632314356126244e+01 0.000000000000000000e+00 0.000000000000000000e+00 2.730963945752762356e-02 4.080022323573193402e-03 4.080022323573189932e-03 2.886093480365988905e-03
1.258363011397808123e+03 -1.621818419209520016e+03 6.871584495896729550e+01 0.000000000000000000e+00 0.000000000000000000e+00 5.096737396073081072e-03 4.080022323573193402e-03 4.080022323573189932e-03 2.885847284840525710e-03
1.258366400889751276e+03 -1.621702778418075013e+03 6.871176386115909906e+01 0.000000000000000000e+00 0.000000000000000000e+00 -6.452119667898159605e-03 4.080022323573193402e-03 4.080022323573189932e-03 2.885847219236473572e-03
1.258322901405341781e+03 -1.621768281889427954e+03 6.871274287520223822e+01 0.000000000000000000e+00 0.000000000000000000e+00 -6.042631036081047569e-03 4.080022323573193402e-03 4.080022323573189932e-03 2.885847232635936534e-03
1.406659296155204402e+03 -1.405484475024115454e+03 6.644021458055817675e+01 0.000000000000000000e+00 0.000000000000000000e+00 1.215153517799194560e-02 4.080022323573193402e-03 4.080022323573189932e-03 2.885819637796240272e-03
1.595377433582075355e+03 -1.255970963144346797e+03 6.924657533806605159e+01 0.000000000000000000e+00 0.000000000000000000e+00 -2.404619299082355610e-02 4.080022323573193402e-03 4.080022323573189932e-03 2.885878767948741631e-03
1.595339730011774236e+03 -1.256036034579784655e+03 6.924685631739266967e+01 0.000000000000000000e+00 0.000000000000000000e+00 -9.381081360572807171e-03 4.080022323573193402e-03 4.080022323573189932e-03 2.885878769162779182e-03
1.595432326030616423e+03 -1.255942650254864930e+03 6.924802734524556058e+01 0.000000000000000000e+00 0.000000000000000000e+00 -7.087394323306739352e-03 4.080022323573193402e-03 4.080022323573189932e-03 2.885878795751077152e-03
1.258117972978611306e+03 -1.226956791508521292e+03 5.614187723114764594e+01 0.000000000000000000e+00 0.000000000000000000e+00 1.531888497126487891e-03 4.080022323573193402e-03 4.080022323573189932e-03 2.885645373438731377e-03
1.258187560041630832e+03 -1.226929831999878616e+03 5.614336961803974191e+01 0.000000000000000000e+00 0.000000000000000000e+00 1.396258755107737670e-02 4.080022323573193402e-03 4.080022323573189932e-03 2.885645401507845684e-03
1.258225758796663513e+03 -1.226750320274229807e+03 5.613967315241551148e+01 0.000000000000000000e+00 0.000000000000000000e+00 6.235484015327585894e-03 4.080022323573193402e-03 4.080022323573189932e-03 2.885645344780174513e-03
1.259611060501163820e+03 -9.249724524166962283e+02 4.892856022086902357e+01 0.000000000000000000e+00 0.000000000000000000e+00 1.206478768158092407e-02 4.080022323573193402e-03 4.080022323573189932e-03 2.885530854717328897e-03
1.259649120011001287e+03 -9.248906868435515207e+02 4.892809497582287293e+01 0.000000000000000000e+00 0.000000000000000000e+00 1.255699008311950138e-02 4.080022323573193402e-03 4.080022323573189932e-03 2.885530850078925087e-03
1.259598212536827532e+03 -9.248764108340492385e+02 4.892616210921339359e+01 0.000000000000000000e+00 0.000000000000000000e+00 1.473857942064427107e-02 4.080022323573193402e-03 4.080022323573189932e-03 2.885530815980090220e-03
1.572250265264721293e+03 -9.090471416199768555e+02 5.994090968573194544e+01 0.000000000000000000e+00 0.000000000000000000e+00 5.475034259691113903e-02 4.080022323573193402e-03 4.080022323573189932e-03 2.885730312498850127e-03
1.572118109660481650e+03 -9.091469239456370133e+02 5.993759024941014957e+01 0.000000000000000000e+00 0.000000000000000000e+00 4.617111973530541036e-02 4.080022323573193402e-03 4.080022323573189932e-03 2.885730247124061211e-03
1.572117995648686019e+03 -9.091416142148407289e+02 5.993747833112132639e+01 0.000000000000000000e+00 0.000000000000000000e+00 4.767134750250789921e-02 4.080022323573193402e-03 4.080022323573189932e-03 2.885730245379049957e-03
1.455677115703538902e+03 -6.772819899614561336e+02 5.132614832635864843e+01 0.000000000000000000e+00 0.000000000000000000e+00 3.177192116347526962e-02 4.080022323573193402e-03 4.080022323573189932e-03 2.885585499466645533e-03
1.455878653804426222e+03 -6.771909258562676541e+02 5.133231832407996365e+01 0.000000000000000000e+00 0.000000000000000000e+00 5.975063102836486451e-02 4.080022323573193402e-03 4.080022323573189932e-03 2.885585615818316452e-03
1.455723736424673234e+03 -6.772626165462324934e+02 5.132760088805709131e+01 0.000000000000000000e+00 0.000000000000000000e+00 3.653525138323487909e-02 4.080022323573193402e-03 4.080022323573189932e-03 2.885585526764103664e-03
1.254636755628645460e+03 -5.273162129474732183e+02 4.232856775802704874e+01 0.000000000000000000e+00 0.000000000000000000e+00 1.648195161182286483e-02 4.080022323573193402e-03 4.080022323573189932e-03 2.885427962037721058e-03
1.254672235580176448e+03 -5.273920377414771110e+02 4.233059742328551067e+01 0.000000000000000000e+00 0.000000000000000000e+00 -1.508312239806741673e-03 4.080022323573193402e-03 4.080022323573189932e-03 2.885427996218204588e-03
1.254596774408050123e+03 -5.273519400711081744e+02 4.232769893281107443e+01 0.000000000000000000e+00 0.000000000000000000e+00 9.751021251602765005e-03 4.080022323573193402e-03 4.080022323573189932e-03 2.885427944896025009e-03
1.563573312641809480e+03 -5.126811782748515043e+02 5.335960534633535701e+01 0.000000000000000000e+00 0.000000000000000000e+00 -2.367964558170854161e-02 4.080022323573193402e-03 4.080022323573189932e-03 2.885630172975596659e-03
1.563434210775665406e+03 -5.129120658919814559e+02 5.335658581817614277e+01 0.000000000000000000e+00 0.000000000000000000e+00 -1.872351831124774435e-02 4.080022323573193402e-03 4.080022323573189932e-03 2.885630107000863170e-03
1.563275124434240297e+03 -5.129941887379200125e+02 5.335109251654338181e+01 0.000000000000000000e+00 0.000000000000000000e+00 -2.188016471605891411e-02 4.080022323573193402e-03 4.080022323573189932e-03 2.885630002503844060e-03
1.577126968059768160e+03 -2.195548942899926033e+02 5.160961325512865727e+01 0.000000000000000000e+00 0.000000000000000000e+00 -1.707157076627652259e-02 4.080022323573193402e-03 4.080022323573189932e-03 2.885610572296859033e-03
1.576963735742435574e+03 -2.196938817964605164e+02 5.160356234656572383e+01 0.000000000000000000e+00 0.000000000000000000e+00 -1.575900411258857048e-02 4.080022323573193402e-03 4.080022323573189932e-03 2.885610454284610188e-03
1.576968984235789549e+03 -2.197508172012257148e+02 5.160403121710886865e+01 0.000000000000000000e+00 0.000000000000000000e+00 -1.449725783060529238e-02 4.080022323573193402e-03 4.080022323573189932e-03 2.885610460711833091e-03
1.259314056301835308e+03 -1.999139239949115563e+02 3.987070772061632340e+01 0.000000000000000000e+00 0.000000000000000000e+00 2.134406801407351395e-02 4.080022323573193402e-03 4.080022323573189932e-03 2.885393643045889960e-03
1.259232714613682901e+03 -1.999550997478646082e+02 3.986823915671209306e+01 0.000000000000000000e+00 0.000000000000000000e+00 2.200027170550100664e-02 4.080022323573193402e-03 4.080022323573189932e-03 2.885393596229408712e-03
1.259328446184815675e+03 -1.997632337520086310e+02 3.987054035346513103e+01 0.000000000000000000e+00 0.000000000000000000e+00 1.326141704989680647e-02 4.080022323573193402e-03 4.080022323573189932e-03 2.885393644223994448e-03
1.398245301809020930e+03 1.447360540409414398e+01 4.428543872102946466e+01 0.000000000000000000e+00 0.000000000000000000e+00 -1.346776162004204025e-02 4.080022323573193402e-03 4.080022323573189932e-03 2.885481751405926266e-03
1.398267408584623809e+03 1.450355899395613335e+01 4.428626657659512489e+01 0.000000000000000000e+00 0.000000000000000000e+00 -2.006108910690329594e-02 4.080022323573193402e-03 4.080022323573189932e-03 2.885481767721095967e-03
1.398198553119257895e+03 1.442721057875498225e+01 4.428370266259781829e+01 0.000000000000000000e+00 0.000000000000000000e+00 -1.746204027897135802e-02 4.080022323573193402e-03 4.080022323573189932e-03 2.885481717626943617e-03
1.248729000406699697e+03 1.745146374218957703e+02 3.957568541686151065e+01 0.000000000000000000e+00 0.000000000000000000e+00 -9.932009389345353156e-03 4.080022323573193402e-03 4.080022323573189932e-03 2.885396483299530745e-03
1.248796019399851730e+03 1.746426854555315060e+02 3.957843722995005464e+01 0.000000000000000000e+00 0.000000000000000000e+00 -1.122389929710720935e-02 4.080022323573193402e-03 4.080022323573189932e-03 2.885396537177519188e-03
1.248901288813020756e+03 1.746686128061689658e+02 3.958197013650343621e+01 0.000000000000000000e+00 0.000000000000000000e+00 2.419548760312295599e-02 4.080022323573193402e-03 4.080022323573189932e-03 2.885396604275116197e-03
1.556733752166924432e+03 1.850080885385819442e+02 5.087939020676995483e+01 0.000000000000000000e+00 0.000000000000000000e+00 -5.789376228398879221e-02 4.080022323573193402e-03 4.080022323573189932e-03 2.885610753935582192e-03
1.556725199713351230e+03 1.849923321323047958e+02 5.087896380254586148e+01 0.000000000000000000e+00 0.000000000000000000e+00 -4.557732686566140501e-02 4.080022323573193402e-03 4.080022323573189932e-03 2.885610745411975459e-03
1.556742601644334627e+03 1.850252462759466425e+02 5.087983569826575803e+01 0.000000000000000000e+00 0.000000000000000000e+00 -4.677993235731747745e-02 4.080022323573193402e-03 4.080022323573189932e-03 2.885610762859563971e-03
1.591749954673337015e+03 4.870432133210604775e+02 5.492796728233355452e+01 0.000000000000000000e+00 0.000000000000000000e+00 -2.902259711009236298e-02 4.080022323573193402e-03 4.080022323573189932e-03 2.885695028470591957e-03
1.591839069435417514e+03 4.869800211212823911e+02 5.493092385544698431e+01 0.000000000000000000e+00 0.000000000000000000e+00 -3.293544623760880086e-02 4.080022323573193402e-03 4.080022323573189932e-03 2.885695084737633330e-03
1.591869433949312679e+03 4.869113303967271236e+02 5.493135280897971029e+01 0.000000000000000000e+00 0.000000000000000000e+00 -3.706559214856497420e-02 4.080022323573193402e-03 4.080022323573189932e-03 2.885695091955404849e-03
1.256050305613170394e+03 5.102304921970909959e+02 4.266768237295988797e+01 0.000000000000000000e+00 0.000000000000000000e+00 2.182992736668865064e-02 4.080022323573193402e-03 4.080022323573189932e-03 2.885458141158874987e-03
1.256023497243712427e+03 5.102021361865741369e+02 4.266644537602306286e+01 0.000000000000000000e+00 0.000000000000000000e+00 2.481822576458370122e-02 4.080022323573193402e-03 4.080022323573189932e-03 2.885458117298492567e-03
1.256098003877465771e+03 5.102955985568787582e+02 4.267006688544525872e+01 0.000000000000000000e+00 0.000000000000000000e+00 2.409322951221781750e-02 4.080022323573193402e-03 4.080022323573189932e-03 2.885458187148054032e-03
1.400309907882012340e+03 7.180438319633492483e+02 5.084453517324946148e+01 0.000000000000000000e+00 0.000000000000000000e+00 -8.952381686093247026e-03 4.080022323573193402e-03 4.080022323573189932e-03 2.885616628977463998e-03
1.400384857736367394e+03 7.181961109454158532e+02 5.085000229281911288e+01 0.000000000000000000e+00 0.000000000000000000e+00 -9.873026846456411931e-03 4.080022323573193402e-03 4.080022323573189932e-03 2.885616735322714746e-03
1.400337711821611038e+03 7.181488321183468315e+02 5.084742261551688358e+01 0.000000000000000000e+00 0.000000000000000000e+00 -8.409152165867794793e-03 4.080022323573193402e-03 4.080022323573189932e-03 2.885616684989368748e-03
1.246778095841188133e+03 8.912429441701258384e+02 4.890132037642544560e+01 0.000000000000000000e+00 0.000000000000000000e+00 1.526556395538847255e-02 4.080022323573193402e-03 4.080022323573189932e-03 2.885575622030477939e-03
1.246873290465360014e+03 8.912987275278426296e+02 4.890567946381051456e+01 0.000000000000000000e+00 0.000000000000000000e+00 1.596727143564891094e-02 4.080022323573193402e-03 4.080022323573189932e-03 2.885575707116749735e-03
1.246853895314839292e+03 8.913763894248320412e+02 4.890673672275838868e+01 0.000000000000000000e+00 0.000000000000000000e+00 1.415084076432293614e-02 4.080022323573193402e-03 4.080022323573189932e-03 2.885575726148760078e-03
1.581526413489007609e+03 8.802273215701583240e+02 6.121222240309753460e+01 0.000000000000000000e+00 0.000000000000000000e+00 -5.765523502040537096e-02 4.080022323573193402e-03 4.080022323573189932e-03 2.885820502694213825e-03
1.581440321392700298e+03 8.799431291156824955e+02 6.120237431305155695e+01 0.000000000000000000e+00 0.000000000000000000e+00 -5.479377105557148298e-02 4.080022323573193402e-03 4.080022323573189932e-03 2.885820308711894034e-03
1.581425990381602332e+03 8.798077637266279680e+02 6.119880534208634515e+01 0.000000000000000000e+00 0.000000000000000000e+00 -5.040817715371304075e-02 4.080022323573193402e-03 4.080022323573189932e-03 2.885820238654590759e-03
1.641101428167388576e+03 1.218195612778205032e+03 7.263793916766300640e+01 0.000000000000000000e+00 0.000000000000000000e+00 3.726914792494540052e-02 4.080022323573193402e-03 4.080022323573189932e-03 2.886045010931233626e-03
1.641192758250111638e+03 1.218013436925066799e+03 7.263639894873639946e+01 0.000000000000000000e+00 0.000000000000000000e+00 3.521730115137700068e-02 4.080022323573193402e-03 4.080022323573189932e-03 2.886044984939252055e-03
1.641252250539445868e+03 1.217852635591733360e+03 7.263410919654300812e+01 0.000000000000000000e+00 0.000000000000000000e+00 3.444438807557048676e-02 4.080022323573193402e-03 4.080022323573189932e-03 2.886044942965610045e-03
1.265861850181751379e+03 1.213146803652918607e+03 5.787555284189885185e+01 0.000000000000000000e+00 0.000000000000000000e+00 -1.571381209578248672e-02 4.080022323573193402e-03 4.080022323573189932e-03 2.885744020681268313e-03
1.265819051934113759e+03 1.213268458910380559e+03 5.787775353435962700e+01 0.000000000000000000e+00 0.000000000000000000e+00 -1.894431588248579601e-02 4.080022323573193402e-03 4.080022323573189932e-03 2.885744059305099009e-03
1.265828640085870802e+03 1.213233280419226048e+03 5.787702286103009897e+01 0.000000000000000000e+00 0.000000000000000000e+00 -1.194151234795981509e-02 4.080022323573193402e-03 4.080022323573189932e-03 2.885744046217372360e-03
1.457105958202504553e+03 1.442928690724997978e+03 7.245911576214510319e+01 0.000000000000000000e+00 0.000000000000000000e+00 4.884555554460234816e-02 4.080022323573193402e-03 4.080022323573189932e-03 2.886030955608635123e-03
1.457074979339997526e+03 1.442702161581458085e+03 7.244971238083459752e+01 0.000000000000000000e+00 0.000000000000000000e+00 4.586302222926974537e-02 4.080022323573193402e-03 4.080022323573189932e-03 2.886030774483351515e-03
1.456889695887034804e+03 1.442549713341379402e+03 7.243692298888863945e+01 0.000000000000000000e+00 0.000000000000000000e+00 4.911688402899017092e-02 4.080022323573193402e-03 4.080022323573189932e-03 2.886030518329891527e-03
1.581785000923900952e+03 1.597218632122953068e+03 8.348695278122912100e+01 0.000000000000000000e+00 0.000000000000000000e+00 1.537435910523754501e-02 4.080022323573193402e-03 4.080022323573189932e-03 2.886251359319371834e-03
1.581039983515122231e+03 1.597242268333554875e+03 8.345591471756691249e+01 0.000000000000000000e+00 0.000000000000000000e+00 1.745052280756453911e-02 4.080022323573193402e-03 4.080022323573189932e-03 2.886250703319520605e-03
1.581011802542333044e+03 1.597128636790769178e+03 8.345011855255667399e+01 0.000000000000000000e+00 0.000000000000000000e+00 1.384659905559715298e-02 4.080022323573193402e-03 4.080022323573189932e-03 2.886250589354615384e-03
1.255249200644926759e+03 1.612016141334459689e+03 7.153022615531196493e+01 0.000000000000000000e+00 0.000000000000000000e+00 -3.763613805870136275e-02 4.080022323573193402e-03 4.080022323573189932e-03 2.885998386461491576e-03
1.255298025340455297e+03 1.612183676446839627e+03 7.153864368012997943e+01 0.000000000000000000e+00 0.000000000000000000e+00 -4.672728305000362070e-02 4.080022323573193402e-03 4.080022323573189932e-03 2.885998547870808912e-03
1.255146123272679915e+03 1.612106131891370524e+03 7.153035693249933047e+01 0.000000000000000000e+00 0.000000000000000000e+00 -2.775123172732207877e-02 4.080022323573193402e-03 4.080022323573189932e-03 2.885998380827131844e-03
1.246060857762788601e+03 1.904882289482741498e+03 8.417649235107812444e+01 0.000000000000000000e+00 0.000000000000000000e+00 1.935189871673514972e-02 4.080022323573193402e-03 4.080022323573189932e-03 2.886234995883413604e-03
1.246608659678006688e+03 1.904833566870687264e+03 8.419279566436867412e+01 0.000000000000000000e+00 0.000000000000000000e+00 1.903964204392138981e-02 4.080022323573193402e-03 4.080022323573189932e-03 2.886235353880539471e-03
1.247929819038963842e+03 1.904889907257259438e+03 8.424052601190862788e+01 0.000000000000000000e+00 0.000000000000000000e+00 7.357370547609320965e-03 4.080022323573193402e-03 4.080022323573189932e-03 2.886236375743813157e-03
1.562294305454017149e+03 1.918806263852740358e+03 9.701025991725416020e+01 0.000000000000000000e+00 0.000000000000000000e+00 -7.427984619425842538e-04 4.080022323573193402e-03 4.080022323573189932e-03 2.886510651419636232e-03
1.562251767260763245e+03 1.918792526565342087e+03 9.700776354448377958e+01 0.000000000000000000e+00 0.000000000000000000e+00 -4.970532195002874687e-03 4.080022323573193402e-03 4.080022323573189932e-03 2.886510598918815701e-03
1.562182097290483398e+03 1.918834500734595167e+03 9.700683303752751385e+01 0.000000000000000000e+00 0.000000000000000000e+00 -3.991982363089618957e-03 4.080022323573193402e-03 4.080022323573189932e-03 2.886510573961335608e-03
1.443717997720198582e+03 2.167747850439609920e+03 1.051258527049293150e+02 0.000000000000000000e+00 0.000000000000000000e+00 2.643363572130397188e-02 4.080022323573193402e-03 4.080022323573189932e-03 2.886654286156378323e-03
1.574080750835687468e+03 2.303057339373842296e+03 1.183817518456801281e+02 0.000000000000000000e+00 0.000000000000000000e+00 2.428620465749986579e-03 4.080022323573193402e-03 4.080022323573189932e-03 2.886926810932885241e-03
1.574093642514491194e+03 2.303095205750989862e+03 1.183845754610615018e+02 0.000000000000000000e+00 0.000000000000000000e+00 4.992636227882485400e-03 4.080022323573193402e-03 4.080022323573189932e-03 2.886926867632727545e-03
1.574021557513435255e+03 2.303068148023985486e+03 1.183798047960049189e+02 0.000000000000000000e+00 0.000000000000000000e+00 3.456850061766658655e-03 4.080022323573193402e-03 4.080022323573189932e-03 2.886926765428981211e-03
1.240636715496147872e+03 2.334311232490042130e+03 1.072173537557956138e+02 0.000000000000000000e+00 0.000000000000000000e+00 -1.982485746509610181e-02 4.080022323573193402e-03 4.080022323573189932e-03 2.886670832172853231e-03
1.240672362144421868e+03 2.334323176816249543e+03 1.072192979043639411e+02 0.000000000000000000e+00 0.000000000000000000e+00 -2.635800250106967724e-02 4.080022323573193402e-03 4.080022323573189932e-03 2.886670873321965994e-03
1.240769799579931941e+03 2.334287219441216166e+03 1.072204913399048962e+02 0.000000000000000000e+00 0.000000000000000000e+00 -2.431632551885343219e-02 4.080022323573193402e-03 4.080022323573189932e-03 2.886670907283667934e-03
1.251734424066943575e+03 2.624374241770943627e+03 1.262261201802735968e+02 0.000000000000000000e+00 0.000000000000000000e+00 -5.669322658391706682e-03 4.080022323573193402e-03 4.080022323573189932e-03 2.887036278806657391e-03
1.251670272412228769e+03 2.624408141413458452e+03 1.262261863193424318e+02 0.000000000000000000e+00 0.000000000000000000e+00 -2.460617826244515527e-03 4.080022323573193402e-03 4.080022323573189932e-03 2.887036271636101575e-03
1.251699151421169745e+03 2.624484700985330619e+03 1.262324351374500111e+02 0.000000000000000000e+00 0.000000000000000000e+00 -5.266707893127886564e-03 4.080022323573193402e-03 4.080022323573189932e-03 2.887036395732737754e-03
1.562410886971031459e+03 2.630151303192621072e+03 1.389059216576956715e+02 0.000000000000000000e+00 0.000000000000000000e+00 7.395022789495442339e-03 4.080022323573193402e-03 4.080022323573189932e-03 2.887326975756296030e-03
1.562383668236507447e+03 2.630126700319670363e+03 1.389030265253033747e+02 0.000000000000000000e+00 0.000000000000000000e+00 -3.540757898520041635e-03 4.080022323573193402e-03 4.080022323573189932e-03 2.887326914756612427e-03
1.562374836588794096e+03 2.629990273257867102e+03 1.388932233119847126e+02 0.000000000000000000e+00 0.000000000000000000e+00 2.907626601597712579e-03 4.080022323573193402e-03 4.080022323573189932e-03 2.887326720744106279e-03
1.426147889319907790e+03 2.852301734403680257e+03 1.491828586261640623e+02 0.000000000000000000e+00 0.000000000000000000e+00 -1.759725223556074525e-02 4.080022323573193402e-03 4.080022323573189932e-03 2.887507634345165032e-03
1.426172628786031510e+03 2.852168490797540471e+03 1.491738239548992624e+02 0.000000000000000000e+00 0.000000000000000000e+00 -1.906250082336669038e-02 4.080022323573193402e-03 4.080022323573189932e-03 2.887507461066412141e-03
1.426156220171894802e+03 2.851987414996134703e+03 1.491595243264338819e+02 0.000000000000000000e+00 0.000000000000000000e+00 -1.745311750059386213e-02 4.080022323573193402e-03 4.080022323573189932e-03 2.887507178028299662e-03
1.563184880561101181e+03 3.014118548459709928e+03 1.676082867931018257e+02 0.000000000000000000e+00 0.000000000000000000e+00 -2.201946053017422855e-02 4.080022323573193402e-03 4.080022323573189932e-03 2.887894733183061797e-03
1.563200575833694302e+03 3.013966381783578072e+03 1.675967568857967080e+02 0.000000000000000000e+00 0.000000000000000000e+00 -2.079145225891920745e-02 4.080022323573193402e-03 4.080022323573189932e-03 2.887894506580155219e-03
1.563215950081138544e+03 3.013859853161793126e+03 1.675888814016135484e+02 0.000000000000000000e+00 0.000000000000000000e+00 -1.622124194204843661e-02 4.080022323573193402e-03 4.080022323573189932e-03 2.887894352633533709e-03
1.240605267395621468e+03 3.028485043613895868e+03 1.558598106096252991e+02 0.000000000000000000e+00 0.000000000000000000e+00 7.662432477275160636e-03 4.080022323573193402e-03 4.080022323573189932e-03 2.887609212694155006e-03
1.240658852557338832e+03 3.028591346483226516e+03 1.558702404820139975e+02 0.000000000000000000e+00 0.000000000000000000e+00 4.359317549216257248e-03 4.080022323573193402e-03 4.080022323573189932e-03 2.887609424550570229e-03
1.240630953510198651e+03 3.028522089908338330e+03 1.558636931535798169e+02 0.000000000000000000e+00 0.000000000000000000e+00 7.239547592860162695e-03 4.080022323573193402e-03 4.080022323573189932e-03 2.887609292441029041e-03
9.062535031540598993e+02 3.005849914398972032e+03 1.438503087151133286e+02 0.000000000000000000e+00 0.000000000000000000e+00 -3.370906108327176298e-02 4.080022323573193402e-03 4.080022323573189932e-03 2.887331146772146445e-03
9.062239966025231297e+02 3.005783780672865305e+03 1.438443116047249646e+02 0.000000000000000000e+00 0.000000000000000000e+00 -3.526757293278137695e-02 4.080022323573193402e-03 4.080022323573189932e-03 2.887331028177489347e-03
9.062018477929074152e+02 3.005731921501172110e+03 1.438396344759435976e+02 0.000000000000000000e+00 0.000000000000000000e+00 -3.426516488903530444e-02 4.080022323573193402e-03 4.080022323573189932e-03 2.887330935787934139e-03
7.106965940903307910e+02 2.905918678451994765e+03 1.316182938401289846e+02 0.000000000000000000e+00 0.000000000000000000e+00 -2.083210356411768771e-02 4.080022323573193402e-03 4.080022323573189932e-03 2.887077233252120789e-03
5.076286015879478555e+02 3.006104226418902272e+03 1.358828576156150234e+02 0.000000000000000000e+00 0.000000000000000000e+00 3.407239107701798275e-03 4.080022323573193402e-03 4.080022323573189932e-03 2.887141787176646535e-03
5.076496060244884347e+02 3.005909785879171977e+03 1.358678195718117365e+02 0.000000000000000000e+00 0.000000000000000000e+00 3.294188042843870790e-03 4.080022323573193402e-03 4.080022323573189932e-03 2.887141503619732041e-03
5.076263449676465029e+02 3.006013165585527531e+03 1.358756410173941731e+02 0.000000000000000000e+00 0.000000000000000000e+00 7.706946458085894847e-04 4.080022323573193402e-03 4.080022323573189932e-03 2.887141650252367329e-03
5.688883970725883046e+02 2.658790208653793798e+03 1.111872216503300308e+02 0.000000000000000000e+00 0.000000000000000000e+00 -1.368070695195910957e-02 4.080022323573193402e-03 4.080022323573189932e-03 2.886681023350869731e-03
5.688824477806264213e+02 2.658847746792817816e+03 1.111910804583715304e+02 0.000000000000000000e+00 0.000000000000000000e+00 -9.568019133766370032e-03 4.080022323573193402e-03 4.080022323573189932e-03 2.886681095105808961e-03
5.688727149081117886e+02 2.658899770127962711e+03 1.111945003108980785e+02 0.000000000000000000e+00 0.000000000000000000e+00 -1.835065368710786515e-02 4.080022323573193402e-03 4.080022323573189932e-03 2.886681158394779380e-03
8.592650223382649983e+02 2.647214463706925017e+03 1.161884845964000448e+02 0.000000000000000000e+00 0.000000000000000000e+00 2.999135177658729390e-02 4.080022323573193402e-03 4.080022323573189932e-03 2.886799320219346054e-03
8.592342924558946606e+02 2.647082113014550941e+03 1.161786676452138778e+02 0.000000000000000000e+00 0.000000000000000000e+00 2.358987167485793179e-02 4.080022323573193402e-03 4.080022323573189932e-03 2.886799131806485220e-03
8.593124464583453346e+02 2.646893831671145563e+03 1.161676319876655015e+02 0.000000000000000000e+00 0.000000000000000000e+00 2.515827744385035203e-02 4.080022323573193402e-03 4.080022323573189932e-03 2.886798931124271751e-03
8.668238340075530459e+02 2.332756352336513828e+03 9.621735777356323638e+01 0.000000000000000000e+00 0.000000000000000000e+00 1.878795591629511819e-02 4.080022323573193402e-03 4.080022323573189932e-03 2.886425089580101772e-03
8.668289523366607909e+02 2.332823493985912592e+03 9.622148349243808241e+01 0.000000000000000000e+00 0.000000000000000000e+00 1.817309602760985854e-02 4.080022323573193402e-03 4.080022323573189932e-03 2.886425167022114210e-03
8.667936976069911452e+02 2.332927254231412462e+03 9.622682534611374194e+01 0.000000000000000000e+00 0.000000000000000000e+00 2.189033841351317733e-02 4.080022323573193402e-03 4.080022323573189932e-03 2.886425263600773776e-03
5.486007837234866429e+02 2.346625550701071006e+03 9.082447951948472564e+01 0.000000000000000000e+00 0.000000000000000000e+00 2.882359059341865759e-03 4.080022323573193402e-03 4.080022323573189932e-03 2.886301498153507131e-03
5.485794157970451579e+02 2.346806174146695412e+03 9.083495409047908709e+01 0.000000000000000000e+00 0.000000000000000000e+00 -4.792280143675498039e-03 4.080022323573193402e-03 4.080022323573189932e-03 2.886301690104377260e-03
5.485425782638230885e+02 2.346753488688639663e+03 9.083124653009623728e+01 0.000000000000000000e+00 0.000000000000000000e+00 2.036277894902127628e-03 4.080022323573193402e-03 4.080022323573189932e-03 2.886301619547137522e-03
6.611048977995098994e+02 2.170568906918441371e+03 8.260055253515075435e+01 0.000000000000000000e+00 0.000000000000000000e+00 1.547347526984310662e-02 4.080022323573193402e-03 4.080022323573189932e-03 2.886157080071531742e-03
6.611053239059162934e+02 2.170559048921768863e+03 8.260001875790067061e+01 0.000000000000000000e+00 0.000000000000000000e+00 1.898217903266186113e-02 4.080022323573193402e-03 4.080022323573189932e-03 2.886157070286599763e-03
6.612431846115481449e+02 2.170467540685559015e+03 8.259749348981253547e+01 0.000000000000000000e+00 0.000000000000000000e+00 1.518870141279649033e-02 4.080022323573193402e-03 4.080022323573189932e-03 2.886157032885572175e-03
8.663954365447797272e+02 1.952626379812124924e+03 7.555468462829747978e+01 0.000000000000000000e+00 0.000000000000000000e+00 2.450735995159902814e-02 4.080022323573193402e-03 4.080022323573189932e-03 2.886042072428233237e-03
5.626564514129138388e+02 1.946744499263985290e+03 6.935591199330252721e+01 0.000000000000000000e+00 0.000000000000000000e+00 1.862421999919661175e-02 4.080022323573193402e-03 4.080022323573189932e-03 2.885909315841996090e-03
5.626759797560280276e+02 1.946729379233533791e+03 6.935547411802936324e+01 0.000000000000000000e+00 0.000000000000000000e+00 1.401117769496806886e-02 4.080022323573193402e-03 4.080022323573189932e-03 2.885909308905597586e-03
5.626797866577909417e+02 1.946801067162019763e+03 6.935902592561515689e+01 0.000000000000000000e+00 0.000000000000000000e+00 1.118721852915882664e-02 4.080022323573193402e-03 4.080022323573189932e-03 2.885909373589597496e-03
5.704928185766553952e+02 1.635451618177670298e+03 5.560873760580089709e+01 0.000000000000000000e+00 0.000000000000000000e+00 2.631105073097472768e-02 4.080022323573193402e-03 4.080022323573189932e-03 2.885661535155251579e-03
5.705451165653801127e+02 1.635402926384703960e+03 5.560757351425476713e+01 0.000000000000000000e+00 0.000000000000000000e+00 2.038299807244925432e-02 4.080022323573193402e-03 4.080022323573189932e-03 2.885661516694263198e-03
5.705027800279567600e+02 1.635388623667999127e+03 5.560634552104549755e+01 0.000000000000000000e+00 0.000000000000000000e+00 2.171352100948809039e-02 4.080022323573193402e-03 4.080022323573189932e-03 2.885661492693205547e-03
7.160124979682727826e+02 1.500662302277633898e+03 5.291122853777089574e+01 0.000000000000000000e+00 0.000000000000000000e+00 3.656886675169346290e-02 4.080022323573193402e-03 4.080022323573189932e-03 2.885620360162754420e-03
8.605567779654519427e+02 1.628332401810330794e+03 6.091237836621952084e+01 0.000000000000000000e+00 0.000000000000000000e+00 3.577548158981613824e-02 4.080022323573193402e-03 4.080022323573189932e-03 2.885773632765849597e-03
8.605158580623120770e+02 1.628198797142647891e+03 6.090603130770374207e+01 0.000000000000000000e+00 0.000000000000000000e+00 3.927340917991983815e-02 4.080022323573193402e-03 4.080022323573189932e-03 2.885773514582298110e-03
8.605402477166078370e+02 1.628234796806153099e+03 6.090805153040598441e+01 0.000000000000000000e+00 0.000000000000000000e+00 4.011287013224063003e-02 4.080022323573193402e-03 4.080022323573189932e-03 2.885773552933719975e-03
8.662338704331357349e+02 1.231870325592339441e+03 4.707728336989167417e+01 0.000000000000000000e+00 0.000000000000000000e+00 4.684206140263569296e-02 4.080022323573193402e-03 4.080022323573189932e-03 2.885523411088625027e-03
5.751948597065734248e+02 1.243060086829878855e+03 4.183576147067660855e+01 0.000000000000000000e+00 0.000000000000000000e+00 -1.148651060341165930e-02 4.080022323573193402e-03 4.080022323573189932e-03 2.885416219388775832e-03
5.645437521714183049e+02 9.438950058307137851e+02 3.376508637997406481e+01 0.000000000000000000e+00 0.000000000000000000e+00 4.096517367326413250e-02 4.080022323573193402e-03 4.080022323573189932e-03 2.885273619510134863e-03
5.639234941424585941e+02 9.436806886500680775e+02 3.375100827115127800e+01 0.000000000000000000e+00 0.000000000000000000e+00 4.387586685295019606e-02 4.080022323573193402e-03 4.080022323573189932e-03 2.885273351766745337e-03
5.639186690425310644e+02 9.435785002532895760e+02 3.374861872994593881e+01 0.000000000000000000e+00 0.000000000000000000e+00 4.539255432738542595e-02 4.080022323573193402e-03 4.080022323573189932e-03 2.885273309700751420e-03
8.473403969765990951e+02 9.156816493732503659e+02 3.839297128193143749e+01 0.000000000000000000e+00 0.000000000000000000e+00 3.187685145805829734e-02 4.080022323573193402e-03 4.080022323573189932e-03 2.885366556287836861e-03
8.473232010781356394e+02 9.156463638108176610e+02 3.839180586545599283e+01 0.000000000000000000e+00 0.000000000000000000e+00 2.942351349084759704e-02 4.080022323573193402e-03 4.080022323573189932e-03 2.885366534694765780e-03
8.473215213343928554e+02 9.154513000437134451e+02 3.838744994982215530e+01 0.000000000000000000e+00 0.000000000000000000e+00 3.272473428042133037e-02 4.080022323573193402e-03 4.080022323573189932e-03 2.885366456631050999e-03
7.682819219504885950e+02 7.668498797544526724e+02 3.369537256247072321e+01 0.000000000000000000e+00 0.000000000000000000e+00 9.200355485006639356e-03 4.080022323573193402e-03 4.080022323573189932e-03 2.885279674636364276e-03
7.682961868337440592e+02 7.668974506947275813e+02 3.369653646672389158e+01 0.000000000000000000e+00 0.000000000000000000e+00 9.975095859623195338e-03 4.080022323573193402e-03 4.080022323573189932e-03 2.885279695828695153e-03
7.682793634375854026e+02 7.668724706909662245e+02 3.369573715759391064e+01 0.000000000000000000e+00 0.000000000000000000e+00 1.119652863945930221e-02 4.080022323573193402e-03 4.080022323573189932e-03 2.885279681020640197e-03
8.707961187544499353e+02 5.475512124853376008e+02 3.243389413684233347e+01 0.000000000000000000e+00 0.000000000000000000e+00 4.235708802973192633e-03 4.080022323573193402e-03 4.080022323573189932e-03 2.885260490238905195e-03
8.707937438329522593e+02 5.478053669041985358e+02 3.243718272257780910e+01 0.000000000000000000e+00 0.000000000000000000e+00 7.349471475336599724e-03 4.080022323573193402e-03 4.080022323573189932e-03 2.885260549533142684e-03
8.708406425808092308e+02 5.478328612398549922e+02 3.243861056515339669e+01 0.000000000000000000e+00 0.000000000000000000e+00 7.425101425276636746e-03 4.080022323573193402e-03 4.080022323573189932e-03 2.885260576602412686e-03
5.629284327225853986e+02 5.373458049511141326e+02 2.654775834209759822e+01 0.000000000000000000e+00 0.000000000000000000e+00 3.431223242189673783e-02 4.080022323573193402e-03 4.080022323573189932e-03 2.885147463800938426e-03
5.629706709470707438e+02 5.373218323102172462e+02 2.654807174705022632e+01 0.000000000000000000e+00 0.000000000000000000e+00 2.718099037608823210e-02 4.080022323573193402e-03 4.080022323573189932e-03 2.885147470362416349e-03
5.629669638188429417e+02 5.372501753505301849e+02 2.654710364163621961e+01 0.000000000000000000e+00 0.000000000000000000e+00 2.530378111100972660e-02 4.080022323573193402e-03 4.080022323573189932e-03 2.885147453390926164e-03
5.938635078252409585e+02 2.195897185591677498e+02 2.416169769184419636e+01 0.000000000000000000e+00 0.000000000000000000e+00 7.240476620161473420e-03 4.080022323573193402e-03 4.080022323573189932e-03 2.885106304229036623e-03
5.939213617288348814e+02 2.195189231706695523e+02 2.416221638977749819e+01 0.000000000000000000e+00 0.000000000000000000e+00 9.752012537191490082e-03 4.080022323573193402e-03 4.080022323573189932e-03 2.885106314321611402e-03
5.938773354187080713e+02 2.193884719647903125e+02 2.416086087974809615e+01 0.000000000000000000e+00 0.000000000000000000e+00 1.141754218309642965e-02 4.080022323573193402e-03 4.080022323573189932e-03 2.885106289467167812e-03
7.301872697762133839e+02 7.173168564648173628e+01 2.597202338446792425e+01 0.000000000000000000e+00 0.000000000000000000e+00 -8.355921024833179445e-03 4.080022323573193402e-03 4.080022323573189932e-03 2.885140204674308331e-03
7.301240828752901280e+02 7.200394264826896062e+01 2.597132748784147793e+01 0.000000000000000000e+00 0.000000000000000000e+00 -7.457357414356380332e-03 4.080022323573193402e-03 4.080022323573189932e-03 2.885140192917292398e-03
7.301324756991705272e+02 7.196691768678449819e+01 2.597141825093925860e+01 0.000000000000000000e+00 0.000000000000000000e+00 -2.542040073059226302e-02 4.080022323573193402e-03 4.080022323573189932e-03 2.885140194444138755e-03
8.686329058255880682e+02 1.951996863491135059e+02 2.923613584258560394e+01 0.000000000000000000e+00 0.000000000000000000e+00 2.585529060600677553e-02 4.080022323573193402e-03 4.080022323573189932e-03 2.885201772785531745e-03
8.689711053699228387e+02 1.952365887823638104e+02 2.924391645020695663e+01 0.000000000000000000e+00 0.000000000000000000e+00 3.185675343172889029e-02 4.080022323573193402e-03 4.080022323573189932e-03 2.885201919269190281e-03
8.692072008254507409e+02 1.952601911776024792e+02 2.924933956797398338e+01 0.000000000000000000e+00 0.000000000000000000e+00 2.233760034521736770e-02 4.080022323573193402e-03 4.080022323573189932e-03 2.885202021364705049e-03
8.693234524892687887e+02 -1.921790723991835250e+02 2.915603839809187292e+01 0.000000000000000000e+00 0.000000000000000000e+00 7.888724658045020988e-03 4.080022323573193402e-03 4.080022323573189932e-03 2.885196180302799628e-03
8.696466653626802099e+02 -1.921439848679399631e+02 2.916310576375475705e+01 0.000000000000000000e+00 0.000000000000000000e+00 2.342536763677571798e-03 4.080022323573193402e-03 4.080022323573189932e-03 2.885196310952072279e-03
8.701598188516264827e+02 -1.922419466378755715e+02 2.917498208060972331e+01 0.000000000000000000e+00 0.000000000000000000e+00 -6.312778224604187471e-04 4.080022323573193402e-03 4.080022323573189932e-03 2.885196527750097124e-03
5.760559667575985259e+02 -1.895892660361076878e+02 2.370958536962580254e+01 0.000000000000000000e+00 0.000000000000000000e+00 1.557629249059289123e-02 4.080022323573193402e-03 4.080022323573189932e-03 2.885096141802223797e-03
5.757847599652189956e+02 -1.894130729565972047e+02 2.370483183123464599e+01 0.000000000000000000e+00 0.000000000000000000e+00 1.185876555501153007e-02 4.080022323573193402e-03 4.080022323573189932e-03 2.885096056679021040e-03
5.756342878310790638e+02 -1.895399856845251065e+02 2.370315480090108906e+01 0.000000000000000000e+00 0.000000000000000000e+00 8.254561823246575614e-03 4.080022323573193402e-03 4.080022323573189932e-03 2.885096024389881796e-03
5.745947324590598555e+02 -4.995983520466407981e+02 2.610634373528606389e+01 0.000000000000000000e+00 0.000000000000000000e+00 2.235499682327457549e-02 4.080022323573193402e-03 4.080022323573189932e-03 2.885134396572976417e-03
5.745201283582007363e+02 -4.995422912902358803e+02 2.610461754060081319e+01 0.000000000000000000e+00 0.000000000000000000e+00 3.448945301497019500e-02 4.080022323573193402e-03 4.080022323573189932e-03 2.885134366611503444e-03
5.744916278150915332e+02 -4.996108868199792141e+02 2.610497606884237243e+01 0.000000000000000000e+00 0.000000000000000000e+00 2.803008198468504020e-02 4.080022323573193402e-03 4.080022323573189932e-03 2.885134371570479816e-03
7.195434118633252183e+02 -6.332552036419330079e+02 3.020539871359336814e+01 0.000000000000000000e+00 0.000000000000000000e+00 8.812887290388360384e-02 4.080022323573193402e-03 4.080022323573189932e-03 2.885204969553595549e-03
7.195092897263211853e+02 -6.333144604978763255e+02 3.020561981075881874e+01 0.000000000000000000e+00 0.000000000000000000e+00 7.921167258021100110e-02 4.080022323573193402e-03 4.080022323573189932e-03 2.885204971865039120e-03
7.194863870465519540e+02 -6.330829289443280459e+02 3.020189438009319716e+01 0.000000000000000000e+00 0.000000000000000000e+00 8.201780429886440515e-02 4.080022323573193402e-03 4.080022323573189932e-03 2.885204911312993538e-03
8.735668608263742954e+02 -5.112613621948386253e+02 3.176193164326275209e+01 0.000000000000000000e+00 0.000000000000000000e+00 1.823036485795981321e-02 4.080022323573193402e-03 4.080022323573189932e-03 2.885236479529023051e-03
8.697079802988827169e+02 -8.860979062713425947e+02 3.756213189039811340e+01 0.000000000000000000e+00 0.000000000000000000e+00 2.068863367175310941e-02 4.080022323573193402e-03 4.080022323573189932e-03 2.885328649048566133e-03
8.696542403739291558e+02 -8.862583031528027959e+02 3.756413539866456119e+01 0.000000000000000000e+00 0.000000000000000000e+00 4.015114666680119626e-02 4.080022323573193402e-03 4.080022323573189932e-03 2.885328678906173405e-03
8.696570615083270468e+02 -8.862668597865605307e+02 3.756436805227833986e+01 0.000000000000000000e+00 0.000000000000000000e+00 4.109136149766356993e-02 4.080022323573193402e-03 4.080022323573189932e-03 2.885328682748384242e-03
5.648642791121523032e+02 -9.038433219336110369e+02 3.236817196526507701e+01 0.000000000000000000e+00 0.000000000000000000e+00 -9.595774385644517679e-03 4.080022323573193402e-03 4.080022323573189932e-03 2.885235303923676040e-03
5.648875429014937026e+02 -9.037223459777005701e+02 3.236604385052196875e+01 0.000000000000000000e+00 0.000000000000000000e+00 -1.263981999459673489e-02 4.080022323573193402e-03 4.080022323573189932e-03 2.885235270086970900e-03
5.647720300798856670e+02 -9.036537837721745063e+02 3.236299510989922368e+01 0.000000000000000000e+00 0.000000000000000000e+00 1.666744330350411474e-03 4.080022323573193402e-03 4.080022323573189932e-03 2.885235218080800263e-03
5.628749926759348909e+02 -1.212888838003102592e+03 3.968585085756159003e+01 0.000000000000000000e+00 0.000000000000000000e+00 1.651405462539656810e-02 4.080022323573193402e-03 4.080022323573189932e-03 2.885353407732384537e-03
5.627853405047570732e+02 -1.212849001479444723e+03 3.968349169210900129e+01 0.000000000000000000e+00 0.000000000000000000e+00 2.214652319264587277e-02 4.080022323573193402e-03 4.080022323573189932e-03 2.885353367679956149e-03
5.627726224059191509e+02 -1.212727153727201085e+03 3.967999814711589579e+01 0.000000000000000000e+00 0.000000000000000000e+00 -8.195647686761731165e-03 4.080022323573193402e-03 4.080022323573189932e-03 2.885353311038791300e-03
7.116858923912718637e+02 -1.342173305514926824e+03 4.578377823885173825e+01 0.000000000000000000e+00 0.000000000000000000e+00 -9.191527811630351152e-03 4.080022323573193402e-03 4.080022323573189932e-03 2.885455466897813258e-03
7.117043052599185557e+02 -1.342257352600436207e+03 4.578663420322647681e+01 0.000000000000000000e+00 0.000000000000000000e+00 -7.998779600335126361e-03 4.080022323573193402e-03 4.080022323573189932e-03 2.885455513420788400e-03
7.116761547542620292e+02 -1.342194505045182268e+03 4.578423958145296524e+01 0.000000000000000000e+00 0.000000000000000000e+00 -7.431216408264162965e-03 4.080022323573193402e-03 4.080022323573189932e-03 2.885455474049686969e-03
8.826376080216582523e+02 -1.248180593644169903e+03 4.651132404876554460e+01 0.000000000000000000e+00 0.000000000000000000e+00 5.323098522585922865e-02 4.080022323573193402e-03 4.080022323573189932e-03 2.885472798666821517e-03
8.825576395741140914e+02 -1.248137104913145322e+03 4.650831920772597528e+01 0.000000000000000000e+00 0.000000000000000000e+00 4.070298860608545510e-02 4.080022323573193402e-03 4.080022323573189932e-03 2.885472747363712620e-03
8.826176803325893161e+02 -1.248165730382976108e+03 4.651046275537003538e+01 0.000000000000000000e+00 0.000000000000000000e+00 5.238012477892795005e-02 4.080022323573193402e-03 4.080022323573189932e-03 2.885472784073844950e-03
8.748207543615197892e+02 -1.601397640763995696e+03 5.758840851966050423e+01 0.000000000000000000e+00 0.000000000000000000e+00 2.176255478183719561e-02 4.080022323573193402e-03 4.080022323573189932e-03 2.885650770615196675e-03
8.748235685287035039e+02 -1.601441249110228682e+03 5.759003074798540922e+01 0.000000000000000000e+00 0.000000000000000000e+00 1.415406068907287818e-02 4.080022323573193402e-03 4.080022323573189932e-03 2.885650796843281917e-03
8.750725666353380348e+02 -1.601534100164862593e+03 5.759887214368971797e+01 0.000000000000000000e+00 0.000000000000000000e+00 1.049395347178716520e-02 4.080022323573193402e-03 4.080022323573189932e-03 2.885650948096038764e-03
5.777840639258113242e+02 -1.616994403624115876e+03 5.269026755536221884e+01 0.000000000000000000e+00 0.000000000000000000e+00 -1.739349857378158504e-02 4.080022323573193402e-03 4.080022323573189932e-03 2.885563299206665797e-03
5.748204397292256544e+02 -1.917212194693340734e+03 6.448682729501979338e+01 0.000000000000000000e+00 0.000000000000000000e+00 2.895286046727107987e-02 4.080022323573193402e-03 4.080022323573189932e-03 2.885753155056422145e-03
5.748570641959339582e+02 -1.917154547853637951e+03 6.448489418469198142e+01 0.000000000000000000e+00 0.000000000000000000e+00 2.811051186304780458e-02 4.080022323573193402e-03 4.080022323573189932e-03 2.885753124778812299e-03
5.746060954092694146e+02 -1.917034647581132504e+03 6.447611877126129798e+01 0.000000000000000000e+00 0.000000000000000000e+00 3.542244592678400750e-02 4.080022323573193402e-03 4.080022323573189932e-03 2.885752977695472433e-03
7.278375680879056517e+02 -2.045995659587677665e+03 7.270377862434096983e+01 0.000000000000000000e+00 0.000000000000000000e+00 1.297048722975091550e-03 4.080022323573193402e-03 4.080022323573189932e-03 2.885889614940838691e-03
7.278234069875995829e+02 -2.046119741407743504e+03 7.270918332598840550e+01 0.000000000000000000e+00 0.000000000000000000e+00 -2.000083721071632681e-03 4.080022323573193402e-03 4.080022323573189932e-03 2.885889701671957939e-03
7.277986600469928362e+02 -2.046246726439819440e+03 7.271452571353535177e+01 0.000000000000000000e+00 0.000000000000000000e+00 -3.115809169585759264e-03 4.080022323573193402e-03 4.080022323573189932e-03 2.885889787079205186e-03
9.079905238757293091e+02 -1.960000289285018880e+03 7.259545796731198664e+01 0.000000000000000000e+00 0.000000000000000000e+00 5.568450340743424931e-02 4.080022323573193402e-03 4.080022323573189932e-03 2.885893962278181669e-03
9.079156195308933093e+02 -1.960244950416825077e+03 7.260443918763297688e+01 0.000000000000000000e+00 0.000000000000000000e+00 3.211451683982602390e-02 4.080022323573193402e-03 4.080022323573189932e-03 2.885894104472018669e-03
9.079136205957676111e+02 -1.960319689174049245e+03 7.260766417554637542e+01 0.000000000000000000e+00 0.000000000000000000e+00 5.151805744077364579e-02 4.080022323573193402e-03 4.080022323573189932e-03 2.885894156466577501e-03
8.857911389458880649e+02 -2.306399845572791037e+03 8.859638215200904199e+01 0.000000000000000000e+00 0.000000000000000000e+00 6.911116527518856856e-03 4.080022323573193402e-03 4.080022323573189932e-03 2.886151838225499422e-03
8.868312831206773126e+02 -2.306575121684278656e+03 8.862887841508437248e+01 0.000000000000000000e+00 0.000000000000000000e+00 3.777502427610102131e-03 4.080022323573193402e-03 4.080022323573189932e-03 2.886152404983487619e-03
8.870855253933257245e+02 -2.306535572684389535e+03 8.863257709441668908e+01 0.000000000000000000e+00 0.000000000000000000e+00 -2.638534116243818062e-04 4.080022323573193402e-03 4.080022323573189932e-03 2.886152474789771636e-03
5.711171391158729875e+02 -2.326320940174284260e+03 8.380281632489042920e+01 0.000000000000000000e+00 0.000000000000000000e+00 -2.868002117452306265e-02 4.080022323573193402e-03 4.080022323573189932e-03 2.886064292037018517e-03
5.720705344438753173e+02 -2.326420820622959127e+03 8.382183301307476597e+01 0.000000000000000000e+00 0.000000000000000000e+00 -2.187079492797749936e-02 4.080022323573193402e-03 4.080022323573189932e-03 2.886064622726792258e-03
5.721407854862252407e+02 -2.326043140864851011e+03 8.380323363091433464e+01 0.000000000000000000e+00 0.000000000000000000e+00 -3.835688920013069492e-02 4.080022323573193402e-03 4.080022323573189932e-03 2.886064324479098789e-03
5.712629894358705087e+02 -2.620550896730771001e+03 1.000754060413681259e+02 0.000000000000000000e+00 0.000000000000000000e+00 5.163282161302618078e-02 4.080022323573193402e-03 4.080022323573189932e-03 2.886327141327370109e-03
8.698103977639269715e+02 -2.624147404049075703e+03 1.057752249211545035e+02 0.000000000000000000e+00 0.000000000000000000e+00 -5.447054442853982437e-03 4.080022323573193402e-03 4.080022323573189932e-03 2.886429916688301039e-03
8.698315509532591250e+02 -2.624134677283073870e+03 1.057749462261571267e+02 0.000000000000000000e+00 0.000000000000000000e+00 -1.140052257770207689e-02 4.080022323573193402e-03 4.080022323573189932e-03 2.886429913040781253e-03
8.699954185825263266e+02 -2.624084275075612823e+03 1.057756230294443185e+02 0.000000000000000000e+00 0.000000000000000000e+00 -1.074613245374678172e-02 4.080022323573193402e-03 4.080022323573189932e-03 2.886429930886385154e-03
7.720964383947334682e+02 -2.781597621661688663e+03 1.132730440718309666e+02 0.000000000000000000e+00 0.000000000000000000e+00 3.041513093664605094e-02 4.080022323573193402e-03 4.080022323573189932e-03 2.886547888299103703e-03
7.721237640797716040e+02 -2.781650958619478843e+03 1.132769156970792608e+02 0.000000000000000000e+00 0.000000000000000000e+00 2.846136175675439972e-02 4.080022323573193402e-03 4.080022323573189932e-03 2.886547952346755000e-03
7.721570665354992116e+02 -2.781771712859273521e+03 1.132851168577653453e+02 0.000000000000000000e+00 0.000000000000000000e+00 4.426590013650866240e-02 4.080022323573193402e-03 4.080022323573189932e-03 2.886548087055134434e-03
8.966235176467904466e+02 -3.000954616869081292e+03 1.302124628770435208e+02 0.000000000000000000e+00 0.000000000000000000e+00 4.953020312404987635e-02 4.080022323573193402e-03 4.080022323573189932e-03 2.886829804440596645e-03
8.966576777072434652e+02 -3.001134784557681087e+03 1.302254465847309461e+02 0.000000000000000000e+00 0.000000000000000000e+00 5.931328527540813411e-02 4.080022323573193402e-03 4.080022323573189932e-03 2.886830018716042556e-03
8.966337788128472539e+02 -3.001167335585168530e+03 1.302270984023309950e+02 0.000000000000000000e+00 0.000000000000000000e+00 6.071019374928710022e-02 4.080022323573193402e-03 4.080022323573189932e-03 2.886830044590972359e-03
5.834978540608830144e+02 -3.005511280478167919e+03 1.245646896185595267e+02 0.000000000000000000e+00 0.000000000000000000e+00 4.124499784124679991e-02 4.080022323573193402e-03 4.080022323573189932e-03 2.886724846221755229e-03
5.840191463187738918e+02 -3.005024970460515306e+03 1.245395953893001320e+02 0.000000000000000000e+00 0.000000000000000000e+00 5.195377180361049341e-02 4.080022323573193402e-03 4.080022323573189932e-03 2.886724454633685533e-03
5.806439543032109896e+02 -2.998602932681930270e+03 1.240551636539813956e+02 0.000000000000000000e+00 0.000000000000000000e+00 5.672593192895192260e-02 4.080022323573193402e-03 4.080022323573189932e-03 2.886716461884028962e-03
2.493210363211339882e+02 -3.019749619756450556e+03 1.219613781139755417e+02 0.000000000000000000e+00 0.000000000000000000e+00 -5.308102321191654482e-02 4.080022323573196004e-03 4.080022323573190800e-03 2.886674795151180240e-03
2.493125570945887262e+02 -3.019867509805309055e+03 1.219693319982570614e+02 0.000000000000000000e+00 0.000000000000000000e+00 -2.590465007658337981e-02 4.080022323573196004e-03 4.080022323573190800e-03 2.886674924047180017e-03
2.489231455747051882e+02 -3.019775892618526541e+03 1.219606226778622329e+02 0.000000000000000000e+00 0.000000000000000000e+00 -3.630638515940631805e-02 4.080022323573196004e-03 4.080022323573190800e-03 2.886674777343761072e-03
-1.514414122182317328e+02 -3.019488367887952791e+03 1.214411042339297495e+02 0.000000000000000000e+00 0.000000000000000000e+00 -3.402890264051450231e-02 4.080022323573196004e-03 4.080022323573190800e-03 2.886665259019908451e-03
-1.519129440417202090e+02 -3.019482664273572027e+03 1.214425491608048446e+02 0.000000000000000000e+00 0.000000000000000000e+00 -1.965467327707415279e-02 4.080022323573196004e-03 4.080022323573190800e-03 2.886665286455065895e-03
-1.521751394624142222e+02 -3.019500493170147365e+03 1.214447812094437325e+02 0.000000000000000000e+00 0.000000000000000000e+00 -2.490219488772993373e-02 4.080022323573196004e-03 4.080022323573190800e-03 2.886665324875891010e-03
8.258213564421652109e+00 -2.770964558416367709e+03 1.049990063708441994e+02 0.000000000000000000e+00 0.000000000000000000e+00 1.144926070446672384e-02 4.080022323573196004e-03 4.080022323573190800e-03 2.886398644181908859e-03
8.077345207940577865e+00 -2.770936165296720901e+03 1.049972061809775994e+02 0.000000000000000000e+00 0.000000000000000000e+00 -1.292285911662816034e-02 4.080022323573196004e-03 4.080022323573190800e-03 2.886398615039584455e-03
8.066903887393227279e+00 -2.770955559035256556e+03 1.049984079206156622e+02 0.000000000000000000e+00 0.000000000000000000e+00 2.981638192764535233e-03 4.080022323573196004e-03 4.080022323573190800e-03 2.886398634439369185e-03
2.008081406317708115e+02 -2.689825030618057554e+03 1.005507932928584864e+02 0.000000000000000000e+00 0.000000000000000000e+00 -4.654066815874102758e-02 4.080022323573196004e-03 4.080022323573190800e-03 2.886327849373528272e-03
2.011367646753964209e+02 -2.689795492797797124e+03 1.005506962938751343e+02 0.000000000000000000e+00 0.000000000000000000e+00 -5.149486428760496892e-02 4.080022323573196004e-03 4.080022323573190800e-03 2.886327851072517311e-03
2.014366346583888685e+02 -2.689813967243239858e+03 1.005533452013953735e+02 0.000000000000000000e+00 0.000000000000000000e+00 -4.182305200879454787e-02 4.080022323573196004e-03 4.080022323573190800e-03 2.886327896804879219e-03
-1.574443522265531783e+02 -2.669781329274265318e+03 9.915100489781616488e+01 0.000000000000000000e+00 0.000000000000000000e+00 -1.740787921046660358e-02 4.080022323573196004e-03 4.080022323573190800e-03 2.886304881254151376e-03
-1.716907530128917188e+02 -2.372627573273561666e+03 8.247006927787077757e+01 0.000000000000000000e+00 0.000000000000000000e+00 -8.444652002253860701e-03 4.080022323573196004e-03 4.080022323573190800e-03 2.886036267985715893e-03
-1.717272190393392179e+02 -2.372819694286838967e+03 8.248040164745910374e+01 0.000000000000000000e+00 0.000000000000000000e+00 -1.641891502910652889e-02 4.080022323573196004e-03 4.080022323573190800e-03 2.886036434519952815e-03
-1.717202469413721815e+02 -2.372885432647784910e+03 8.248385265829065816e+01 0.000000000000000000e+00 0.000000000000000000e+00 5.345702735354507240e-03 4.080022323573196004e-03 4.080022323573190800e-03 2.886036489996354933e-03
2.228339697103893400e+02 -2.367431844571808597e+03 8.245087761770911072e+01 0.000000000000000000e+00 0.000000000000000000e+00 -1.112507594767464525e-02 4.080022323573196004e-03 4.080022323573190800e-03 2.886036406914601216e-03
2.228509316961326476e+02 -2.367421499241821039e+03 8.245042677416653021e+01 0.000000000000000000e+00 0.000000000000000000e+00 -1.706326049993833749e-02 4.080022323573196004e-03 4.080022323573190800e-03 2.886036399826655535e-03
2.228060571295059731e+02 -2.367458501241615977e+03 8.245212850849486586e+01 0.000000000000000000e+00 0.000000000000000000e+00 -2.067532400525351477e-02 4.080022323573196004e-03 4.080022323573190800e-03 2.886036426769791625e-03
4.481672569603860268e+01 -2.133010814680866588e+03 7.008199964102038848e+01 0.000000000000000000e+00 0.000000000000000000e+00 1.961817507182672671e-02 4.080022323573196004e-03 4.080022323573190800e-03 2.885836476168537890e-03
4.457798646348325633e+01 -2.133242407096040097e+03 7.009274437068785346e+01 0.000000000000000000e+00 0.000000000000000000e+00 1.896797733500932281e-02 4.080022323573196004e-03 4.080022323573190800e-03 2.885836648419773300e-03
4.446005140576527026e+01 -2.133277834834354053e+03 7.009429671651722060e+01 0.000000000000000000e+00 0.000000000000000000e+00 1.323222289194347923e-02 4.080022323573196004e-03 4.080022323573190800e-03 2.885836673151935365e-03
-1.540381846653306184e+02 -1.982077714483333921e+03 6.343258519431290665e+01 0.000000000000000000e+00 0.000000000000000000e+00 -2.540769734135039926e-02 4.080022323573196004e-03 4.080022323573190800e-03 2.885730043734351623e-03
-1.544695651318501177e+02 -1.981762791665399845e+03 6.342034932134522762e+01 0.000000000000000000e+00 0.000000000000000000e+00 -8.767428564468104923e-03 4.080022323573196004e-03 4.080022323573190800e-03 2.885729849718733815e-03
-1.546451838678320314e+02 -1.981716621799294671e+03 6.341899462578004432e+01 0.000000000000000000e+00 0.000000000000000000e+00 -3.024277322494839382e-02 4.080022323573196004e-03 4.080022323573190800e-03 2.885729829030633711e-03
2.110983322462695924e+02 -1.965697136364137805e+03 6.297468343072868890e+01 0.000000000000000000e+00 0.000000000000000000e+00 1.745386858141273478e-02 4.080022323573196004e-03 4.080022323573190800e-03 2.885723099746918385e-03
2.111074266734177627e+02 -1.965584604654389750e+03 6.296979991056741710e+01 0.000000000000000000e+00 0.000000000000000000e+00 1.723290182154357808e-02 4.080022323573196004e-03 4.080022323573190800e-03 2.885723021314455169e-03
2.111227743349819548e+02 -1.965531192691270689e+03 6.296754089816572986e+01 0.000000000000000000e+00 0.000000000000000000e+00 1.043753272639946772e-03 4.080022323573196004e-03 4.080022323573190800e-03 2.885722985127276048e-03
2.111211718082963102e+02 -1.669891975184726789e+03 5.098022482986833381e+01 0.000000000000000000e+00 0.000000000000000000e+00 2.418493392513454410e-02 4.080022323573196004e-03 4.080022323573190800e-03 2.885530194326274556e-03
-1.624033553773488165e+02 -1.667507853926747885e+03 5.066194856922015788e+01 0.000000000000000000e+00 0.000000000000000000e+00 4.712579658190207965e-02 4.080022323573196004e-03 4.080022323573190800e-03 2.885524725447232222e-03
-1.623828909960440683e+02 -1.667611649300831459e+03 5.066572858412783376e+01 0.000000000000000000e+00 0.000000000000000000e+00 4.408403150280548743e-02 4.080022323573196004e-03 4.080022323573190800e-03 2.885524786155906855e-03
-1.624237114805056308e+02 -1.667819835508492588e+03 5.067364629298998580e+01 0.000000000000000000e+00 0.000000000000000000e+00 4.124931391643116285e-02 4.080022323573196004e-03 4.080022323573190800e-03 2.885524913834746144e-03
6.869958119731715840e+01 -1.380541502768411874e+03 4.061442277288088576e+01 0.000000000000000000e+00 0.000000000000000000e+00 -1.210043380046244010e-02 4.080022323573196004e-03 4.080022323573190800e-03 2.885362424878445617e-03
6.848633622071206162e+01 -1.380476553347328945e+03 4.061204686084695226e+01 0.000000000000000000e+00 0.000000000000000000e+00 -3.453892530437485675e-03 4.080022323573196004e-03 4.080022323573190800e-03 2.885362385992637849e-03
6.843796880842525354e+01 -1.380515298791922760e+03 4.061316059798603817e+01 0.000000000000000000e+00 0.000000000000000000e+00 3.162057768122394918e-03 4.080022323573196004e-03 4.080022323573190800e-03 2.885362403842430673e-03
2.084261857713921131e+02 -1.271985221897679367e+03 3.787817085817767548e+01 0.000000000000000000e+00 0.000000000000000000e+00 -3.501135691523415971e-02 4.080022323573196004e-03 4.080022323573190800e-03 2.885318965885398136e-03
2.084766537842211847e+02 -1.271834430691780881e+03 3.787413768413325954e+01 0.000000000000000000e+00 0.000000000000000000e+00 -2.785198126709786948e-02 4.080022323573196004e-03 4.080022323573190800e-03 2.885318901118935978e-03
2.084256969182487182e+02 -1.271914175877247771e+03 3.787614287544537461e+01 0.000000000000000000e+00 0.000000000000000000e+00 -2.846241423795703440e-02 4.080022323573196004e-03 4.080022323573190800e-03 2.885318933117227147e-03
-1.696813898985140554e+02 -1.192376607011701935e+03 3.549346592065415962e+01 0.000000000000000000e+00 0.000000000000000000e+00 -4.041898918494979398e-02 4.080022323573196004e-03 4.080022323573190800e-03 2.885280141444321149e-03
-1.697331871186983108e+02 -1.192440767092475653e+03 3.549540457584731001e+01 0.000000000000000000e+00 0.000000000000000000e+00 -2.519917485293632353e-02 4.080022323573196004e-03 4.080022323573190800e-03 2.885280173132582972e-03
-1.696589312472725055e+02 -1.192403273733131755e+03 3.549408322212848788e+01 0.000000000000000000e+00 0.000000000000000000e+00 -1.662789854282209490e-02 4.080022323573196004e-03 4.080022323573190800e-03 2.885280151286791304e-03
-1.537872570456738117e+02 -9.483334102451607350e+02 2.955581951742571079e+01 0.000000000000000000e+00 0.000000000000000000e+00 -1.185569250099760552e-02 4.080022323573196004e-03 4.080022323573190800e-03 2.885183818030584608e-03
-1.539197687144287556e+02 -9.484118255669621931e+02 2.955801086991765914e+01 0.000000000000000000e+00 0.000000000000000000e+00 -1.622066045658243638e-02 4.080022323573196004e-03 4.080022323573190800e-03 2.885183854401547707e-03
-1.553072039537960904e+02 -9.483866666391239733e+02 2.956289910570936996e+01 0.000000000000000000e+00 0.000000000000000000e+00 -2.109314398308015370e-02 4.080022323573196004e-03 4.080022323573190800e-03 2.885183941998635277e-03
2.167741743354790174e+02 -9.570291171836892090e+02 3.003764970831528558e+01 0.000000000000000000e+00 0.000000000000000000e+00 -3.267629384486880895e-02 4.080022323573196004e-03 4.080022323573190800e-03 2.885192089099123443e-03
2.173224217552256050e+02 -9.566826105986868924e+02 3.003319102994897349e+01 0.000000000000000000e+00 0.000000000000000000e+00 -3.837359876267854020e-02 4.080022323573196004e-03 4.080022323573190800e-03 2.885192021299869385e-03
2.185954311068195466e+02 -9.562220389550411710e+02 3.003028640475566391e+01 0.000000000000000000e+00 0.000000000000000000e+00 -3.546379712515701499e-02 4.080022323573196004e-03 4.080022323573190800e-03 2.885191984822944606e-03
5.560585290595934538e+01 -7.031797036927906674e+02 2.472302674488789265e+01 0.000000000000000000e+00 0.000000000000000000e+00 -3.668047612497815635e-02 4.080022323573196004e-03 4.080022323573190800e-03 2.885104727911707353e-03
5.560205781388057034e+01 -7.031431800710633979e+02 2.472243965475475136e+01 0.000000000000000000e+00 0.000000000000000000e+00 -3.680392977671331778e-02 4.080022323573196004e-03 4.080022323573190800e-03 2.885104718315149863e-03
5.559418339695614719e+01 -7.030757529827793633e+02 2.472135466934302883e+01 0.000000000000000000e+00 0.000000000000000000e+00 -2.272635092922214994e-02 4.080022323573196004e-03 4.080022323573190800e-03 2.885104700578101054e-03
2.346665873370488384e+02 -5.549075375064147693e+02 2.326724885303763557e+01 0.000000000000000000e+00 0.000000000000000000e+00 -3.108961686978872763e-02 4.080022323573196004e-03 4.080022323573190800e-03 2.885081993972944594e-03
2.347027154478633406e+02 -5.548887329366855283e+02 2.326722734947206206e+01 0.000000000000000000e+00 0.000000000000000000e+00 -3.373227492353336743e-02 4.080022323573196004e-03 4.080022323573190800e-03 2.885081993977120507e-03
2.349239892913179801e+02 -5.549661073048813478e+02 2.326952333583848187e+01 0.000000000000000000e+00 0.000000000000000000e+00 -2.908362523121965637e-02 4.080022323573196004e-03 4.080022323573190800e-03 2.885082033694324859e-03
-1.358143415050823819e+02 -5.215475944680040357e+02 2.239362263049284252e+01 0.000000000000000000e+00 0.000000000000000000e+00 -3.929567346732554256e-02 4.080022323573196004e-03 4.080022323573190800e-03 2.885066929721229190e-03
-1.361569091615323259e+02 -5.212954009430409315e+02 2.239181604216628330e+01 0.000000000000000000e+00 0.000000000000000000e+00 -5.916658849825040534e-02 4.080022323573196004e-03 4.080022323573190800e-03 2.885066902041866048e-03
-1.361842939371097145e+02 -5.213320602263652290e+02 2.239234554343801165e+01 0.000000000000000000e+00 0.000000000000000000e+00 -3.389083218506883100e-02 4.080022323573196004e-03 4.080022323573190800e-03 2.885066910875047630e-03
2.216214552038808847e+02 -2.389170900608569070e+02 2.033335703219298551e+01 0.000000000000000000e+00 0.000000000000000000e+00 -4.368209580274395876e-02 4.080022323573196004e-03 4.080022323573190800e-03 2.885033783121035856e-03
2.226240733783767496e+02 -2.384738896826881103e+02 2.033662675872773562e+01 0.000000000000000000e+00 0.000000000000000000e+00 -3.716246305030068697e-02 4.080022323573196004e-03 4.080022323573190800e-03 2.885033847323997813e-03
2.226558120797531615e+02 -2.384580674568471181e+02 2.033672097968011272e+01 0.000000000000000000e+00 0.000000000000000000e+00 -3.966657327096356767e-02 4.080022323573196004e-03 4.080022323573190800e-03 2.885033849204799751e-03
-1.479508559241658645e+02 -2.014093428144370819e+02 1.979630675020675667e+01 0.000000000000000000e+00 0.000000000000000000e+00 -3.866216279103440456e-03 4.080022323573196004e-03 4.080022323573190800e-03 2.885024309905449749e-03
-1.483482678525236338e+02 -2.013904579093594123e+02 1.979772468857622059e+01 0.000000000000000000e+00 0.000000000000000000e+00 -2.020337760860968501e-03 4.080022323573196004e-03 4.080022323573190800e-03 2.885024336012172869e-03
-1.486060109983558846e+02 -2.012037016590602434e+02 1.979784107154810613e+01 0.000000000000000000e+00 0.000000000000000000e+00 -1.161877226682150877e-03 4.080022323573196004e-03 4.080022323573190800e-03 2.885024339702005163e-03
3.479072380045314361e+01 1.661001045148129407e+01 1.906872490794353325e+01 0.000000000000000000e+00 0.000000000000000000e+00 -4.978983953694893216e-03 4.080022323573196004e-03 4.080022323573190800e-03 2.885011793319533589e-03
3.466787470650698566e+01 1.650595901197440085e+01 1.906857552269919509e+01 0.000000000000000000e+00 0.000000000000000000e+00 -5.918267723075132380e-03 4.080022323573196004e-03 4.080022323573190800e-03 2.885011790624551764e-03
3.463853934699670845e+01 1.656327139988687591e+01 1.906857134237440121e+01 0.000000000000000000e+00 0.000000000000000000e+00 -1.074082465463632730e-02 4.080022323573196004e-03 4.080022323573190800e-03 2.885011790507355147e-03
-1.693137107513488786e+02 1.680257813190647198e+02 1.974650253343989093e+01 0.000000000000000000e+00 0.000000000000000000e+00 -4.350654915862861571e-02 4.080022323573196004e-03 4.080022323573190800e-03 2.885023827653630541e-03
-1.694148964146807543e+02 1.677804219429389434e+02 1.974598516080920874e+01 0.000000000000000000e+00 0.000000000000000000e+00 -4.809596944321015144e-02 4.080022323573196004e-03 4.080022323573190800e-03 2.885023819739497217e-03
-1.694400400453814655e+02 1.677272566776230178e+02 1.974588732356056298e+01 0.000000000000000000e+00 0.000000000000000000e+00 -5.713971349135604783e-02 4.080022323573196004e-03 4.080022323573190800e-03 2.885023818291093754e-03
2.156972471623912497e+02 1.546021553742822334e+02 1.992609264120405044e+01 0.000000000000000000e+00 0.000000000000000000e+00 -9.479206573921317158e-03 4.080022323573196004e-03 4.080022323573190800e-03 2.885027275268698104e-03
2.157062548811589977e+02 1.546346657514479830e+02 1.992625982661929385e+01 0.000000000000000000e+00 0.000000000000000000e+00 -1.522274921805433223e-02 4.080022323573196004e-03 4.080022323573190800e-03 2.885027278188682671e-03
2.156057924926679448e+02 1.545678657850033630e+02 1.992546110965307804e+01 0.000000000000000000e+00 0.000000000000000000e+00 -2.940339762699650805e-02 4.080022323573196004e-03 4.080022323573190800e-03 2.885027263682589296e-03
2.318383918884863988e+02 5.013127930362550728e+02 2.268358412453224560e+01 0.000000000000000000e+00 0.000000000000000000e+00 1.540629446640906508e-03 4.080022323573196004e-03 4.080022323573190800e-03 2.885074253881468858e-03
-1.766095505834417168e+02 4.660742897761273298e+02 2.198991253072566110e+01 0.000000000000000000e+00 0.000000000000000000e+00 -3.464923370240313716e-02 4.080022323573196004e-03 4.080022323573190800e-03 2.885061844252212807e-03
-1.765575616543592332e+02 4.661791916615326272e+02 2.199082306541214393e+01 0.000000000000000000e+00 0.000000000000000000e+00 -4.334914261173139494e-02 4.080022323573196004e-03 4.080022323573190800e-03 2.885061859208287380e-03
-1.768193580661780402e+02 4.663494430403788442e+02 2.199388843320224751e+01 0.000000000000000000e+00 0.000000000000000000e+00 -3.803725859332729442e-02 4.080022323573196004e-03 4.080022323573190800e-03 2.885061913769402988e-03
3.286625416171037273e+01 7.107382789568616772e+02 2.499484619140256569e+01 0.000000000000000000e+00 0.000000000000000000e+00 3.806407928085064896e-03 4.080022323573196004e-03 4.080022323573190800e-03 2.885112144229369773e-03
3.287167562671821486e+01 7.108416071985703866e+02 2.499659067480994779e+01 0.000000000000000000e+00 0.000000000000000000e+00 4.135521265503427912e-03 4.080022323573196004e-03 4.080022323573190800e-03 2.885112174037535691e-03
3.287660567274215140e+01 7.110169616127058134e+02 2.499954810044815190e+01 0.000000000000000000e+00 0.000000000000000000e+00 8.815161353620482032e-03 4.080022323573196004e-03 4.080022323573190800e-03 2.885112224563094255e-03
-1.549863614763797841e+02 8.704283116077878049e+02 2.829612251463228034e+01 0.000000000000000000e+00 0.000000000000000000e+00 -1.270496341335913826e-02 4.080022323573196004e-03 4.080022323573190800e-03 2.885169471709934496e-03
-1.550287740664589933e+02 8.702548810998461022e+02 2.829269537752556474e+01 0.000000000000000000e+00 0.000000000000000000e+00 -1.432263296522506835e-02 4.080022323573196004e-03 4.080022323573190800e-03 2.885169413151405376e-03
-1.550735328691715722e+02 8.703620892552426085e+02 2.829510254048507889e+01 0.000000000000000000e+00 0.000000000000000000e+00 -1.494017384848334018e-02 4.080022323573196004e-03 4.080022323573190800e-03 2.885169455024318933e-03
2.198064458346439096e+02 8.626992767492096164e+02 2.845509104003744483e+01 0.000000000000000000e+00 0.000000000000000000e+00 3.282422016889796623e-02 4.080022323573196004e-03 4.080022323573190800e-03 2.885172984777462785e-03
2.203799771714249687e+02 8.625959407662193144e+02 2.845627665331219092e+01 0.000000000000000000e+00 0.000000000000000000e+00 2.679129645694189321e-02 4.080022323573196004e-03 4.080022323573190800e-03 2.885173013216712871e-03
2.235543119515886019e+02 8.624318765757191159e+02 2.847138722148273260e+01 0.000000000000000000e+00 0.000000000000000000e+00 2.688194469050131374e-02 4.080022323573196004e-03 4.080022323573190800e-03 2.885173318281658399e-03
2.259300631598624705e+02 1.188644363620738886e+03 3.651958869501582683e+01 0.000000000000000000e+00 0.000000000000000000e+00 -4.345436308049954732e-03 4.080022323573196004e-03 4.080022323573190800e-03 2.885312942240849266e-03
2.256930859527737425e+02 1.188876910065236416e+03 3.652485140200641212e+01 0.000000000000000000e+00 0.000000000000000000e+00 1.175256364781773755e-03 4.080022323573196004e-03 4.080022323573190800e-03 2.885313030208219633e-03
2.256768007434893661e+02 1.189024730948946626e+03 3.652900127188374313e+01 0.000000000000000000e+00 0.000000000000000000e+00 -2.683394509362102553e-02 4.080022323573196004e-03 4.080022323573190800e-03 2.885313102350727747e-03
-1.631948862010931407e+02 1.184525375221567629e+03 3.607815632072824741e+01 0.000000000000000000e+00 0.000000000000000000e+00 -1.144507393398441764e-03 4.080022323573196004e-03 4.080022323573190800e-03 2.885304363435526025e-03
-1.632127252580722256e+02 1.184581453142368446e+03 3.607983787842564283e+01 0.000000000000000000e+00 0.000000000000000000e+00 -9.865021945920204871e-03 4.080022323573196004e-03 4.080022323573190800e-03 2.885304392948323179e-03
-1.632166029716815956e+02 1.184648882071368917e+03 3.608178395108804892e+01 0.000000000000000000e+00 0.000000000000000000e+00 -1.967712407618904535e-02 4.080022323573196004e-03 4.080022323573190800e-03 2.885304426905552569e-03
5.358393006963523675e+01 1.424533650955890380e+03 4.336265717292451427e+01 0.000000000000000000e+00 0.000000000000000000e+00 2.172228249406771283e-03 4.080022323573196004e-03 4.080022323573190800e-03 2.885430972765373921e-03
5.354856799627933128e+01 1.424452302626647906e+03 4.335978020552085610e+01 0.000000000000000000e+00 0.000000000000000000e+00 3.410022067164675263e-03 4.080022323573196004e-03 4.080022323573190800e-03 2.885430922036544363e-03
5.351112842890791654e+01 1.424588163182952258e+03 4.336444722959657838e+01 0.000000000000000000e+00 0.000000000000000000e+00 1.409723219580882869e-04 4.080022323573196004e-03 4.080022323573190800e-03 2.885431003924668249e-03
1.939368173527308272e+02 1.559427207455961025e+03 4.875170259134792161e+01 0.000000000000000000e+00 0.000000000000000000e+00 -4.077785909186104618e-02 4.080022323573196004e-03 4.080022323573190800e-03 2.885527465853119245e-03
1.939071449329794063e+02 1.559423720094340297e+03 4.875141483589117541e+01 0.000000000000000000e+00 0.000000000000000000e+00 -2.892042982117004613e-02 4.080022323573196004e-03 4.080022323573190800e-03 2.885527460280091529e-03
1.938957866729704165e+02 1.559260421834314229e+03 4.874510623748497551e+01 0.000000000000000000e+00 0.000000000000000000e+00 -2.879994759914694669e-02 4.080022323573196004e-03 4.080022323573190800e-03 2.885527348411716288e-03
-1.470630685620810709e+02 1.604189086163335105e+03 5.027654953414148764e+01 0.000000000000000000e+00 0.000000000000000000e+00 -1.843640162939408356e-02 4.080022323573196004e-03 4.080022323573190800e-03 2.885553807344384391e-03
-1.473841871556826391e+02 1.604343504603460360e+03 5.028390962928685326e+01 0.000000000000000000e+00 0.000000000000000000e+00 -1.608272498911844650e-02 4.080022323573196004e-03 4.080022323573190800e-03 2.885553941824066989e-03
-1.476705818662468346e+02 1.604481138791885542e+03 5.029047331721876191e+01 0.000000000000000000e+00 0.000000000000000000e+00 -1.362228758472383561e-02 4.080022323573196004e-03 4.080022323573190800e-03 2.885554061761131175e-03
-1.480777843451328408e+02 1.936886790084425456e+03 6.487252759108787359e+01 0.000000000000000000e+00 0.000000000000000000e+00 9.027919268206119341e-03 4.080022323573196004e-03 4.080022323573190800e-03 2.885814462313752819e-03
-1.480079525538029657e+02 1.936408386409306559e+03 6.484913210306271480e+01 0.000000000000000000e+00 0.000000000000000000e+00 1.998470106101990496e-03 4.080022323573196004e-03 4.080022323573190800e-03 2.885814040663679022e-03
-1.480434433237341523e+02 1.936262592372951076e+03 6.484223180315476043e+01 0.000000000000000000e+00 0.000000000000000000e+00 -4.943828336720912375e-03 4.080022323573196004e-03 4.080022323573190800e-03 2.885813917097841772e-03
1.848688518933377622e+02 1.967252038748033101e+03 6.651890907476345660e+01 0.000000000000000000e+00 0.000000000000000000e+00 4.823394997900720682e-02 4.080022323573196004e-03 4.080022323573190800e-03 2.885844679428946954e-03
1.855087191205063846e+02 1.967383228555434471e+03 6.652857988601343209e+01 0.000000000000000000e+00 0.000000000000000000e+00 4.957391628585128274e-02 4.080022323573196004e-03 4.080022323573190800e-03 2.885844865059775371e-03
1.857630763483843452e+02 1.967341965328955894e+03 6.652783553667637761e+01 0.000000000000000000e+00 0.000000000000000000e+00 4.460478485809460381e-02 4.080022323573196004e-03 4.080022323573190800e-03 2.885844856214317151e-03
2.532256488227691804e+01 2.127426517606775633e+03 7.428369141565673317e+01 0.000000000000000000e+00 0.000000000000000000e+00 -2.266110285219724574e-03 4.080022323573196004e-03 4.080022323573190800e-03 2.885983282449974818e-03
2.545598321164330002e+01 2.127314292579034372e+03 7.427777782777837956e+01 0.000000000000000000e+00 0.000000000000000000e+00 -1.419842092788314858e-02 4.080022323573196004e-03 4.080022323573190800e-03 2.885983175652584876e-03
2.551421079324110863e+01 2.127290774571321890e+03 7.427655978061146413e+01 0.000000000000000000e+00 0.000000000000000000e+00 -1.730258712800036847e-02 4.080022323573196004e-03 4.080022323573190800e-03 2.885983153735841283e-03
-1.717149284152955033e+02 2.291564661580374377e+03 8.383860147688170628e+01 0.000000000000000000e+00 0.000000000000000000e+00 1.833199210543057234e-02 4.080022323573196004e-03 4.080022323573190800e-03 2.886158631116154342e-03
-1.716435038566673370e+02 2.291313746409197392e+03 8.382368795517444937e+01 0.000000000000000000e+00 0.000000000000000000e+00 2.534840451318132182e-03 4.080022323573196004e-03 4.080022323573190800e-03 2.886158357400471410e-03
-1.712359875840709265e+02 2.291328678069268790e+03 8.382263305693470556e+01 0.000000000000000000e+00 0.000000000000000000e+00 1.254186155236425293e-02 4.080022323573196004e-03 4.080022323573190800e-03 2.886158330564301405e-03
2.151770247985975857e+02 2.284015748692962916e+03 8.363211389851606725e+01 0.000000000000000000e+00 0.000000000000000000e+00 -4.253904018464993442e-02 4.080022323573196004e-03 4.080022323573190800e-03 2.886155768387997818e-03
2.158415651600114415e+02 2.283888735799637743e+03 8.362870062011310779e+01 0.000000000000000000e+00 0.000000000000000000e+00 -3.262114331502630193e-02 4.080022323573196004e-03 4.080022323573190800e-03 2.886155721485157265e-03
2.158407867943287215e+02 2.283730520196378620e+03 8.361953734979432795e+01 0.000000000000000000e+00 0.000000000000000000e+00 -3.470517240815240712e-02 4.080022323573196004e-03 4.080022323573190800e-03 2.886155554080430466e-03
2.269530161566910920e+02 2.611491178709696214e+03 1.041780397735781065e+02 0.000000000000000000e+00 0.000000000000000000e+00 4.356688045453438463e-02 4.080022323573196004e-03 4.080022323573190800e-03 2.886534183071557541e-03
2.274827068840760376e+02 2.611187605249098851e+03 1.041609947227996287e+02 0.000000000000000000e+00 0.000000000000000000e+00 4.333592146018361291e-02 4.080022323573196004e-03 4.080022323573190800e-03 2.886533881667451007e-03
2.277492565148953076e+02 2.611108988783967561e+03 1.041574026662532333e+02 0.000000000000000000e+00 0.000000000000000000e+00 4.505380865582253591e-02 4.080022323573196004e-03 4.080022323573190800e-03 2.886533822407544130e-03
-1.630703524765949055e+02 2.613025317557862309e+03 1.039341854908440723e+02 0.000000000000000000e+00 0.000000000000000000e+00 3.311279461432548032e-02 4.080022323573196004e-03 4.080022323573190800e-03 2.886528160125563600e-03
-1.630216872646438446e+02 2.613215168399107370e+03 1.039467277911791996e+02 0.000000000000000000e+00 0.000000000000000000e+00 2.867366769585544262e-02 4.080022323573196004e-03 4.080022323573190800e-03 2.886528391499236859e-03
-1.630540249069768493e+02 2.613537167842219333e+03 1.039685243670347603e+02 0.000000000000000000e+00 0.000000000000000000e+00 3.275235411915389250e-02 4.080022323573196004e-03 4.080022323573190800e-03 2.886528795900710105e-03
5.907751150629551518e+01 2.857516864794039520e+03 1.209134571389248123e+02 0.000000000000000000e+00 0.000000000000000000e+00 -1.178421086223124803e-04 4.080022323573196004e-03 4.080022323573190800e-03 2.886842879635500431e-03
5.891638095549032528e+01 2.857977833192282560e+03 1.209474613447636671e+02 0.000000000000000000e+00 0.000000000000000000e+00 -2.801030102872914540e-03 4.080022323573196004e-03 4.080022323573190800e-03 2.886843514823097395e-03
5.896800668071251295e+01 2.858294780815721424e+03 1.209711145375943886e+02 0.000000000000000000e+00 0.000000000000000000e+00 5.076729448006744860e-03 4.080022323573196004e-03 4.080022323573190800e-03 2.886843957933550239e-03
2.077812784856910184e+02 2.993255506593276550e+03 1.318379023367017453e+02 0.000000000000000000e+00 0.000000000000000000e+00 -2.431405108092121736e-02 4.080022323573196004e-03 4.080022323573190800e-03 2.887050730922238913e-03
2.077650323827185161e+02 2.993351669665421468e+03 1.318453452109528428e+02 0.000000000000000000e+00 0.000000000000000000e+00 -2.162044938714302589e-02 4.080022323573196004e-03 4.080022323573190800e-03 2.887050870742988943e-03
2.078570786396989547e+02 2.993463665127962486e+03 1.318546657813750755e+02 0.000000000000000000e+00 0.000000000000000000e+00 -3.295158217514426724e-02 4.080022323573196004e-03 4.080022323573190800e-03 2.887051049037220318e-03
-1.526570589508689295e+02 3.018021556058046826e+03 1.335073263071148801e+02 0.000000000000000000e+00 0.000000000000000000e+00 -3.262342118009087244e-02 4.080022323573196004e-03 4.080022323573190800e-03 2.887080839445083091e-03
-1.527313726946700854e+02 3.017855655011047020e+03 1.334945219923714603e+02 0.000000000000000000e+00 0.000000000000000000e+00 -2.982754302027501581e-02 4.080022323573196004e-03 4.080022323573190800e-03 2.887080599522574148e-03
-1.532251724644777937e+02 3.018229838644709162e+03 1.335262647274100800e+02 0.000000000000000000e+00 0.000000000000000000e+00 -2.906098353054176187e-02 4.080022323573196004e-03 4.080022323573190800e-03 2.887081208641934134e-03
-4.527638415191938179e+02 2.998940822563249185e+03 1.345728647874583714e+02 0.000000000000000000e+00 0.000000000000000000e+00 -5.804628944406431401e-02 4.080022323573196004e-03 4.080022323573188198e-03 2.887113408675639516e-03
-4.528283306830286392e+02 2.998800990646677747e+03 1.345626934072744518e+02 0.000000000000000000e+00 0.000000000000000000e+00 -5.467036783369394470e-02 4.080022323573196004e-03 4.080022323573188198e-03 2.887113220160838958e-03
-4.528324177503506576e+02 2.998721840530503869e+03 1.345565209390800590e+02 0.000000000000000000e+00 0.000000000000000000e+00 -5.611211821695860635e-02 4.080022323573196004e-03 4.080022323573188198e-03 2.887113103609670502e-03
-8.576857033282718703e+02 3.009010645372246472e+03 1.428853370929803077e+02 0.000000000000000000e+00 0.000000000000000000e+00 -7.851033690050712721e-02 4.080022323573196004e-03 4.080022323573188198e-03 2.887307053674837559e-03
-8.578256060649498522e+02 3.009005950969050446e+03 1.428883695834537662e+02 0.000000000000000000e+00 0.000000000000000000e+00 -6.323570136282796739e-02 4.080022323573196004e-03 4.080022323573188198e-03 2.887307127490089647e-03
-8.578230023411018692e+02 3.008928681637530644e+03 1.428821823428597213e+02 0.000000000000000000e+00 0.000000000000000000e+00 -6.855105183777254751e-02 4.080022323573196004e-03 4.080022323573188198e-03 2.887307008640340161e-03
-6.579170718452262463e+02 2.883454014717591235e+03 1.288988712295831931e+02 0.000000000000000000e+00 0.000000000000000000e+00 -5.823455892311812931e-02 4.080022323573196004e-03 4.080022323573188198e-03 2.887021053708595762e-03
-6.578936632811669369e+02 2.883595855810241119e+03 1.289091243937337481e+02 0.000000000000000000e+00 0.000000000000000000e+00 -5.913128799423361670e-02 4.080022323573196004e-03 4.080022323573188198e-03 2.887021245815546335e-03
-6.579426720306539664e+02 2.883234421839872084e+03 1.288828015026790013e+02 0.000000000000000000e+00 0.000000000000000000e+00 -5.275221850629918663e-02 4.080022323573196004e-03 4.080022323573188198e-03 2.887020751687150583e-03
-8.775149930339366620e+02 2.667665150499297397e+03 1.180410292004064559e+02 0.000000000000000000e+00 0.000000000000000000e+00 -7.813460313741416030e-04 4.080022323573196004e-03 4.080022323573188198e-03 2.886836155338931651e-03
-8.775884132052711948e+02 2.667839634905867570e+03 1.180549087680137745e+02 0.000000000000000000e+00 0.000000000000000000e+00 -1.742602573273188682e-03 4.080022323573196004e-03 4.080022323573188198e-03 2.886836425289482280e-03
-8.775642900519089835e+02 2.667825444149641953e+03 1.180533339358184293e+02 0.000000000000000000e+00 0.000000000000000000e+00 -4.050121299059128432e-03 4.080022323573196004e-03 4.080022323573188198e-03 2.886836393060479827e-03
-5.255470499157331687e+02 2.670411439854415676e+03 1.113248905811294378e+02 0.000000000000000000e+00 0.000000000000000000e+00 -2.559963108512874896e-02 4.080022323573196004e-03 4.080022323573188198e-03 2.886680746806065314e-03
-5.226581642229326690e+02 2.670591992077107079e+03 1.112950473462952772e+02 0.000000000000000000e+00 0.000000000000000000e+00 -2.378026936032995309e-02 4.080022323573196004e-03 4.080022323573188198e-03 2.886680006417817208e-03
-5.226793193020317858e+02 2.670692660793960385e+03 1.113023048344241488e+02 0.000000000000000000e+00 0.000000000000000000e+00 -2.251500411649942635e-02 4.080022323573196004e-03 4.080022323573188198e-03 2.886680143366118431e-03
-4.773975434486168297e+02 2.288765599180556819e+03 8.640671428708178325e+01 0.000000000000000000e+00 0.000000000000000000e+00 2.447694683114320924e-02 4.080022323573196004e-03 4.080022323573188198e-03 2.886216294377297754e-03
-4.774536691468370009e+02 2.289013517829898319e+03 8.642186156264507702e+01 0.000000000000000000e+00 0.000000000000000000e+00 3.188665128318746156e-02 4.080022323573196004e-03 4.080022323573188198e-03 2.886216575381352848e-03
-4.774161553938722022e+02 2.289262978884721178e+03 8.643586922538422357e+01 0.000000000000000000e+00 0.000000000000000000e+00 3.420497909552011606e-02 4.080022323573196004e-03 4.080022323573188198e-03 2.886216830723496544e-03
-8.815442952409218833e+02 2.299067725787720519e+03 9.458007489250610433e+01 0.000000000000000000e+00 0.000000000000000000e+00 9.337167245590194398e-03 4.080022323573196004e-03 4.080022323573188198e-03 2.886395842425453547e-03
-8.813404895489509272e+02 2.298869089828021060e+03 9.456345814813181505e+01 0.000000000000000000e+00 0.000000000000000000e+00 -3.918273311001030379e-04 4.080022323573196004e-03 4.080022323573188198e-03 2.886395514548975409e-03
-8.813748296377214047e+02 2.298741633101693424e+03 9.455681477953228864e+01 0.000000000000000000e+00 0.000000000000000000e+00 1.882885023022140558e-03 4.080022323573196004e-03 4.080022323573188198e-03 2.886395393676136761e-03
-6.472784497364871186e+02 2.130747665257792050e+03 8.018724666823231928e+01 0.000000000000000000e+00 0.000000000000000000e+00 -1.666425124331283314e-02 4.080022323573196004e-03 4.080022323573188198e-03 2.886111871270463560e-03
-6.479119912501074623e+02 2.131507465121594123e+03 8.023938879891696274e+01 0.000000000000000000e+00 0.000000000000000000e+00 -1.278218537224518059e-02 4.080022323573196004e-03 4.080022323573188198e-03 2.886112867945149051e-03
-6.482902924345854672e+02 2.132232232461301464e+03 8.028513670822061954e+01 0.000000000000000000e+00 0.000000000000000000e+00 -1.870906185189369353e-03 4.080022323573196004e-03 4.080022323573188198e-03 2.886113731225743630e-03
-4.444381766878954068e+02 1.950309013047156213e+03 6.791042180568621234e+01 0.000000000000000000e+00 0.000000000000000000e+00 1.285294222469701708e-03 4.080022323573196004e-03 4.080022323573188198e-03 2.885877577720229528e-03
-4.439921188504722522e+02 1.950149142009372099e+03 6.789723628450536808e+01 0.000000000000000000e+00 0.000000000000000000e+00 1.623585158682772089e-03 4.080022323573196004e-03 4.080022323573188198e-03 2.885877320576183021e-03
-4.432009807970787278e+02 1.949768641214774107e+03 6.786913830441206130e+01 0.000000000000000000e+00 0.000000000000000000e+00 3.678466515154354965e-03 4.080022323573196004e-03 4.080022323573188198e-03 2.885876779320019000e-03
-8.626735504556828573e+02 1.945941784093492060e+03 7.513936796864000200e+01 0.000000000000000000e+00 0.000000000000000000e+00 -3.409568525668760230e-02 4.080022323573196004e-03 4.080022323573188198e-03 2.886034150951458360e-03
-8.625731614840819930e+02 1.945810608532922743e+03 7.513059122813277213e+01 0.000000000000000000e+00 0.000000000000000000e+00 -3.117772387156492186e-02 4.080022323573196004e-03 4.080022323573188198e-03 2.886033981977813388e-03
-8.616944928396716250e+02 1.945624070209650654e+03 7.510081924605034942e+01 0.000000000000000000e+00 0.000000000000000000e+00 -3.227607010386179809e-02 4.080022323573196004e-03 4.080022323573188198e-03 2.886033368584851964e-03
-8.702291967627540998e+02 1.644894606537779282e+03 6.181096722776204899e+01 0.000000000000000000e+00 0.000000000000000000e+00 1.311874582918193255e-02 4.080022323573196004e-03 4.080022323573188198e-03 2.885790629413569498e-03
-8.677198592971229800e+02 1.644501839114748236e+03 6.173609748109586803e+01 0.000000000000000000e+00 0.000000000000000000e+00 -3.423408765947044685e-03 4.080022323573196004e-03 4.080022323573188198e-03 2.885789100529968180e-03
-8.663301105167824971e+02 1.644132437541451282e+03 6.168850786522897778e+01 0.000000000000000000e+00 0.000000000000000000e+00 1.119057698467429418e-03 4.080022323573196004e-03 4.080022323573188198e-03 2.885788142461993833e-03
-4.875300853305925557e+02 1.588512568176275408e+03 5.256210237488318171e+01 0.000000000000000000e+00 0.000000000000000000e+00 2.833552183910370559e-02 4.080022323573196004e-03 4.080022323573188198e-03 2.885603433353991186e-03
-6.635902751885865882e+02 1.425474465596992331e+03 4.923953657646459448e+01 0.000000000000000000e+00 0.000000000000000000e+00 -3.434417894831653939e-02 4.080022323573196004e-03 4.080022323573188198e-03 2.885551853951354596e-03
-8.547764462223855162e+02 1.230113750886507660e+03 4.676199907519173848e+01 0.000000000000000000e+00 0.000000000000000000e+00 6.748822345443272752e-03 4.080022323573196004e-03 4.080022323573188198e-03 2.885517131482252806e-03
-8.548723046505959928e+02 1.230082305649710861e+03 4.676323483920735669e+01 0.000000000000000000e+00 0.000000000000000000e+00 1.245216179483321639e-02 4.080022323573196004e-03 4.080022323573188198e-03 2.885517158736518491e-03
-8.549990912382177157e+02 1.230143407447928439e+03 4.676795664024848520e+01 0.000000000000000000e+00 0.000000000000000000e+00 1.124992762471777041e-02 4.080022323573196004e-03 4.080022323573188198e-03 2.885517250367511215e-03
-4.896694665694727746e+02 1.249161126290944367e+03 4.081050057298162415e+01 0.000000000000000000e+00 0.000000000000000000e+00 1.660916662853395565e-02 4.080022323573196004e-03 4.080022323573188198e-03 2.885394938597391542e-03
-4.897097886793030170e+02 1.249028410792312570e+03 4.080699858663150792e+01 0.000000000000000000e+00 0.000000000000000000e+00 2.370915360337733091e-02 4.080022323573196004e-03 4.080022323573188198e-03 2.885394878227461567e-03
-4.893166313535226664e+02 1.249293662395216415e+03 4.080993338243104063e+01 0.000000000000000000e+00 0.000000000000000000e+00 1.337412557194994633e-02 4.080022323573196004e-03 4.080022323573188198e-03 2.885394916432435473e-03
-4.761836895072465836e+02 9.283625569424240211e+02 3.220568164828299018e+01 0.000000000000000000e+00 0.000000000000000000e+00 -4.069352615351107261e-02 4.080022323573196004e-03 4.080022323573188198e-03 2.885243569364894217e-03
-4.762040001437102887e+02 9.281459549852705777e+02 3.220111334323722474e+01 0.000000000000000000e+00 0.000000000000000000e+00 -3.242924780817446617e-02 4.080022323573196004e-03 4.080022323573188198e-03 2.885243490273563943e-03
-4.763075313380120406e+02 9.283681909055555934e+02 3.220735882742108913e+01 0.000000000000000000e+00 0.000000000000000000e+00 -6.458469910502628863e-02 4.080022323573196004e-03 4.080022323573188198e-03 2.885243602226555092e-03
-8.524806899269527776e+02 9.305113074092048464e+02 3.883929052451252772e+01 0.000000000000000000e+00 0.000000000000000000e+00 -4.319649778580014754e-03 4.080022323573196004e-03 4.080022323573188198e-03 2.885374768518223464e-03
-8.541843084276222271e+02 9.306767122139506228e+02 3.888136115127809944e+01 0.000000000000000000e+00 0.000000000000000000e+00 -3.086320004878473355e-02 4.080022323573196004e-03 4.080022323573188198e-03 2.885375595247670517e-03
-8.561720409155785774e+02 9.311748950119343817e+02 3.893742232586645002e+01 0.000000000000000000e+00 0.000000000000000000e+00 -2.636387602812106934e-02 4.080022323573196004e-03 4.080022323573188198e-03 2.885376685065651169e-03
-6.564634584413820448e+02 7.746160622639700932e+02 3.174964909628727838e+01 0.000000000000000000e+00 0.000000000000000000e+00 3.533740502522420002e-03 4.080022323573196004e-03 4.080022323573188198e-03 2.885241352002745289e-03
-6.566270167100784647e+02 7.746748549723389488e+02 3.175355567886067831e+01 0.000000000000000000e+00 0.000000000000000000e+00 5.677733142960050827e-03 4.080022323573196004e-03 4.080022323573188198e-03 2.885241426255653798e-03
-6.566604304839942188e+02 7.746127015864608438e+02 3.175297777301715740e+01 0.000000000000000000e+00 0.000000000000000000e+00 1.917798190457986607e-02 4.080022323573196004e-03 4.080022323573188198e-03 2.885241417217099605e-03
-8.717402251108774180e+02 5.242517784098621405e+02 3.215553973731773851e+01 0.000000000000000000e+00 0.000000000000000000e+00 -2.822246983818388344e-03 4.080022323573196004e-03 4.080022323573188198e-03 2.885255487879114910e-03
-8.717332461112451938e+02 5.242956962781137236e+02 3.215593386597694092e+01 0.000000000000000000e+00 0.000000000000000000e+00 4.622383662962192830e-04 4.080022323573196004e-03 4.080022323573188198e-03 2.885255494819432588e-03
-8.717024127077731919e+02 5.242385405693656821e+02 3.215451313692811652e+01 0.000000000000000000e+00 0.000000000000000000e+00 -5.773857535558590826e-03 4.080022323573196004e-03 4.080022323573188198e-03 2.885255468326195297e-03
-5.430451420332116186e+02 5.271275949473206310e+02 2.613249725567891346e+01 0.000000000000000000e+00 0.000000000000000000e+00 -5.285971756126528476e-02 4.080022323573196004e-03 4.080022323573188198e-03 2.885139721867912340e-03
-5.427185712609800703e+02 5.274779382007610593e+02 2.613226361168400302e+01 0.000000000000000000e+00 0.000000000000000000e+00 -5.582449697527280819e-02 4.080022323573196004e-03 4.080022323573188198e-03 2.885139709542610537e-03
-5.424314771152611456e+02 5.272277019095912465e+02 2.612507986801504245e+01 0.000000000000000000e+00 0.000000000000000000e+00 -5.569017358589789524e-02 4.080022323573196004e-03 4.080022323573188198e-03 2.885139577295167939e-03
-4.702781549983433820e+02 2.015554407619786446e+02 2.237365822091602752e+01 0.000000000000000000e+00 0.000000000000000000e+00 -8.398172618008103996e-02 4.080022323573196004e-03 4.080022323573188198e-03 2.885072819581496664e-03
-4.704222751074850066e+02 2.012200569147507281e+02 2.237381522760153629e+01 0.000000000000000000e+00 0.000000000000000000e+00 -8.304109569259310319e-02 4.080022323573196004e-03 4.080022323573188198e-03 2.885072824511685733e-03
-4.705621862946230749e+02 2.011438846395156759e+02 2.237515289972053978e+01 0.000000000000000000e+00 0.000000000000000000e+00 -4.252804981852520427e-02 4.080022323573196004e-03 4.080022323573188198e-03 2.885072850059508705e-03
-8.730162541335988635e+02 2.105639270227001703e+02 2.941088709514990640e+01 0.000000000000000000e+00 0.000000000000000000e+00 2.036053807946558436e-02 4.080022323573196004e-03 4.080022323573188198e-03 2.885205093394855713e-03
-8.729725597289516372e+02 2.107058700804041962e+02 2.941062702397928064e+01 0.000000000000000000e+00 0.000000000000000000e+00 -5.862570694990409947e-03 4.080022323573196004e-03 4.080022323573188198e-03 2.885205088739171454e-03
-8.729225000447761431e+02 2.109346818903946428e+02 2.941066940375461058e+01 0.000000000000000000e+00 0.000000000000000000e+00 -2.186976203118717876e-02 4.080022323573196004e-03 4.080022323573188198e-03 2.885205089926495565e-03
-6.550877322806574057e+02 2.091375648722771885e+01 2.457092737114448866e+01 0.000000000000000000e+00 0.000000000000000000e+00 -4.718532238189965256e-03 4.080022323573196004e-03 4.080022323573188198e-03 2.885113879944081489e-03
-6.550717804764016137e+02 2.107848828268859620e+01 2.457075761551861959e+01 0.000000000000000000e+00 0.000000000000000000e+00 -4.163481638030930299e-04 4.080022323573196004e-03 4.080022323573188198e-03 2.885113877636162876e-03
-6.551854556842719148e+02 2.094482247263299968e+01 2.457259379977400116e+01 0.000000000000000000e+00 0.000000000000000000e+00 9.503079304238326586e-03 4.080022323573196004e-03 4.080022323573188198e-03 2.885113911065348511e-03
-8.675751927158378294e+02 -2.105969233319129046e+02 2.919888499182074781e+01 0.000000000000000000e+00 0.000000000000000000e+00 -2.008339094687627835e-02 4.080022323573196004e-03 4.080022323573188198e-03 2.885196640102659707e-03
-8.676157601554195935e+02 -2.104875594199582451e+02 2.919927952622997225e+01 0.000000000000000000e+00 0.000000000000000000e+00 -2.930840306937909645e-02 4.080022323573196004e-03 4.080022323573188198e-03 2.885196649334861082e-03
-8.676532158403641688e+02 -2.104582362052980784e+02 2.919997726809849325e+01 0.000000000000000000e+00 0.000000000000000000e+00 -3.055412931345102834e-02 4.080022323573196004e-03 4.080022323573188198e-03 2.885196662691174967e-03
-5.237134853929107976e+02 -1.929402659279672037e+02 2.298692509017260477e+01 0.000000000000000000e+00 0.000000000000000000e+00 -4.723738381281350485e-02 4.080022323573196004e-03 4.080022323573188198e-03 2.885082845696082792e-03
-5.236993049380837419e+02 -1.930113401459547049e+02 2.298704513527676951e+01 0.000000000000000000e+00 0.000000000000000000e+00 -5.522877308428775223e-02 4.080022323573196004e-03 4.080022323573188198e-03 2.885082847092738587e-03
-5.236890642552372128e+02 -1.929913706928847716e+02 2.298682064544517445e+01 0.000000000000000000e+00 0.000000000000000000e+00 -5.460241593705106311e-02 4.080022323573196004e-03 4.080022323573188198e-03 2.885082843201847071e-03
-4.848237171229409910e+02 -4.896074306059309151e+02 2.478295886091947864e+01 0.000000000000000000e+00 0.000000000000000000e+00 -3.437957003757929897e-03 4.080022323573196004e-03 4.080022323573188198e-03 2.885110690534101446e-03
-8.842328482411057848e+02 -5.119276533232003317e+02 3.200903690075622876e+01 0.000000000000000000e+00 0.000000000000000000e+00 5.540924099322097618e-02 4.080022323573196004e-03 4.080022323573188198e-03 2.885240940060392664e-03
-8.842721009233748646e+02 -5.120115043346595485e+02 3.201088801108679149e+01 0.000000000000000000e+00 0.000000000000000000e+00 6.212867001701738445e-02 4.080022323573196004e-03 4.080022323573188198e-03 2.885240971294983966e-03
-8.842755213218473500e+02 -5.120030104381995670e+02 3.201086756215445916e+01 0.000000000000000000e+00 0.000000000000000000e+00 6.584329954781509286e-02 4.080022323573196004e-03 4.080022323573188198e-03 2.885240971159266140e-03
-6.863558216911499130e+02 -6.518591814792741843e+02 2.988118778839879752e+01 0.000000000000000000e+00 0.000000000000000000e+00 2.993444088097874101e-03 4.080022323573196004e-03 4.080022323573188198e-03 2.885198611125518089e-03
-6.871677233787106616e+02 -6.513376277715183278e+02 2.988771078321319408e+01 0.000000000000000000e+00 0.000000000000000000e+00 1.565968590795918658e-02 4.080022323573196004e-03 4.080022323573188198e-03 2.885198743151703646e-03
-6.873233034981486753e+02 -6.512725269878729932e+02 2.988947524110621146e+01 0.000000000000000000e+00 0.000000000000000000e+00 1.447529980867656718e-02 4.080022323573196004e-03 4.080022323573188198e-03 2.885198776722632669e-03
-4.829705501994102974e+02 -8.722004351752964340e+02 3.064774376560248825e+01 0.000000000000000000e+00 0.000000000000000000e+00 2.261702609389004692e-02 4.080022323573196004e-03 4.080022323573188198e-03 2.885205688754039974e-03
-4.812560406981129972e+02 -8.719145744595333554e+02 3.062117626551747662e+01 0.000000000000000000e+00 0.000000000000000000e+00 2.663845698025468778e-02 4.080022323573196004e-03 4.080022323573188198e-03 2.885205224452678293e-03
-4.812617856716694860e+02 -8.719339958754214877e+02 3.062162794369562135e+01 0.000000000000000000e+00 0.000000000000000000e+00 2.297173589168011176e-02 4.080022323573196004e-03 4.080022323573188198e-03 2.885205231880346149e-03
-8.804656299905495871e+02 -8.813111783753500958e+02 3.770649761187974036e+01 0.000000000000000000e+00 0.000000000000000000e+00 -5.360871661430621771e-03 4.080022323573196004e-03 4.080022323573188198e-03 2.885331409796335848e-03
-8.808991185060866655e+02 -8.811798037779303741e+02 3.771360531130633831e+01 0.000000000000000000e+00 0.000000000000000000e+00 2.001610786726359947e-02 4.080022323573196004e-03 4.080022323573188198e-03 2.885331541853379967e-03
-8.808964145393778153e+02 -8.811820761696583304e+02 3.771358970508054398e+01 0.000000000000000000e+00 0.000000000000000000e+00 1.036181596421670292e-02 4.080022323573196004e-03 4.080022323573188198e-03 2.885331541489415900e-03
-8.604723984988477241e+02 -1.207474530597660305e+03 4.490247288268179915e+01 0.000000000000000000e+00 0.000000000000000000e+00 1.436419808801048248e-02 4.080022323573196004e-03 4.080022323573188198e-03 2.885446113820400865e-03
-8.603362825209957236e+02 -1.207398475369210928e+03 4.489744668336091848e+01 0.000000000000000000e+00 0.000000000000000000e+00 2.330209401796423663e-02 4.080022323573196004e-03 4.080022323573188198e-03 2.885446028029820930e-03
-8.603279743461067710e+02 -1.207253783252323501e+03 4.489335354387002042e+01 0.000000000000000000e+00 0.000000000000000000e+00 -1.615751340814597370e-03 4.080022323573196004e-03 4.080022323573188198e-03 2.885445961925922967e-03
-4.743017556418876666e+02 -1.185254945183749214e+03 3.778148029574043676e+01 0.000000000000000000e+00 0.000000000000000000e+00 -9.625945824737414114e-03 4.080022323573196004e-03 4.080022323573188198e-03 2.885320868538483133e-03
-4.729742215341309475e+02 -1.184928874213638437e+03 3.775691816725235128e+01 0.000000000000000000e+00 0.000000000000000000e+00 -1.345550587087984695e-02 4.080022323573196004e-03 4.080022323573188198e-03 2.885320447401682354e-03
-4.722842633541948203e+02 -1.185106010184221532e+03 3.775338292926728911e+01 0.000000000000000000e+00 0.000000000000000000e+00 -1.079380050700251559e-02 4.080022323573196004e-03 4.080022323573188198e-03 2.885320377609755342e-03
-6.760347440143283393e+02 -1.359616326253616990e+03 4.568517912295267536e+01 0.000000000000000000e+00 0.000000000000000000e+00 3.157426179029698687e-02 4.080022323573196004e-03 4.080022323573188198e-03 2.885452889851600547e-03
-6.770214593212274394e+02 -1.359088295468156957e+03 4.568600491107804373e+01 0.000000000000000000e+00 0.000000000000000000e+00 2.560830355479737364e-02 4.080022323573196004e-03 4.080022323573188198e-03 2.885452929725436551e-03
-6.769909476947595977e+02 -1.359062241862316796e+03 4.568469009209471210e+01 0.000000000000000000e+00 0.000000000000000000e+00 1.287854764901652516e-02 4.080022323573196004e-03 4.080022323573188198e-03 2.885452907723010628e-03
-8.858946387090336430e+02 -1.581334628021532126e+03 5.712226667264492619e+01 0.000000000000000000e+00 0.000000000000000000e+00 -4.197823612628326373e-05 4.080022323573196004e-03 4.080022323573188198e-03 2.885643659719322376e-03
-4.780577699281878381e+02 -1.571962775421033029e+03 4.975671140475111542e+01 0.000000000000000000e+00 0.000000000000000000e+00 1.920917140093791886e-02 4.080022323573196004e-03 4.080022323573188198e-03 2.885514018065666632e-03
-4.782181679594089019e+02 -1.571926844603346808e+03 4.975738614087106981e+01 0.000000000000000000e+00 0.000000000000000000e+00 5.013039866573620884e-02 4.080022323573196004e-03 4.080022323573188198e-03 2.885514031886162595e-03
-4.781121556136529875e+02 -1.572030606679168613e+03 4.975974997148659895e+01 0.000000000000000000e+00 0.000000000000000000e+00 3.718690209417729875e-02 4.080022323573196004e-03 4.080022323573188198e-03 2.885514068002525100e-03
-4.602635290275437683e+02 -1.908268363207943594e+03 6.260653481946987142e+01 0.000000000000000000e+00 0.000000000000000000e+00 5.488403068597591528e-02 4.080022323573196004e-03 4.080022323573188198e-03 2.885720517138380768e-03
-4.594425084185282913e+02 -1.908010601673493284e+03 6.258602460494309128e+01 0.000000000000000000e+00 0.000000000000000000e+00 6.484832745807977972e-02 4.080022323573196004e-03 4.080022323573188198e-03 2.885720172056221305e-03
-4.593713510993037517e+02 -1.907935964132016352e+03 6.258202227641638160e+01 0.000000000000000000e+00 0.000000000000000000e+00 4.410143446643388643e-02 4.080022323573196004e-03 4.080022323573188198e-03 2.885720106352079525e-03
-8.660277945832909836e+02 -1.901869144746583061e+03 6.914543551347153993e+01 0.000000000000000000e+00 0.000000000000000000e+00 1.955573436177360236e-03 4.080022323573196004e-03 4.080022323573188198e-03 2.885836749778626469e-03
-8.669109247460114602e+02 -1.902108694576838161e+03 6.917500878003055220e+01 0.000000000000000000e+00 0.000000000000000000e+00 1.873040617520871365e-02 4.080022323573196004e-03 4.080022323573188198e-03 2.885837258235173300e-03
-8.669406718121090307e+02 -1.902159370597618818e+03 6.917781443037074496e+01 0.000000000000000000e+00 0.000000000000000000e+00 1.806517271505470035e-02 4.080022323573196004e-03 4.080022323573188198e-03 2.885837304554962016e-03
-6.677583329233352742e+02 -2.050897993087262421e+03 7.186574057558749473e+01 0.000000000000000000e+00 0.000000000000000000e+00 9.084059234396590909e-04 4.080022323573196004e-03 4.080022323573188198e-03 2.885874369942787853e-03
-6.685272712005934181e+02 -2.051010486404869425e+03 7.188390174784788655e+01 0.000000000000000000e+00 0.000000000000000000e+00 4.479796141467318193e-03 4.080022323573196004e-03 4.080022323573188198e-03 2.885874683892994830e-03
-6.685292075897638142e+02 -2.051071357947343131e+03 7.188672041890700370e+01 0.000000000000000000e+00 0.000000000000000000e+00 7.755039766976778992e-03 4.080022323573196004e-03 4.080022323573188198e-03 2.885874729377929659e-03
-8.651403803958634171e+02 -2.288434770830006073e+03 8.721382916305316257e+01 0.000000000000000000e+00 0.000000000000000000e+00 -1.524716259169167643e-02 4.080022323573196004e-03 4.080022323573188198e-03 2.886128662375298231e-03
-8.652258476086508381e+02 -2.288127815769928475e+03 8.720001015816777112e+01 0.000000000000000000e+00 0.000000000000000000e+00 -1.704061723432914732e-02 4.080022323573196004e-03 4.080022323573188198e-03 2.886128441939100290e-03
-8.653345450138539263e+02 -2.288067149888666791e+03 8.719929973769760068e+01 0.000000000000000000e+00 0.000000000000000000e+00 -3.635606570239247048e-02 4.080022323573196004e-03 4.080022323573188198e-03 2.886128434553449605e-03
-4.667601017549078506e+02 -2.301052915196826689e+03 8.112414704001581356e+01 0.000000000000000000e+00 0.000000000000000000e+00 -7.270835902076555612e-03 4.080022323573196004e-03 4.080022323573188198e-03 2.886018740001988683e-03
-4.667364733564609764e+02 -2.301181317338861390e+03 8.113046258210150086e+01 0.000000000000000000e+00 0.000000000000000000e+00 -2.945588807733656722e-03 4.080022323573196004e-03 4.080022323573188198e-03 2.886018841274455658e-03
-4.667190639400774330e+02 -2.301226209290356564e+03 8.113256247785383835e+01 0.000000000000000000e+00 0.000000000000000000e+00 4.718525226223846403e-04 4.080022323573196004e-03 4.080022323573188198e-03 2.886018874752907439e-03
-4.605467441743412564e+02 -2.615797865944931345e+03 9.834223858876616475e+01 0.000000000000000000e+00 0.000000000000000000e+00 4.883784912607325168e-03 4.080022323573196004e-03 4.080022323573188198e-03 2.886296373782117237e-03
-4.609594993315084821e+02 -2.615759754123630955e+03 9.834484889988289069e+01 0.000000000000000000e+00 0.000000000000000000e+00 -2.038321996384695467e-02 4.080022323573196004e-03 4.080022323573188198e-03 2.886296425098698864e-03
-4.633838216534822436e+02 -2.615880529213453428e+03 9.838044119857453040e+01 0.000000000000000000e+00 0.000000000000000000e+00 -4.422544005038275827e-03 4.080022323573196004e-03 4.080022323573188198e-03 2.886297054016597526e-03
-8.713229438503649362e+02 -2.616205717411702608e+03 1.053423148751132317e+02 0.000000000000000000e+00 0.000000000000000000e+00 6.439136781649779095e-02 4.080022323573196004e-03 4.080022323573188198e-03 2.886422942305030045e-03
-8.713510309021958165e+02 -2.616430196029486524e+03 1.053561077054112758e+02 0.000000000000000000e+00 0.000000000000000000e+00 1.150679209514748891e-02 4.080022323573196004e-03 4.080022323573188198e-03 2.886423167687585545e-03
-8.711720484146460421e+02 -2.616126005541730592e+03 1.053342805775803583e+02 0.000000000000000000e+00 0.000000000000000000e+00 3.604036815201538957e-02 4.080022323573196004e-03 4.080022323573188198e-03 2.886422805408454372e-03
-6.387609224033230930e+02 -2.824454092549332017e+03 1.135637506708845308e+02 0.000000000000000000e+00 0.000000000000000000e+00 3.798730656760085367e-02 4.080022323573196004e-03 4.080022323573188198e-03 2.886547799743023265e-03
-6.394988826634763655e+02 -2.824527756860717091e+03 1.135804884972636728e+02 0.000000000000000000e+00 0.000000000000000000e+00 4.353292672172415223e-02 4.080022323573196004e-03 4.080022323573188198e-03 2.886548095931809003e-03
-6.394968634054606582e+02 -2.824535657551557961e+03 1.135809565424553256e+02 0.000000000000000000e+00 0.000000000000000000e+00 3.105873593915475794e-02 4.080022323573196004e-03 4.080022323573188198e-03 2.886548103466356208e-03
-8.625312638089636721e+02 -2.996137987738035918e+03 1.291150690922287083e+02 0.000000000000000000e+00 0.000000000000000000e+00 6.224518995998096216e-02 4.080022323573196004e-03 4.080022323573188198e-03 2.886810202972711625e-03
-8.623648052472520931e+02 -2.996197207271106436e+03 1.291153761802549127e+02 0.000000000000000000e+00 0.000000000000000000e+00 7.447055942159863662e-02 4.080022323573196004e-03 4.080022323573188198e-03 2.886810200145251571e-03
-8.622128124112788328e+02 -2.996454124951293124e+03 1.291293615105121262e+02 0.000000000000000000e+00 0.000000000000000000e+00 5.123274079284101390e-02 4.080022323573196004e-03 4.080022323573188198e-03 2.886810421775099725e-03
-4.804827281340752734e+02 -3.007462994579711903e+03 1.232907441471882919e+02 0.000000000000000000e+00 0.000000000000000000e+00 2.125079982499755715e-02 4.080022323573196004e-03 4.080022323573188198e-03 2.886701086001300463e-03
-4.804738648638556811e+02 -3.007451311766473282e+03 1.232898442040412448e+02 0.000000000000000000e+00 0.000000000000000000e+00 1.604583584952479214e-02 4.080022323573196004e-03 4.080022323573188198e-03 2.886701071137743029e-03
-4.795246333959310050e+02 -3.007151785247804128e+03 1.232578870691821606e+02 0.000000000000000000e+00 0.000000000000000000e+00 1.635357020612104861e-02 4.080022323573196004e-03 4.080022323573188198e-03 2.886700526424556146e-03
-1.141967167958770915e+03 -3.015116562718150817e+03 1.376231046999263015e+02 0.000000000000000000e+00 0.000000000000000000e+00 1.749885225521552456e-02 4.080022323573196004e-03 4.080022323573188198e-03 2.886965203135050898e-03
-1.143343018250597197e+03 -3.015349505079589107e+03 1.376795962883909397e+02 0.000000000000000000e+00 0.000000000000000000e+00 5.035676273371336720e-02 4.080022323573196004e-03 4.080022323573188198e-03 2.886966219961461296e-03
-1.140529982860542304e+03 -3.015846267644074942e+03 1.376304787187571890e+02 0.000000000000000000e+00 0.000000000000000000e+00 6.968807510591545906e-02 4.080022323573196004e-03 4.080022323573188198e-03 2.886965235531369599e-03
-1.537290076188758349e+03 -3.029072051731033298e+03 1.523085005974980675e+02 0.000000000000000000e+00 0.000000000000000000e+00 2.636366635215381393e-03 4.080022323573196004e-03 4.080022323573188198e-03 2.887237502485626855e-03
-1.537324292562612754e+03 -3.029020692415454960e+03 1.523063360318449497e+02 0.000000000000000000e+00 0.000000000000000000e+00 3.326908334514655508e-03 4.080022323573196004e-03 4.080022323573188198e-03 2.887237469092529974e-03
-1.538085528925977087e+03 -3.028760175042828905e+03 1.523188707577050991e+02 0.000000000000000000e+00 0.000000000000000000e+00 1.666372003924720957e-02 4.080022323573196004e-03 4.080022323573188198e-03 2.887237740896940116e-03
-1.361003535895215919e+03 -2.821036798875140448e+03 1.319083418125736102e+02 0.000000000000000000e+00 0.000000000000000000e+00 1.204972852292485186e-03 4.080022323573196004e-03 4.080022323573188198e-03 2.886885181201437594e-03
-1.360110699963946445e+03 -2.821026501231331167e+03 1.318763167011196344e+02 0.000000000000000000e+00 0.000000000000000000e+00 5.151247183647456040e-03 4.080022323573196004e-03 4.080022323573188198e-03 2.886884590820753584e-03
-1.360078103397930590e+03 -2.820807596119179379e+03 1.318612304222376110e+02 0.000000000000000000e+00 0.000000000000000000e+00 4.720203880651752115e-03 4.080022323573196004e-03 4.080022323573188198e-03 2.886884339244106916e-03
-1.556019218779513267e+03 -2.623143522664545344e+03 1.270988652141587636e+02 0.000000000000000000e+00 0.000000000000000000e+00 1.645147345361408497e-02 4.080022323573196004e-03 4.080022323573188198e-03 2.886819430977060133e-03
-1.556019046660644790e+03 -2.623057742940211938e+03 1.270937838107708160e+02 0.000000000000000000e+00 0.000000000000000000e+00 3.672935032705026970e-02 4.080022323573196004e-03 4.080022323573188198e-03 2.886819346813729748e-03
-1.556050069926919605e+03 -2.623004607487865542e+03 1.270918874362423026e+02 0.000000000000000000e+00 0.000000000000000000e+00 3.203099223215133406e-02 4.080022323573196004e-03 4.080022323573188198e-03 2.886819317684379774e-03
-1.172547757834447339e+03 -2.620936643277479106e+03 1.135013083821177986e+02 0.000000000000000000e+00 0.000000000000000000e+00 -1.581926512898235160e-02 4.080022323573196004e-03 4.080022323573188198e-03 2.886570742712897888e-03
-1.172525942068307813e+03 -2.620872495004379289e+03 1.134968744307816166e+02 0.000000000000000000e+00 0.000000000000000000e+00 -1.697589780459907161e-02 4.080022323573196004e-03 4.080022323573188198e-03 2.886570668914689025e-03
-1.172517546106155805e+03 -2.620872819123791487e+03 1.134966409680548480e+02 0.000000000000000000e+00 0.000000000000000000e+00 -1.399316801327188386e-02 4.080022323573196004e-03 4.080022323573188198e-03 2.886570664623837497e-03
-1.216819935345562499e+03 -2.319581931180949596e+03 9.815496831628601626e+01 0.000000000000000000e+00 0.000000000000000000e+00 1.346677419284958432e-02 4.080022323573196004e-03 4.080022323573188198e-03 2.886322496555735959e-03
-1.216816779665457489e+03 -2.319378331388612423e+03 9.814429062648792979e+01 0.000000000000000000e+00 0.000000000000000000e+00 2.298312866174967439e-02 4.080022323573196004e-03 4.080022323573188198e-03 2.886322322348827945e-03
-1.216499749891372630e+03 -2.319198492804773650e+03 9.812508560880303321e+01 0.000000000000000000e+00 0.000000000000000000e+00 1.972126857852174453e-02 4.080022323573196004e-03 4.080022323573188198e-03 2.886321992220656184e-03
-1.551781690552041027e+03 -2.303175803099572022e+03 1.091933909096502333e+02 0.000000000000000000e+00 0.000000000000000000e+00 -4.642146687021408979e-02 4.080022323573196004e-03 4.080022323573188198e-03 2.886523751251001291e-03
-1.551761273016125642e+03 -2.302923760825230602e+03 1.091795401467719842e+02 0.000000000000000000e+00 0.000000000000000000e+00 -7.743608102984467223e-03 4.080022323573196004e-03 4.080022323573188198e-03 2.886523522266792961e-03
-1.550283685953768781e+03 -2.302576921431133997e+03 1.091026730048638314e+02 0.000000000000000000e+00 0.000000000000000000e+00 4.213657851849461622e-03 4.080022323573196004e-03 4.080022323573188198e-03 2.886522157265545944e-03
-1.372406199551983491e+03 -2.144400362996017520e+03 9.454852681278828186e+01 0.000000000000000000e+00 0.000000000000000000e+00 -1.312980343459457799e-02 4.080022323573196004e-03 4.080022323573188198e-03 2.886272539370669712e-03
-1.372382114923140989e+03 -2.144362727883228217e+03 9.454587377627618139e+01 0.000000000000000000e+00 0.000000000000000000e+00 -2.449436565918006181e-02 4.080022323573196004e-03 4.080022323573188198e-03 2.886272494681635988e-03
-1.372350786085554546e+03 -2.144380498149869709e+03 9.454562706133073391e+01 0.000000000000000000e+00 0.000000000000000000e+00 -1.839487090687441651e-02 4.080022323573196004e-03 4.080022323573188198e-03 2.886272488787495344e-03
-1.542064995080160088e+03 -1.967471007006165792e+03 9.273447265262876726e+01 0.000000000000000000e+00 0.000000000000000000e+00 -1.112683692515759049e-02 4.080022323573196004e-03 4.080022323573188198e-03 2.886253764963413442e-03
-1.542048223554284277e+03 -1.967539033796012973e+03 9.273680643894438447e+01 0.000000000000000000e+00 0.000000000000000000e+00 -5.910770955850352948e-03 4.080022323573196004e-03 4.080022323573188198e-03 2.886253801847731958e-03
-1.542106436302564362e+03 -1.967558300014259430e+03 9.273995618973137312e+01 0.000000000000000000e+00 0.000000000000000000e+00 1.228292513147266618e-02 4.080022323573196004e-03 4.080022323573188198e-03 2.886253857113866075e-03
-1.186753548053974328e+03 -1.983098192376800853e+03 8.103639623435122985e+01 0.000000000000000000e+00 0.000000000000000000e+00 2.657293976342600672e-02 4.080022323573196004e-03 4.080022323573188198e-03 2.886042732343484588e-03
-1.185397680792300207e+03 -1.983128822334963843e+03 8.099678444919669573e+01 0.000000000000000000e+00 0.000000000000000000e+00 3.614211976653791680e-02 4.080022323573196004e-03 4.080022323573188198e-03 2.886042022195199792e-03
-1.185218476359939359e+03 -1.982908390674709153e+03 8.098160297584229284e+01 0.000000000000000000e+00 0.000000000000000000e+00 3.225911542378412378e-02 4.080022323573196004e-03 4.080022323573188198e-03 2.886041767179294264e-03
-1.161498499730227877e+03 -1.595387096402836050e+03 6.478317465709429257e+01 0.000000000000000000e+00 0.000000000000000000e+00 3.980339634449592268e-02 4.080022323573196004e-03 4.080022323573188198e-03 2.885778847155374797e-03
-1.168344522012517018e+03 -1.593122525735050431e+03 6.490535547311918663e+01 0.000000000000000000e+00 0.000000000000000000e+00 4.055092471421062328e-02 4.080022323573196004e-03 4.080022323573188198e-03 2.885781157428775334e-03
-1.168061903732748533e+03 -1.592968124038935457e+03 6.489146345157894302e+01 0.000000000000000000e+00 0.000000000000000000e+00 3.432718776069521027e-02 4.080022323573196004e-03 4.080022323573188198e-03 2.885780919462625944e-03
-1.577088064205928958e+03 -1.585474909449526876e+03 7.895552395451950645e+01 0.000000000000000000e+00 0.000000000000000000e+00 1.101702096094925309e-02 4.080022323573196004e-03 4.080022323573188198e-03 2.886032823090704282e-03
-1.577077354368225770e+03 -1.585293413972174221e+03 7.894866175688598275e+01 0.000000000000000000e+00 0.000000000000000000e+00 1.261845322432009198e-02 4.080022323573196004e-03 4.080022323573188198e-03 2.886032711688317400e-03
-1.577109772257083478e+03 -1.585316950533031104e+03 7.895080510417943742e+01 0.000000000000000000e+00 0.000000000000000000e+00 9.980987875138680465e-03 4.080022323573196004e-03 4.080022323573188198e-03 2.886032748644404029e-03
-1.350477853346428674e+03 -1.416607756811929448e+03 6.481398160681641230e+01 0.000000000000000000e+00 0.000000000000000000e+00 -5.741552540428074280e-04 4.080022323573196004e-03 4.080022323573188198e-03 2.885789911562663176e-03
-1.349580652453036009e+03 -1.416547637254490155e+03 6.478117916709973656e+01 0.000000000000000000e+00 0.000000000000000000e+00 1.038557248861593507e-02 4.080022323573196004e-03 4.080022323573188198e-03 2.885789328864306162e-03
-1.348898128944197879e+03 -1.416447732078065428e+03 6.475452560992752638e+01 0.000000000000000000e+00 0.000000000000000000e+00 1.300891430312844932e-02 4.080022323573196004e-03 4.080022323573188198e-03 2.885788858351738019e-03
-1.550498481488542893e+03 -1.213028199532789131e+03 6.625490155097932643e+01 0.000000000000000000e+00 0.000000000000000000e+00 3.331162216207417259e-02 4.080022323573196004e-03 4.080022323573188198e-03 2.885827443965133850e-03
-1.550592300860105752e+03 -1.212999783953466249e+03 6.625785962831945142e+01 0.000000000000000000e+00 0.000000000000000000e+00 3.195764826379843271e-02 4.080022323573196004e-03 4.080022323573188198e-03 2.885827498800857486e-03
-1.550618131982847444e+03 -1.212944929523752762e+03 6.625740160600614104e+01 0.000000000000000000e+00 0.000000000000000000e+00 2.240676055612311757e-02 4.080022323573196004e-03 4.080022323573188198e-03 2.885827493709396379e-03
-1.200302624296051590e+03 -1.187591335632789651e+03 5.326884529978980254e+01 0.000000000000000000e+00 0.000000000000000000e+00 -6.746083945650127589e-03 4.080022323573196004e-03 4.080022323573188198e-03 2.885596055527060201e-03
-1.198965396079537868e+03 -1.187903350806956951e+03 5.323626996443907444e+01 0.000000000000000000e+00 0.000000000000000000e+00 -1.738473387575822926e-04 4.080022323573196004e-03 4.080022323573188198e-03 2.885595458118032572e-03
-1.198039064942954383e+03 -1.188124181319045647e+03 5.321385732484810660e+01 0.000000000000000000e+00 0.000000000000000000e+00 -1.452907516733858984e-02 4.080022323573196004e-03 4.080022323573188198e-03 2.885595046790795978e-03
-1.163459497087698082e+03 -8.840553852026984032e+02 4.512728445133291189e+01 0.000000000000000000e+00 0.000000000000000000e+00 1.689902942247556439e-02 4.080022323573196004e-03 4.080022323573188198e-03 2.885464342146443466e-03
-1.163479084225997894e+03 -8.840183037282292844e+02 4.512713256833001196e+01 0.000000000000000000e+00 0.000000000000000000e+00 1.498180760938083722e-02 4.080022323573196004e-03 4.080022323573188198e-03 2.885464340998240840e-03
-1.163475346555303531e+03 -8.839581826814001033e+02 4.512583266471912680e+01 0.000000000000000000e+00 0.000000000000000000e+00 1.770971667718157505e-02 4.080022323573196004e-03 4.080022323573188198e-03 2.885464320206064699e-03
-1.560685780017938441e+03 -8.959891379217096983e+02 5.921370476884727907e+01 0.000000000000000000e+00 0.000000000000000000e+00 -2.424847731661827765e-02 4.080022323573196004e-03 4.080022323573188198e-03 2.885717835067602190e-03
-1.561203986429640736e+03 -8.959445830848646892e+02 5.923358933716474439e+01 0.000000000000000000e+00 0.000000000000000000e+00 -1.097535726464826666e-02 4.080022323573196004e-03 4.080022323573188198e-03 2.885718197408576255e-03
-1.561350018428984868e+03 -8.958256277372161094e+02 5.923707517261817657e+01 0.000000000000000000e+00 0.000000000000000000e+00 -6.977986915909895060e-02 4.080022323573196004e-03 4.080022323573188198e-03 2.885718266756420996e-03
-1.386273537202441503e+03 -7.010477854737945336e+02 4.915804299144507183e+01 0.000000000000000000e+00 0.000000000000000000e+00 -3.183728554491693785e-02 4.080022323573196004e-03 4.080022323573188198e-03 2.885545051775265709e-03
-1.386286232829643950e+03 -7.012717954685624591e+02 4.916198557670894331e+01 0.000000000000000000e+00 0.000000000000000000e+00 -3.539949276055409655e-02 4.080022323573196004e-03 4.080022323573188198e-03 2.885545113408706248e-03
-1.386276272826189370e+03 -7.012590652089088508e+02 4.916143295954977788e+01 0.000000000000000000e+00 0.000000000000000000e+00 -3.719143742692665455e-02 4.080022323573196004e-03 4.080022323573188198e-03 2.885545103945016867e-03
-1.213490144094561174e+03 -5.307235230469112821e+02 4.106621602800083082e+01 0.000000000000000000e+00 0.000000000000000000e+00 -1.023656054010757543e-02 4.080022323573196004e-03 4.080022323573188198e-03 2.885404853215054431e-03
-1.213485861480771518e+03 -5.306804035960175270e+02 4.106557399563159549e+01 0.000000000000000000e+00 0.000000000000000000e+00 -8.601763810347051731e-03 4.080022323573196004e-03 4.080022323573188198e-03 2.885404843072843575e-03
-1.213502657148363369e+03 -5.307908722413902751e+02 4.106740012966999132e+01 0.000000000000000000e+00 0.000000000000000000e+00 -1.075933319376787267e-02 4.080022323573196004e-03 4.080022323573188198e-03 2.885404872355947729e-03
-1.572197832071813764e+03 -4.916291861452857574e+02 5.347747753319727337e+01 0.000000000000000000e+00 0.000000000000000000e+00 1.411757338969010789e-02 4.080022323573196004e-03 4.080022323573188198e-03 2.885633301561250225e-03
-1.572218762089611118e+03 -4.918010112851569602e+02 5.348017048755993130e+01 0.000000000000000000e+00 0.000000000000000000e+00 5.336013094009217639e-03 4.080022323573196004e-03 4.080022323573188198e-03 2.885633343113228663e-03
-1.572304741632674904e+03 -4.917891957298152761e+02 5.348353196620023198e+01 0.000000000000000000e+00 0.000000000000000000e+00 9.969286586553494089e-03 4.080022323573196004e-03 4.080022323573188198e-03 2.885633405353991120e-03
-1.579393803998746989e+03 -2.332108538475222872e+02 5.176542943237282657e+01 0.000000000000000000e+00 0.000000000000000000e+00 1.669828455881372520e-02 4.080022323573196004e-03 4.080022323573188198e-03 2.885612915737500658e-03
-1.579360116498221714e+03 -2.331760597438414777e+02 5.176388455833123459e+01 0.000000000000000000e+00 0.000000000000000000e+00 2.625411065857718995e-02 4.080022323573196004e-03 4.080022323573188198e-03 2.885612888460257260e-03
-1.579433357641873272e+03 -2.332941010590302824e+02 5.176744602921803562e+01 0.000000000000000000e+00 0.000000000000000000e+00 3.295432622303451353e-02 4.080022323573196004e-03 4.080022323573188198e-03 2.885612949809381825e-03
-1.188310002015996133e+03 -2.458385411093100004e+02 3.785008327227506442e+01 0.000000000000000000e+00 0.000000000000000000e+00 3.015545568111832608e-02 4.080022323573196004e-03 4.080022323573188198e-03 2.885355058304531380e-03
-1.188277179578827827e+03 -2.458172256906988764e+02 3.784896584619613691e+01 0.000000000000000000e+00 0.000000000000000000e+00 8.381173477523873316e-03 4.080022323573196004e-03 4.080022323573188198e-03 2.885355038298916593e-03
-1.188326446872155884e+03 -2.460433811807168638e+02 3.785167480600878775e+01 0.000000000000000000e+00 0.000000000000000000e+00 2.043491599384594792e-02 4.080022323573196004e-03 4.080022323573188198e-03 2.885355081993437685e-03
-1.373717578423116947e+03 3.006095184230159312e+00 4.339527316798115919e+01 0.000000000000000000e+00 0.000000000000000000e+00 8.480809375058129262e-03 4.080022323573196004e-03 4.080022323573188198e-03 2.885464769365507845e-03
-1.373044674728605969e+03 3.040458417727742724e+00 4.337132305067093085e+01 0.000000000000000000e+00 0.000000000000000000e+00 4.668218079444841351e-03 4.080022323573196004e-03 4.080022323573188198e-03 2.885464321676528207e-03
-1.372739536797781966e+03 2.957487663148059109e+00 4.336041040699541327e+01 0.000000000000000000e+00 0.000000000000000000e+00 1.234665595723072329e-02 4.080022323573196004e-03 4.080022323573188198e-03 2.885464115138045710e-03
-1.578549770592718232e+03 1.388175228818381015e+02 5.156605833182499055e+01 0.000000000000000000e+00 0.000000000000000000e+00 1.855352112244190721e-02 4.080022323573196004e-03 4.080022323573188198e-03 2.885622467838105509e-03
-1.578491000470266272e+03 1.389279730688758434e+02 5.156407098577210490e+01 0.000000000000000000e+00 0.000000000000000000e+00 1.195808897607264498e-02 4.080022323573196004e-03 4.080022323573188198e-03 2.885622433464187300e-03
-1.578320445540387936e+03 1.391316050051061097e+02 5.155784595441751605e+01 0.000000000000000000e+00 0.000000000000000000e+00 1.072476494930896251e-02 4.080022323573196004e-03 4.080022323573188198e-03 2.885622321566929781e-03
-1.198255777927716508e+03 1.476191681077624764e+02 3.785990209559092534e+01 0.000000000000000000e+00 0.000000000000000000e+00 -1.721919327034981961e-02 4.080022323573196004e-03 4.080022323573188198e-03 2.885363730641690976e-03
-1.198232908450341029e+03 1.477753774874086901e+02 3.785979073876740131e+01 0.000000000000000000e+00 0.000000000000000000e+00 -3.130226311935757622e-02 4.080022323573196004e-03 4.080022323573188198e-03 2.885363730774707404e-03
-1.197821854337326386e+03 1.478878127820339898e+02 3.784744307121039952e+01 0.000000000000000000e+00 0.000000000000000000e+00 -1.747318591014845879e-02 4.080022323573196004e-03 4.080022323573188198e-03 2.885363499780196558e-03
-1.188655427152096081e+03 4.677110132423343316e+02 4.000257280518013658e+01 0.000000000000000000e+00 0.000000000000000000e+00 -1.704075309958597018e-02 4.080022323573196004e-03 4.080022323573188198e-03 2.885406829175101925e-03
-1.188649000793816867e+03 4.678122890372579263e+02 4.000353210172779939e+01 0.000000000000000000e+00 0.000000000000000000e+00 -1.798025138581493820e-02 4.080022323573196004e-03 4.080022323573188198e-03 2.885406847528103769e-03
-1.188562242869512829e+03 4.678460829549383106e+02 4.000122308929147152e+01 0.000000000000000000e+00 0.000000000000000000e+00 -1.644818909226586356e-02 4.080022323573196004e-03 4.080022323573188198e-03 2.885406803099007517e-03
-1.551376522569726831e+03 4.734134109108046573e+02 5.309483584412252810e+01 0.000000000000000000e+00 0.000000000000000000e+00 1.545286018355795932e-02 4.080022323573196004e-03 4.080022323573188198e-03 2.885659340553323009e-03
-1.551395283234267254e+03 4.732905556497929069e+02 5.309413904147376684e+01 0.000000000000000000e+00 0.000000000000000000e+00 3.301601572000123497e-02 4.080022323573196004e-03 4.080022323573188198e-03 2.885659325290878489e-03
-1.551413512085906405e+03 4.731931096940184602e+02 5.309372314260285464e+01 0.000000000000000000e+00 0.000000000000000000e+00 4.655818827722413289e-02 4.080022323573196004e-03 4.080022323573188198e-03 2.885659315829965099e-03
-1.352844722116233697e+03 6.998344353165088023e+02 4.880342910070131524e+01 0.000000000000000000e+00 0.000000000000000000e+00 4.214929334338535227e-04 4.080022323573196004e-03 4.080022323573188198e-03 2.885576733421947680e-03
-1.352768641567065515e+03 6.998620032571086540e+02 4.880119131981643221e+01 0.000000000000000000e+00 0.000000000000000000e+00 -5.636209898611355129e-03 4.080022323573196004e-03 4.080022323573188198e-03 2.885576689387331882e-03
-1.352656087166123370e+03 6.999664059428145038e+02 4.879897676806489670e+01 0.000000000000000000e+00 0.000000000000000000e+00 -3.408177787299848660e-03 4.080022323573196004e-03 4.080022323573188198e-03 2.885576645242246725e-03
-1.564436466408487149e+03 8.709947414318070287e+02 6.029676936368213092e+01 0.000000000000000000e+00 0.000000000000000000e+00 4.444279156329145053e-02 4.080022323573196004e-03 4.080022323573188198e-03 2.885802351656917373e-03
-1.564421948779800232e+03 8.707593892176267900e+02 6.029106551435904748e+01 0.000000000000000000e+00 0.000000000000000000e+00 3.716219437504264533e-02 4.080022323573196004e-03 4.080022323573188198e-03 2.885802240016989168e-03
-1.564318096683081421e+03 8.707912630759353760e+02 6.028744119850618688e+01 0.000000000000000000e+00 0.000000000000000000e+00 2.559827780252987850e-02 4.080022323573196004e-03 4.080022323573188198e-03 2.885802167662667415e-03
-1.197394616922279965e+03 8.615489739553777326e+02 4.666859521957114509e+01 0.000000000000000000e+00 0.000000000000000000e+00 -2.337721608852660893e-02 4.080022323573196004e-03 4.080022323573188198e-03 2.885532131459174390e-03
-1.196293390349819447e+03 8.614029371812487170e+02 4.663069937765460082e+01 0.000000000000000000e+00 0.000000000000000000e+00 -3.189682613619027052e-02 4.080022323573196004e-03 4.080022323573188198e-03 2.885531385420825670e-03
-1.195544868755213429e+03 8.614888955795249785e+02 4.660886106778725946e+01 0.000000000000000000e+00 0.000000000000000000e+00 -2.368827269742013186e-02 4.080022323573196004e-03 4.080022323573188198e-03 2.885530951244691823e-03
-1.168424400517488039e+03 1.190152989123520229e+03 5.402865985306880248e+01 0.000000000000000000e+00 0.000000000000000000e+00 3.809943643460655949e-02 4.080022323573196004e-03 4.080022323573188198e-03 2.885667043050463981e-03
-1.168439984720997018e+03 1.190263311233630475e+03 5.403237814442027798e+01 0.000000000000000000e+00 0.000000000000000000e+00 4.147736039668359354e-02 4.080022323573196004e-03 4.080022323573188198e-03 2.885667112644091717e-03
-1.168477791963804975e+03 1.190274783334867834e+03 5.403389230020951572e+01 0.000000000000000000e+00 0.000000000000000000e+00 5.348649029375707187e-02 4.080022323573196004e-03 4.080022323573188198e-03 2.885667142758877382e-03
-1.571944525788449255e+03 1.183564370536951401e+03 6.861575490288002754e+01 0.000000000000000000e+00 0.000000000000000000e+00 -2.061666935101413856e-02 4.080022323573196004e-03 4.080022323573188198e-03 2.885963955736518208e-03
-1.573094210264783896e+03 1.183931005635668726e+03 6.867505833410186256e+01 0.000000000000000000e+00 0.000000000000000000e+00 -1.899534881341935488e-02 4.080022323573196004e-03 4.080022323573188198e-03 2.885965152831695101e-03
-1.574812948506463727e+03 1.184558759445719033e+03 6.876614899820569349e+01 0.000000000000000000e+00 0.000000000000000000e+00 -3.534002752027731731e-02 4.080022323573196004e-03 4.080022323573188198e-03 2.885966989686319668e-03
-1.434339556992841608e+03 1.439942917123434427e+03 7.146377771664629108e+01 0.000000000000000000e+00 0.000000000000000000e+00 -1.212232665402268594e-02 4.080022323573196004e-03 4.080022323573188198e-03 2.886010467299509035e-03
-1.433873835513748645e+03 1.439980152797665596e+03 7.144711191975459030e+01 0.000000000000000000e+00 0.000000000000000000e+00 2.198665330112703487e-03 4.080022323573196004e-03 4.080022323573188198e-03 2.886010118774507641e-03
-1.433739050318548834e+03 1.440443284299904008e+03 7.145859234908878932e+01 0.000000000000000000e+00 0.000000000000000000e+00 -1.457342456919263896e-02 4.080022323573196004e-03 4.080022323573188198e-03 2.886010327534147425e-03
-1.558468947612909687e+03 1.613023552430590826e+03 8.313377905268571055e+01 0.000000000000000000e+00 0.000000000000000000e+00 -2.362209907666112940e-02 4.080022323573196004e-03 4.080022323573188198e-03 2.886242741734113600e-03
-1.558643231412105024e+03 1.613019558270770403e+03 8.314099346323837381e+01 0.000000000000000000e+00 0.000000000000000000e+00 -8.577601111042554294e-03 4.080022323573196004e-03 4.080022323573188198e-03 2.886242894276168976e-03
-1.558620837742285175e+03 1.613279492104530618e+03 8.315063884516773385e+01 0.000000000000000000e+00 0.000000000000000000e+00 -2.784739370109434731e-02 4.080022323573196004e-03 4.080022323573188198e-03 2.886243078161570240e-03
-1.219035845031857662e+03 1.647840621046329034e+03 7.177943695446697348e+01 0.000000000000000000e+00 0.000000000000000000e+00 -1.724688475204061433e-02 4.080022323573196004e-03 4.080022323573188198e-03 2.886000186322754645e-03
-1.218747523153090697e+03 1.647842201043921932e+03 7.176998800528249944e+01 0.000000000000000000e+00 0.000000000000000000e+00 -2.968193053887091537e-02 4.080022323573196004e-03 4.080022323573188198e-03 2.885999986922266770e-03
-1.218793825879668930e+03 1.647553151208607233e+03 7.175959245520597563e+01 0.000000000000000000e+00 0.000000000000000000e+00 -2.946398571863539928e-02 4.080022323573196004e-03 4.080022323573188198e-03 2.885999796440077720e-03
-1.161068798648748270e+03 1.930178297312803807e+03 8.260847264177172633e+01 0.000000000000000000e+00 0.000000000000000000e+00 3.061546536400783225e-03 4.080022323573196004e-03 4.080022323573188198e-03 2.886197719126291569e-03
-1.161076257356475935e+03 1.930239719220214965e+03 8.261170509482629143e+01 0.000000000000000000e+00 0.000000000000000000e+00 9.031586456842433108e-03 4.080022323573196004e-03 4.080022323573188198e-03 2.886197780335572702e-03
-1.160963063315287627e+03 1.930479261811584593e+03 8.261979990772714189e+01 0.000000000000000000e+00 0.000000000000000000e+00 1.461569635708315218e-03 4.080022323573196004e-03 4.080022323573188198e-03 2.886197921611931803e-03
-1.561137236842482025e+03 1.894978206430239652e+03 9.580132049777361658e+01 0.000000000000000000e+00 0.000000000000000000e+00 5.137974974621783986e-02 4.080022323573196004e-03 4.080022323573188198e-03 2.886487179849482609e-03
-1.561184079901427140e+03 1.894930016562586843e+03 9.580099642246997860e+01 0.000000000000000000e+00 0.000000000000000000e+00 6.174491704324225338e-02 4.080022323573196004e-03 4.080022323573188198e-03 2.886487178201783271e-03
-1.561229779049465378e+03 1.895165217094194986e+03 9.581432035335973296e+01 0.000000000000000000e+00 0.000000000000000000e+00 4.857585216214488355e-02 4.080022323573196004e-03 4.080022323573188198e-03 2.886487440058148855e-03
-1.356179480777720073e+03 2.140698285781289542e+03 1.002485184757002514e+02 0.000000000000000000e+00 0.000000000000000000e+00 3.036482142903196291e-03 4.080022323573196004e-03 4.080022323573188198e-03 2.886550964025067553e-03
-1.356233926961807356e+03 2.140803230072549468e+03 1.002563057362925747e+02 0.000000000000000000e+00 0.000000000000000000e+00 1.053491547477847234e-02 4.080022323573196004e-03 4.080022323573188198e-03 2.886551118734010258e-03
-1.356139848245639314e+03 2.140827529747122298e+03 1.002541185102759584e+02 0.000000000000000000e+00 0.000000000000000000e+00 9.641816935271663169e-03 4.080022323573196004e-03 4.080022323573188198e-03 2.886551066613210394e-03
-1.564677117780770232e+03 2.290122783299461389e+03 1.172021257616858918e+02 0.000000000000000000e+00 0.000000000000000000e+00 -1.333004600937215400e-02 4.080022323573196004e-03 4.080022323573188198e-03 2.886902629331973037e-03
-1.563987791106596887e+03 2.290144930472885790e+03 1.171734595169352247e+02 0.000000000000000000e+00 0.000000000000000000e+00 -6.543790013495254243e-03 4.080022323573196004e-03 4.080022323573188198e-03 2.886901983989843910e-03
-1.563769403521208233e+03 2.290400711911892358e+03 1.171791279711153493e+02 0.000000000000000000e+00 0.000000000000000000e+00 -1.438561929306558795e-02 4.080022323573196004e-03 4.080022323573188198e-03 2.886902066839061847e-03
-1.196373235697641121e+03 2.610331230286429218e+03 1.233699414114301760e+02 0.000000000000000000e+00 0.000000000000000000e+00 4.351634962951322905e-02 4.080022323573196004e-03 4.080022323573188198e-03 2.886974244668773140e-03
-1.196400965395717321e+03 2.610348666083622902e+03 1.233720546082908669e+02 0.000000000000000000e+00 0.000000000000000000e+00 4.398853942112168625e-02 4.080022323573196004e-03 4.080022323573188198e-03 2.886974288712653228e-03
-1.196486384394509741e+03 2.610187225092994140e+03 1.233639561164689553e+02 0.000000000000000000e+00 0.000000000000000000e+00 4.637628036510932361e-02 4.080022323573196004e-03 4.080022323573188198e-03 2.886974144220203105e-03
-1.561985752781823294e+03 2.663175476926865031e+03 1.411821437382286604e+02 0.000000000000000000e+00 0.000000000000000000e+00 6.184524534859292544e-02 4.080022323573196004e-03 4.080022323573188198e-03 2.887371672297881116e-03
-1.561830474074716903e+03 2.663449144378376786e+03 1.411944576789516645e+02 0.000000000000000000e+00 0.000000000000000000e+00 6.672636229507133976e-02 4.080022323573196004e-03 4.080022323573188198e-03 2.887371890827251496e-03
-1.561576201583004377e+03 2.663627110190318490e+03 1.411957187638667506e+02 0.000000000000000000e+00 0.000000000000000000e+00 4.515119866840677787e-02 4.080022323573196004e-03 4.080022323573188198e-03 2.887371876770594183e-03
-1.360645727287480668e+03 2.838208375555489511e+03 1.455395813149957007e+02 0.000000000000000000e+00 0.000000000000000000e+00 2.047328332079700886e-02 4.080022323573196004e-03 4.080022323573188198e-03 2.887426176415035586e-03
-1.360651122774935402e+03 2.838170244313956118e+03 1.455369371357000148e+02 0.000000000000000000e+00 0.000000000000000000e+00 1.687640985477401046e-02 4.080022323573196004e-03 4.080022323573188198e-03 2.887426125616434150e-03
-1.360569008877506349e+03 2.838259078065404083e+03 1.455404186048110944e+02 0.000000000000000000e+00 0.000000000000000000e+00 8.675920304710871278e-03 4.080022323573196004e-03 4.080022323573188198e-03 2.887426181070545939e-03
-1.197213683358014805e+03 3.000259205863441821e+03 1.521006626679811689e+02 0.000000000000000000e+00 0.000000000000000000e+00 2.359471193784656862e-02 4.080022323573196004e-03 4.080022323573188198e-03 2.887529399950587630e-03
-1.197120132488974377e+03 3.000181325748680138e+03 1.520912944948591985e+02 0.000000000000000000e+00 0.000000000000000000e+00 2.237278822619259699e-02 4.080022323573196004e-03 4.080022323573188198e-03 2.887529203832465453e-03
-1.197154610532055813e+03 3.000218529968549319e+03 1.520954219956714724e+02 0.000000000000000000e+00 0.000000000000000000e+00 2.644803905280923573e-02 4.080022323573196004e-03 4.080022323573188198e-03 2.887529289241236655e-03
-1.546790071843590795e+03 3.035908899914596077e+03 1.686379032636833699e+02 0.000000000000000000e+00 0.000000000000000000e+00 2.937299882881916346e-02 4.080022323573196004e-03 4.080022323573188198e-03 2.887912274461784754e-03
-1.546725367864795317e+03 3.035779770125554933e+03 1.686245808704463798e+02 0.000000000000000000e+00 0.000000000000000000e+00 1.736952754978915436e-02 4.080022323573196004e-03 4.080022323573188198e-03 2.887911997846704087e-03
-1.546806325173826508e+03 3.035895013575521716e+03 1.686374972476899927e+02 0.000000000000000000e+00 0.000000000000000000e+00 2.839512549783762552e-02 4.080022323573196004e-03 4.080022323573188198e-03 2.887912269306629372e-03
-1.940199066026314540e+03 2.314766257199753909e+03 1.370353705177088841e+02 0.000000000000000000e+00 0.000000000000000000e+00 -4.165171358408770175e-03 4.080022323573196871e-03 4.080022323573190800e-03 2.887344035387099089e-03
-1.942037290205999852e+03 2.314665258318516862e+03 1.371291012001029515e+02 0.000000000000000000e+00 0.000000000000000000e+00 2.216999760406679343e-03 4.080022323573196871e-03 4.080022323573190800e-03 2.887346161511099470e-03
-1.942143149515341975e+03 2.314749017722101598e+03 1.371399337958144429e+02 0.000000000000000000e+00 0.000000000000000000e+00 8.324817543211793236e-03 4.080022323573196871e-03 4.080022323573190800e-03 2.887346393368962674e-03
-2.068180748111664798e+03 2.205348964715007241e+03 1.377278189945608631e+02 0.000000000000000000e+00 0.000000000000000000e+00 1.266896429487474052e-02 4.080022323573196871e-03 4.080022323573190800e-03 2.887373844046718738e-03
-2.068358111150360855e+03 2.205225079392154385e+03 1.377309069971423980e+02 0.000000000000000000e+00 0.000000000000000000e+00 1.106251558712756378e-02 4.080022323573196871e-03 4.080022323573190800e-03 2.887373927399415445e-03
-2.069200546238248535e+03 2.205165869481233131e+03 1.377761750970319099e+02 0.000000000000000000e+00 0.000000000000000000e+00 9.498971551266777169e-03 4.080022323573196871e-03 4.080022323573190800e-03 2.887374945948343805e-03
-2.275309359796583522e+03 2.293213056791958024e+03 1.555461138622746375e+02 0.000000000000000000e+00 0.000000000000000000e+00 5.704031682967070083e-03 4.080022323573196871e-03 4.080022323573190800e-03 2.887764339552208095e-03
-2.275507195510542715e+03 2.293083652610100216e+03 1.555509196205067610e+02 0.000000000000000000e+00 0.000000000000000000e+00 9.999490951287270946e-03 4.080022323573196871e-03 4.080022323573190800e-03 2.887764462209802679e-03
-2.276198001344896056e+03 2.292979335550830456e+03 1.555888154084141206e+02 0.000000000000000000e+00 0.000000000000000000e+00 1.108035333166412784e-02 4.080022323573196871e-03 4.080022323573190800e-03 2.887765329602727960e-03
-2.246303867211254328e+03 1.918764980903353262e+03 1.329572293041199487e+02 0.000000000000000000e+00 0.000000000000000000e+00 -9.378463056748387316e-03 4.080022323573196871e-03 4.080022323573190800e-03 2.887292950807526532e-03
-2.246870588222573133e+03 1.918788390073453684e+03 1.329937466165512205e+02 0.000000000000000000e+00 0.000000000000000000e+00 -6.251028668486924289e-03 4.080022323573196871e-03 4.080022323573190800e-03 2.887293747878503462e-03
-2.247616661504034710e+03 1.918684240342903422e+03 1.330350603289316211e+02 0.000000000000000000e+00 0.000000000000000000e+00 -1.174623997479784521e-02 4.080022323573196871e-03 4.080022323573190800e-03 2.887294657172758804e-03
-1.965137912101066149e+03 1.909981369331397900e+03 1.161305793451389263e+02 0.000000000000000000e+00 0.000000000000000000e+00 -6.412486688319063433e-03 4.080022323573196871e-03 4.080022323573190800e-03 2.886926580567662250e-03
-1.965278914023280549e+03 1.910051378504234208e+03 1.161416874717210419e+02 0.000000000000000000e+00 0.000000000000000000e+00 -9.295593749769182068e-03 4.080022323573196871e-03 4.080022323573190800e-03 2.886926816472314833e-03
-1.965314142099106220e+03 1.910257312918658045e+03 1.161537736919346457e+02 0.000000000000000000e+00 0.000000000000000000e+00 -1.429279353001788877e-02 4.080022323573196871e-03 4.080022323573190800e-03 2.886927062480570266e-03
-1.972913317153633898e+03 1.623444252721387329e+03 1.035077027959390534e+02 0.000000000000000000e+00 0.000000000000000000e+00 -4.580641443723720840e-03 4.080022323573196871e-03 4.080022323573190800e-03 2.886673457203591583e-03
-1.972870782587906433e+03 1.623496799644071871e+03 1.035075973280598731e+02 0.000000000000000000e+00 0.000000000000000000e+00 2.042963733529745696e-03 4.080022323573196871e-03 4.080022323573190800e-03 2.886673452511858036e-03
-1.972897500768317968e+03 1.623584684882301872e+03 1.035127014922773867e+02 0.000000000000000000e+00 0.000000000000000000e+00 4.140251025560814924e-03 4.080022323573196871e-03 4.080022323573190800e-03 2.886673556829282093e-03
-2.252092380086213780e+03 1.626791941544592191e+03 1.198231051598602903e+02 0.000000000000000000e+00 0.000000000000000000e+00 1.853719677313847569e-03 4.080022323573196871e-03 4.080022323573190800e-03 2.887020731500741615e-03
-2.254249790319243857e+03 1.626795246319088619e+03 1.199569315101639120e+02 0.000000000000000000e+00 0.000000000000000000e+00 -1.068424214940932870e-02 4.080022323573196871e-03 4.080022323573190800e-03 2.887023587761652129e-03
-2.254354764520344361e+03 1.626847092994973536e+03 1.199656317456772143e+02 0.000000000000000000e+00 0.000000000000000000e+00 8.946640529828187027e-03 4.080022323573196871e-03 4.080022323573190800e-03 2.887023772286054831e-03
-2.166162454601574154e+03 1.451564617204829801e+03 1.076378063471413782e+02 0.000000000000000000e+00 0.000000000000000000e+00 2.044473912889088751e-03 4.080022323573196871e-03 4.080022323573190800e-03 2.886765761277188761e-03
-2.167340934328632102e+03 1.451485558017576068e+03 1.077045683719095166e+02 0.000000000000000000e+00 0.000000000000000000e+00 8.158501859156785940e-04 4.080022323573196871e-03 4.080022323573190800e-03 2.886767165154859992e-03
-2.168056477376417661e+03 1.451438447042951339e+03 1.077451572034242844e+02 0.000000000000000000e+00 0.000000000000000000e+00 1.327592970531554784e-02 4.080022323573196871e-03 4.080022323573190800e-03 2.886768018653739637e-03
-1.985931411986814510e+03 1.209358814980736952e+03 8.921118499562345505e+01 0.000000000000000000e+00 0.000000000000000000e+00 -2.000734207639709439e-02 4.080022323573196871e-03 4.080022323573190800e-03 2.886384991724873748e-03
-1.986440729118514128e+03 1.209255326795899919e+03 8.923532126449154589e+01 0.000000000000000000e+00 0.000000000000000000e+00 -1.171680871605929042e-02 4.080022323573196871e-03 4.080022323573190800e-03 2.886385488394580413e-03
-1.987172530032994018e+03 1.209345964619403730e+03 8.927739105774878681e+01 0.000000000000000000e+00 0.000000000000000000e+00 -2.059015093294647158e-03 4.080022323573196871e-03 4.080022323573190800e-03 2.886386352513977977e-03
-2.237625478469980408e+03 1.212912156515935521e+03 1.037166907658551196e+02 0.000000000000000000e+00 0.000000000000000000e+00 -8.653811060753469064e-03 4.080022323573196871e-03 4.080022323573190800e-03 2.886683850784276927e-03
-2.237597317450266473e+03 1.212995445935194084e+03 1.037175896859026807e+02 0.000000000000000000e+00 0.000000000000000000e+00 -6.144072822038992854e-03 4.080022323573196871e-03 4.080022323573190800e-03 2.886683870489539522e-03
-2.237583402391505842e+03 1.212836671226546969e+03 1.037117691649510078e+02 0.000000000000000000e+00 0.000000000000000000e+00 -6.420174494081720695e-03 4.080022323573196871e-03 4.080022323573190800e-03 2.886683748110908422e-03
-1.975568749997958776e+03 9.123777875814776053e+02 8.063513363984620241e+01 0.000000000000000000e+00 0.000000000000000000e+00 5.589147519401649333e-03 4.080022323573196871e-03 4.080022323573190800e-03 2.886209168349886372e-03
-1.975612427953193446e+03 9.124166338328262782e+02 8.063834759219680848e+01 0.000000000000000000e+00 0.000000000000000000e+00 -9.048249625791981998e-03 4.080022323573196871e-03 4.080022323573190800e-03 2.886209233511616117e-03
-1.975761892943655539e+03 9.124000333827867735e+02 8.064587058364330119e+01 0.000000000000000000e+00 0.000000000000000000e+00 9.388585839431584645e-03 4.080022323573196871e-03 4.080022323573190800e-03 2.886209384432678656e-03
-2.054830419662198892e+03 7.613585166551922612e+02 8.167547505503355865e+01 0.000000000000000000e+00 0.000000000000000000e+00 5.817559675307393263e-04 4.080022323573196871e-03 4.080022323573190800e-03 2.886226605779633036e-03
-2.054837605013784923e+03 7.614297687007059494e+02 8.167726408945321737e+01 0.000000000000000000e+00 0.000000000000000000e+00 9.666379530131052888e-03 4.080022323573196871e-03 4.080022323573190800e-03 2.886226643484228558e-03
-2.054877887246683713e+03 7.615070251115827205e+02 8.168098790677657917e+01 0.000000000000000000e+00 0.000000000000000000e+00 3.495337084018501628e-04 4.080022323573196871e-03 4.080022323573190800e-03 2.886226719883523001e-03
-2.230215299680539829e+03 8.919559751076521934e+02 9.453767246820378034e+01 0.000000000000000000e+00 0.000000000000000000e+00 -3.048040005609209402e-03 4.080022323573196871e-03 4.080022323573190800e-03 2.886488509852761127e-03
-2.230216804630989373e+03 8.920703709756493254e+02 9.454040670226129350e+01 0.000000000000000000e+00 0.000000000000000000e+00 -2.005192799640553858e-02 4.080022323573196871e-03 4.080022323573190800e-03 2.886488568961935713e-03
-2.230322360932619631e+03 8.920780304466178450e+02 9.454691874342319124e+01 0.000000000000000000e+00 0.000000000000000000e+00 -6.557651700148880991e-03 4.080022323573196871e-03 4.080022323573190800e-03 2.886488700541387040e-03
-1.936542016057810315e+03 5.277825843821163971e+02 7.151678822601972740e+01 0.000000000000000000e+00 0.000000000000000000e+00 -2.725544446488470385e-02 4.080022323573196871e-03 4.080022323573190800e-03 2.886018840883777282e-03
-1.936544464350572753e+03 5.277637740407944875e+02 7.151665713294909210e+01 0.000000000000000000e+00 0.000000000000000000e+00 -2.601021990500385073e-02 4.080022323573196871e-03 4.080022323573190800e-03 2.886018837697635394e-03
-1.936617002871010527e+03 5.277948131962543812e+02 7.152080348536065912e+01 0.000000000000000000e+00 0.000000000000000000e+00 -1.107795132581657072e-02 4.080022323573196871e-03 4.080022323573190800e-03 2.886018919779618965e-03
-2.238711305087362234e+03 5.098493953531259422e+02 8.803999151840024240e+01 0.000000000000000000e+00 0.000000000000000000e+00 -7.234246025286950044e-02 4.080022323573196871e-03 4.080022323573190800e-03 2.886341921251845809e-03
-2.239004928187504447e+03 5.098501903482829789e+02 8.805752888615501206e+01 0.000000000000000000e+00 0.000000000000000000e+00 -1.980253259999642523e-02 4.080022323573196871e-03 4.080022323573190800e-03 2.886342265942829464e-03
-2.238751803364688385e+03 5.097460867995989702e+02 8.804100346280229417e+01 0.000000000000000000e+00 0.000000000000000000e+00 -3.152922061647700502e-02 4.080022323573196871e-03 4.080022323573190800e-03 2.886341935607434142e-03
-1.933723222179231016e+03 2.228270675389815665e+02 6.833977004097418728e+01 0.000000000000000000e+00 0.000000000000000000e+00 1.080880453092447624e-02 4.080022323573196871e-03 4.080022323573190800e-03 2.885945317848016139e-03
-1.932798936702666879e+03 2.225493502924646236e+02 6.829100519530402380e+01 0.000000000000000000e+00 0.000000000000000000e+00 2.599397200944508768e-02 4.080022323573196871e-03 4.080022323573190800e-03 2.885944370355042303e-03
-1.932623144744041610e+03 2.225499672136066067e+02 6.828206789088760331e+01 0.000000000000000000e+00 0.000000000000000000e+00 1.137895246631615009e-02 4.080022323573196871e-03 4.080022323573190800e-03 2.885944199003823065e-03
-2.047749513839302381e+03 5.848237146466688330e+01 7.359332799212998566e+01 0.000000000000000000e+00 0.000000000000000000e+00 8.323853132736758198e-04 4.080022323573196871e-03 4.080022323573190800e-03 2.886037467649685186e-03
-2.046624398072083750e+03 5.859731471732109753e+01 7.353304913651119534e+01 0.000000000000000000e+00 0.000000000000000000e+00 -9.175574129173469373e-03 4.080022323573196871e-03 4.080022323573190800e-03 2.886036325883032175e-03
-2.046742307748621670e+03 5.859043937480890918e+01 7.353937735883594939e+01 0.000000000000000000e+00 0.000000000000000000e+00 1.471713918924422160e-02 4.080022323573196871e-03 4.080022323573190800e-03 2.886036446035122709e-03
-2.225056247509625337e+03 1.946294433718387324e+02 8.415733995479402552e+01 0.000000000000000000e+00 0.000000000000000000e+00 3.321207928280500710e-03 4.080022323573196871e-03 4.080022323573190800e-03 2.886247907236544341e-03
-2.225047039901670360e+03 1.945869584570576194e+02 8.415654609911680950e+01 0.000000000000000000e+00 0.000000000000000000e+00 -1.398127142110183740e-03 4.080022323573196871e-03 4.080022323573190800e-03 2.886247889282835509e-03
-2.224965177150602813e+03 1.945074042981800346e+02 8.415125363411539183e+01 0.000000000000000000e+00 0.000000000000000000e+00 -6.568083515560374508e-03 4.080022323573196871e-03 4.080022323573190800e-03 2.886247782307564420e-03
-2.243096857082599854e+03 -2.104391124621087101e+02 8.477780783191234093e+01 0.000000000000000000e+00 0.000000000000000000e+00 -5.780996760907441967e-02 4.080022323573196871e-03 4.080022323573190800e-03 2.886232475188349467e-03
-2.244731066647451371e+03 -2.102163791590653261e+02 8.487339020583274873e+01 0.000000000000000000e+00 0.000000000000000000e+00 -3.578903361078289436e-02 4.080022323573196871e-03 4.080022323573190800e-03 2.886234296067224665e-03
-2.245244554223928844e+03 -2.101798998494468833e+02 8.490356272171027285e+01 0.000000000000000000e+00 0.000000000000000000e+00 -2.104667912882973724e-02 4.080022323573196871e-03 4.080022323573190800e-03 2.886234868495660046e-03
-1.985673226217677893e+03 -1.980605577085124480e+02 7.046459203418586981e+01 0.000000000000000000e+00 0.000000000000000000e+00 -1.024287141325430639e-02 4.080022323573196871e-03 4.080022323573190800e-03 2.885963773889067482e-03
-1.985655087969539181e+03 -1.980416783943475991e+02 7.046358188533550049e+01 0.000000000000000000e+00 0.000000000000000000e+00 -2.099798757838300389e-02 4.080022323573196871e-03 4.080022323573190800e-03 2.885963756011958835e-03
-1.985679708412466653e+03 -1.979908254687847204e+02 7.046467448400663613e+01 0.000000000000000000e+00 0.000000000000000000e+00 -1.063877097895726820e-02 4.080022323573196871e-03 4.080022323573190800e-03 2.885963779442874029e-03
-1.936840872829340242e+03 -5.106690174345451965e+02 7.025146075585206518e+01 0.000000000000000000e+00 0.000000000000000000e+00 -4.184684394914484074e-04 4.080022323573196871e-03 4.080022323573190800e-03 2.885941387907689851e-03
-1.936793490778131627e+03 -5.105980042409628368e+02 7.024829887460343514e+01 0.000000000000000000e+00 0.000000000000000000e+00 1.415871246976507791e-03 4.080022323573196871e-03 4.080022323573190800e-03 2.885941333664379053e-03
-1.936828455364351612e+03 -5.106031793683894762e+02 7.025011539502217772e+01 0.000000000000000000e+00 0.000000000000000000e+00 1.467794924870702289e-02 4.080022323573196871e-03 4.080022323573190800e-03 2.885941366957838188e-03
-2.088834868031047790e+03 -6.354579213996127010e+02 7.974869883190386588e+01 0.000000000000000000e+00 0.000000000000000000e+00 -6.186353575685643591e-04 4.080022323573196871e-03 4.080022323573190800e-03 2.886109095806903627e-03
-2.089663398912800403e+03 -6.354471299678019705e+02 7.979362597275749636e+01 0.000000000000000000e+00 0.000000000000000000e+00 -1.760984794968578626e-02 4.080022323573196871e-03 4.080022323573190800e-03 2.886109927302178604e-03
-2.089723511013020016e+03 -6.355035641192088178e+02 7.979767142937014057e+01 0.000000000000000000e+00 0.000000000000000000e+00 8.299612630139563407e-03 4.080022323573196871e-03 4.080022323573190800e-03 2.886109998318404923e-03
-2.287052825052968274e+03 -5.446043858987659405e+02 8.993039249945088898e+01 0.000000000000000000e+00 0.000000000000000000e+00 -2.724970723220110358e-02 4.080022323573196871e-03 4.080022323573190800e-03 2.886304660612113316e-03
-2.287116028424857177e+03 -5.445509411118764547e+02 8.993356535269086294e+01 0.000000000000000000e+00 0.000000000000000000e+00 1.098129202759423606e-03 4.080022323573196871e-03 4.080022323573190800e-03 2.886304723816677294e-03
-2.287030959713149514e+03 -5.444837557406660835e+02 8.992769709347125229e+01 0.000000000000000000e+00 0.000000000000000000e+00 -1.686295772441326335e-02 4.080022323573196871e-03 4.080022323573190800e-03 2.886304619400414766e-03
-2.245287012590608811e+03 -8.957711208769330824e+02 9.292403004239821485e+01 0.000000000000000000e+00 0.000000000000000000e+00 -1.386742358972981037e-02 4.080022323573196871e-03 4.080022323573190800e-03 2.886333877783421077e-03
-2.245224328280899044e+03 -8.956293996852734836e+02 9.291757746045315969e+01 0.000000000000000000e+00 0.000000000000000000e+00 -6.307622948312996414e-03 4.080022323573196871e-03 4.080022323573190800e-03 2.886333769307297160e-03
-2.245237552047090503e+03 -8.956549700981531714e+02 9.291885369477812162e+01 0.000000000000000000e+00 0.000000000000000000e+00 -5.802761588853400099e-03 4.080022323573196871e-03 4.080022323573190800e-03 2.886333790944934155e-03
-1.953688833818787316e+03 -9.068895210225272194e+02 7.723736189057328261e+01 0.000000000000000000e+00 0.000000000000000000e+00 -2.385256345462494210e-02 4.080022323573196871e-03 4.080022323573190800e-03 2.886045095027731187e-03
-1.953673825665918230e+03 -9.070458567871720561e+02 7.723973207494609028e+01 0.000000000000000000e+00 0.000000000000000000e+00 -2.628412959096237955e-02 4.080022323573196871e-03 4.080022323573190800e-03 2.886045128310256794e-03
-1.953766908514890019e+03 -9.070313129092758118e+02 7.724414900091737479e+01 0.000000000000000000e+00 0.000000000000000000e+00 -2.710047744338339726e-02 4.080022323573196871e-03 4.080022323573190800e-03 2.886045209984045620e-03
-1.946118847726211698e+03 -1.202561919225494876e+03 8.376905001426560204e+01 0.000000000000000000e+00 0.000000000000000000e+00 -5.582137177512436210e-02 4.080022323573196871e-03 4.080022323573190800e-03 2.886144781669307182e-03
-1.946102801103835418e+03 -1.202545407881040092e+03 8.376780156535792798e+01 0.000000000000000000e+00 0.000000000000000000e+00 -4.753289333039845133e-02 4.080022323573196871e-03 4.080022323573190800e-03 2.886144760075582110e-03
-1.946074090152049848e+03 -1.202630849520352058e+03 8.376864308668150727e+01 0.000000000000000000e+00 0.000000000000000000e+00 -4.416803221481302444e-02 4.080022323573196871e-03 4.080022323573190800e-03 2.886144769688030968e-03
-2.069972472484045738e+03 -1.360734484148437559e+03 9.471590655902009814e+01 0.000000000000000000e+00 0.000000000000000000e+00 -2.678577391347403136e-02 4.080022323573196871e-03 4.080022323573190800e-03 2.886333077240216868e-03
-2.069949718642725657e+03 -1.360609808003045146e+03 9.471090590830965539e+01 0.000000000000000000e+00 0.000000000000000000e+00 -1.807758441617579592e-02 4.080022323573196871e-03 4.080022323573190800e-03 2.886332994988018760e-03
-2.069929552204760967e+03 -1.360489473802643033e+03 9.470617600047927453e+01 0.000000000000000000e+00 0.000000000000000000e+00 -2.231129863284309067e-02 4.080022323573196871e-03 4.080022323573190800e-03 2.886332917359589034e-03
-2.255720275694828160e+03 -1.258916930615213914e+03 1.021805822194260003e+02 0.000000000000000000e+00 0.000000000000000000e+00 -2.429731559234937777e-02 4.080022323573196871e-03 4.080022323573190800e-03 2.886476920809581594e-03
-2.255789043259706887e+03 -1.259063372050017961e+03 1.021887172917640640e+02 0.000000000000000000e+00 0.000000000000000000e+00 -2.174918438804240850e-02 4.080022323573196871e-03 4.080022323573190800e-03 2.886477059001120102e-03
-2.255759306158547588e+03 -1.258971612264510895e+03 1.021844039611991235e+02 0.000000000000000000e+00 0.000000000000000000e+00 -2.275344487300401397e-02 4.080022323573196871e-03 4.080022323573190800e-03 2.886476986788284998e-03
-2.241931342089793816e+03 -1.614702787151255961e+03 1.127781569398248678e+02 0.000000000000000000e+00 0.000000000000000000e+00 -3.605549541465791208e-02 4.080022323573196871e-03 4.080022323573190800e-03 2.886644168909545047e-03
-1.973170922922800401e+03 -1.610947011713304846e+03 9.795480566449137427e+01 0.000000000000000000e+00 0.000000000000000000e+00 -2.596003023403170573e-02 4.080022323573196871e-03 4.080022323573190800e-03 2.886374155594145351e-03
-1.973089075818610127e+03 -1.610908597467297568e+03 9.794924861915883696e+01 0.000000000000000000e+00 0.000000000000000000e+00 -5.148897003383012816e-02 4.080022323573196871e-03 4.080022323573190800e-03 2.886374057458608762e-03
-1.973086768463722365e+03 -1.610686984538980596e+03 9.794114779041814245e+01 0.000000000000000000e+00 0.000000000000000000e+00 -4.171149874758839360e-02 4.080022323573196871e-03 4.080022323573190800e-03 2.886373926294150995e-03
-1.943222870549995378e+03 -1.937639421975018422e+03 1.094258687020585796e+02 0.000000000000000000e+00 0.000000000000000000e+00 -4.310995014351703958e-02 4.080022323573196871e-03 4.080022323573190800e-03 2.886558255525271521e-03
-1.943207476078119726e+03 -1.937678382592002890e+03 1.094267894675665502e+02 0.000000000000000000e+00 0.000000000000000000e+00 -5.008290641616497396e-02 4.080022323573196871e-03 4.080022323573190800e-03 2.886558269248586540e-03
-1.943166552153516022e+03 -1.937584353176299373e+03 1.094206445577153204e+02 0.000000000000000000e+00 0.000000000000000000e+00 -5.895934691486104384e-02 4.080022323573196871e-03 4.080022323573190800e-03 2.886558164733591791e-03
-2.041313166238056056e+03 -2.082562432089515823e+03 1.210332967120528025e+02 0.000000000000000000e+00 0.000000000000000000e+00 -5.981891620479018457e-04 4.080022323573196871e-03 4.080022323573190800e-03 2.886758512330817213e-03
-2.041356179956846063e+03 -2.082697656404599456e+03 1.210419116680785976e+02 0.000000000000000000e+00 0.000000000000000000e+00 -1.689748221195941369e-02 4.080022323573196871e-03 4.080022323573190800e-03 2.886758658906543595e-03
-2.041298132439881783e+03 -2.082653345608958261e+03 1.210367607284175051e+02 0.000000000000000000e+00 0.000000000000000000e+00 1.221568859548938235e-03 4.080022323573196871e-03 4.080022323573190800e-03 2.886758568255418100e-03
-2.214510685468932024e+03 -1.953336685185557599e+03 1.247455855006318473e+02 0.000000000000000000e+00 0.000000000000000000e+00 4.521115392408603384e-02 4.080022323573196871e-03 4.080022323573190800e-03 2.886837090771693284e-03
-2.215244098371151267e+03 -1.953316084121717722e+03 1.247869795337359733e+02 0.000000000000000000e+00 0.000000000000000000e+00 5.942984150431129819e-02 4.080022323573196871e-03 4.080022323573190800e-03 2.886837852576689539e-03
-2.215707475971254098e+03 -1.953220391532650410e+03 1.248095075122406143e+02 0.000000000000000000e+00 0.000000000000000000e+00 3.533231853725737892e-02 4.080022323573196871e-03 4.080022323573190800e-03 2.886838273987205831e-03
-1.921208201161559600e+03 -2.314636022329042135e+03 1.263536642271633639e+02 0.000000000000000000e+00 0.000000000000000000e+00 -4.468554235226918081e-02 4.080022323573196871e-03 4.080022323573190800e-03 2.886836067366325888e-03
-1.921183067196656793e+03 -2.314617124757350666e+03 1.263514261094402116e+02 0.000000000000000000e+00 0.000000000000000000e+00 -5.516109916042921668e-02 4.080022323573196871e-03 4.080022323573190800e-03 2.886836027988472914e-03
-1.921154487330314169e+03 -2.314541235912235607e+03 1.263460426073303751e+02 0.000000000000000000e+00 0.000000000000000000e+00 -6.159884110765290188e-02 4.080022323573196871e-03 4.080022323573190800e-03 2.886835936016997773e-03
-2.231393012138811628e+03 -2.324675370001336887e+03 1.436474275835223011e+02 0.000000000000000000e+00 0.000000000000000000e+00 -1.981192613988014273e-02 4.080022323573196871e-03 4.080022323573190800e-03 2.887154249704508222e-03
-2.231377386777318407e+03 -2.324426556331929532e+03 1.436334260227153266e+02 0.000000000000000000e+00 0.000000000000000000e+00 -3.764564178067075773e-02 4.080022323573196871e-03 4.080022323573190800e-03 2.887154012522651601e-03
-2.231342819612101721e+03 -2.324609159543394071e+03 1.436410163062566028e+02 0.000000000000000000e+00 0.000000000000000000e+00 -3.008569789426474017e-02 4.080022323573196871e-03 4.080022323573190800e-03 2.887154136789004018e-03
-2.675403213199007041e+03 -1.606074236359083216e+03 1.403771014021707515e+02 0.000000000000000000e+00 0.000000000000000000e+00 -3.229812724225666898e-02 4.080022323573196871e-03 4.080022323573190800e-03 2.887154171344424175e-03
-2.673803540110413451e+03 -1.606237830059789530e+03 1.402702362631740414e+02 0.000000000000000000e+00 0.000000000000000000e+00 -2.845878134206714094e-02 4.080022323573196871e-03 4.080022323573190800e-03 2.887152170607833451e-03
-2.673157009626473609e+03 -1.606358190124530665e+03 1.402290191391037695e+02 0.000000000000000000e+00 0.000000000000000000e+00 -5.914800091539973437e-02 4.080022323573196871e-03 4.080022323573190800e-03 2.887151394154899384e-03
-2.899912096580420894e+03 -1.639451323813231966e+03 1.581481992964121446e+02 0.000000000000000000e+00 0.000000000000000000e+00 -2.266061034808330987e-02 4.080022323573196871e-03 4.080022323573190800e-03 2.887483202151062099e-03
-2.899387900266657198e+03 -1.639455590936524914e+03 1.581079991790142003e+02 0.000000000000000000e+00 0.000000000000000000e+00 -1.347870511040127894e-03 4.080022323573196871e-03 4.080022323573190800e-03 2.887482447677006819e-03
-2.898650977925352890e+03 -1.639480317475173024e+03 1.580521885995383968e+02 0.000000000000000000e+00 0.000000000000000000e+00 1.139825201278199529e-02 4.080022323573196871e-03 4.080022323573190800e-03 2.887481398599960232e-03
-2.811627336518413358e+03 -1.364059320451636950e+03 1.422171319954709929e+02 0.000000000000000000e+00 0.000000000000000000e+00 -4.997091029821376651e-03 4.080022323573196871e-03 4.080022323573190800e-03 2.887209411419822645e-03
-2.811819118308203088e+03 -1.363947203839634994e+03 1.422280003338665324e+02 0.000000000000000000e+00 0.000000000000000000e+00 4.031845994222749141e-02 4.080022323573196871e-03 4.080022323573190800e-03 2.887209624532104807e-03
-2.811732301167157857e+03 -1.363823827987433333e+03 1.422177964695117112e+02 0.000000000000000000e+00 0.000000000000000000e+00 1.289008563438187593e-02 4.080022323573196871e-03 4.080022323573190800e-03 2.887209444885744953e-03
-2.910607072167021215e+03 -1.221563548950497989e+03 1.456390043540318970e+02 0.000000000000000000e+00 0.000000000000000000e+00 3.479295125231374186e-02 4.080022323573196871e-03 4.080022323573190800e-03 2.887286589001072934e-03
-2.910424765585127261e+03 -1.221495259714356052e+03 1.456230704031384562e+02 0.000000000000000000e+00 0.000000000000000000e+00 6.066206647972194332e-03 4.080022323573196871e-03 4.080022323573190800e-03 2.887286296324413117e-03
-2.904091908495553980e+03 -1.220437155800821301e+03 1.451056471163010144e+02 0.000000000000000000e+00 0.000000000000000000e+00 -1.293227958865372784e-02 4.080022323573196871e-03 4.080022323573190800e-03 2.887276683762140909e-03
-2.658038385993007978e+03 -1.234487618246810598e+03 1.273904804068949801e+02 0.000000000000000000e+00 0.000000000000000000e+00 1.330648791893906946e-02 4.080022323573196871e-03 4.080022323573190800e-03 2.886944450057517524e-03
-2.658761842504302876e+03 -1.234228098540765359e+03 1.274340469308067014e+02 0.000000000000000000e+00 0.000000000000000000e+00 2.231278780044476662e-02 4.080022323573196871e-03 4.080022323573190800e-03 2.886945282662804323e-03
-2.658710208733328273e+03 -1.234215461018666247e+03 1.274300853541872698e+02 0.000000000000000000e+00 0.000000000000000000e+00 -1.014057045129845847e-02 4.080022323573196871e-03 4.080022323573190800e-03 2.886945210087086752e-03
-2.662122348656736449e+03 -9.225659099099457308e+02 1.202832197008068391e+02 0.000000000000000000e+00 0.000000000000000000e+00 -4.369952278703692627e-02 4.080022323573196871e-03 4.080022323573190800e-03 2.886839532742685888e-03
-2.662259711834820791e+03 -9.225484734585012347e+02 1.202925172160107081e+02 0.000000000000000000e+00 0.000000000000000000e+00 -2.964351257162434194e-02 4.080022323573196871e-03 4.080022323573190800e-03 2.886839708017670519e-03
-2.662755361057625578e+03 -9.224557639451776367e+02 1.203254723581064241e+02 0.000000000000000000e+00 0.000000000000000000e+00 -3.907225383825618792e-02 4.080022323573196871e-03 4.080022323573190800e-03 2.886840332068159754e-03
-2.930703413260449452e+03 -9.204919489725187987e+02 1.401407070606086620e+02 0.000000000000000000e+00 0.000000000000000000e+00 1.740639149554112919e-02 4.080022323573196871e-03 4.080022323573190800e-03 2.887212548891328334e-03
-2.929537657504822164e+03 -9.202147001269091788e+02 1.400443104372630785e+02 0.000000000000000000e+00 0.000000000000000000e+00 -1.663232071240372534e-02 4.080022323573196871e-03 4.080022323573190800e-03 2.887210758339279690e-03
-2.928785923582209307e+03 -9.202100707051980635e+02 1.399856342236081446e+02 0.000000000000000000e+00 0.000000000000000000e+00 -2.935044003842790517e-02 4.080022323573196871e-03 4.080022323573190800e-03 2.887209651925365644e-03
-2.789966283260158889e+03 -7.101792548284726081e+02 1.257763544066307873e+02 0.000000000000000000e+00 0.000000000000000000e+00 -2.787820719800038205e-02 4.080022323573196871e-03 4.080022323573190800e-03 2.886962577540113251e-03
-2.790019179640005859e+03 -7.102809655711918140e+02 1.257817966601454316e+02 0.000000000000000000e+00 0.000000000000000000e+00 -2.132934483032045136e-02 4.080022323573196871e-03 4.080022323573190800e-03 2.886962670224384100e-03
-2.789986361794767163e+03 -7.102577492821942542e+02 1.257790190435664499e+02 0.000000000000000000e+00 0.000000000000000000e+00 -3.101470554415186598e-02 4.080022323573196871e-03 4.080022323573190800e-03 2.886962620109997935e-03
-2.925836515770262849e+03 -5.040108027685380989e+02 1.335272992746733109e+02 0.000000000000000000e+00 0.000000000000000000e+00 2.927726290005239207e-02 4.080022323573196871e-03 4.080022323573190800e-03 2.887130754821656906e-03
-2.925945967728231608e+03 -5.039659759359002464e+02 1.335353993693871359e+02 0.000000000000000000e+00 0.000000000000000000e+00 6.891610424065675033e-02 4.080022323573196871e-03 4.080022323573190800e-03 2.887130914097646005e-03
-2.925125858635473378e+03 -5.038928146669516650e+02 1.334706137200230955e+02 0.000000000000000000e+00 0.000000000000000000e+00 3.948952065235289410e-02 4.080022323573196871e-03 4.080022323573190800e-03 2.887129686705398272e-03
-2.655588455592596347e+03 -5.162769246438422215e+02 1.136033659019112605e+02 0.000000000000000000e+00 0.000000000000000000e+00 1.278710032138974384e-02 4.080022323573196871e-03 4.080022323573190800e-03 2.886751416228278740e-03
-2.655554295365285270e+03 -5.161951158981710250e+02 1.136001020420474532e+02 0.000000000000000000e+00 0.000000000000000000e+00 -7.434774181461989428e-03 4.080022323573196871e-03 4.080022323573190800e-03 2.886751362202990157e-03
-2.655572372864259250e+03 -5.161241075044840727e+02 1.136006245221023505e+02 0.000000000000000000e+00 0.000000000000000000e+00 1.868721418371421805e-02 4.080022323573196871e-03 4.080022323573190800e-03 2.886751378683825083e-03
-2.665631102351295340e+03 -2.117753432480310494e+02 1.122006118018259713e+02 0.000000000000000000e+00 0.000000000000000000e+00 -1.867323974245493901e-02 4.080022323573196871e-03 4.080022323573190800e-03 2.886753445085252223e-03
-2.665866846910991626e+03 -2.114800449952133761e+02 1.122163433441946410e+02 0.000000000000000000e+00 0.000000000000000000e+00 1.380307113443279832e-02 4.080022323573196871e-03 4.080022323573190800e-03 2.886753773771377849e-03
-2.665709621812689875e+03 -2.114875003409792953e+02 1.122052244114717467e+02 0.000000000000000000e+00 0.000000000000000000e+00 1.237193482081977436e-02 4.080022323573196871e-03 4.080022323573190800e-03 2.886753560504668869e-03
-2.895087865045181843e+03 -2.015994957354595840e+02 1.291908437240053900e+02 0.000000000000000000e+00 0.000000000000000000e+00 5.179049271674784904e-03 4.080022323573196871e-03 4.080022323573190800e-03 2.887080542142580596e-03
-2.894968535728919051e+03 -2.014126900644941713e+02 1.291810682408888340e+02 0.000000000000000000e+00 0.000000000000000000e+00 -1.151956681383126124e-03 4.080022323573196871e-03 4.080022323573190800e-03 2.887080374186071653e-03
-2.893793092760977288e+03 -2.012446864773437198e+02 1.290895085708311285e+02 0.000000000000000000e+00 0.000000000000000000e+00 -4.396356199862339054e-03 4.080022323573196871e-03 4.080022323573190800e-03 2.887078628639040082e-03
-2.823245167313685670e+03 3.506480880063865868e+01 1.236858862956499081e+02 0.000000000000000000e+00 0.000000000000000000e+00 -2.301859648146376003e-02 4.080022323573196871e-03 4.080022323573190800e-03 2.886999395378057019e-03
-2.823265310548938032e+03 3.504836056684038681e+01 1.236873649985677588e+02 0.000000000000000000e+00 0.000000000000000000e+00 -5.748550085712622604e-03 4.080022323573196871e-03 4.080022323573190800e-03 2.886999422389888159e-03
-2.823250688259859999e+03 3.514895784132237111e+01 1.236865410629196447e+02 0.000000000000000000e+00 0.000000000000000000e+00 -1.710329702990520673e-02 4.080022323573196871e-03 4.080022323573190800e-03 2.886999416895053103e-03
-2.911067507779187508e+03 1.852011861090904006e+02 1.311614801234040328e+02 0.000000000000000000e+00 0.000000000000000000e+00 -6.691338646618305575e-03 4.080022323573196871e-03 4.080022323573190800e-03 2.887161522674831001e-03
-2.909562379870329096e+03 1.856749030367680575e+02 1.310465275349897638e+02 0.000000000000000000e+00 0.000000000000000000e+00 -2.562067065144901790e-02 4.080022323573196871e-03 4.080022323573190800e-03 2.887159318289911607e-03
-2.908921834359975946e+03 1.858880231426658725e+02 1.309977038580062754e+02 0.000000000000000000e+00 0.000000000000000000e+00 -1.894602057049610266e-02 4.080022323573196871e-03 4.080022323573190800e-03 2.887158383333152025e-03
-2.655887404074281221e+03 1.902230544417625140e+02 1.121159908521279931e+02 0.000000000000000000e+00 0.000000000000000000e+00 3.141258876506469733e-02 4.080022323573196871e-03 4.080022323573190800e-03 2.886789486583150356e-03
-2.655842874917807876e+03 1.902763431752782708e+02 1.121131649844423777e+02 0.000000000000000000e+00 0.000000000000000000e+00 -1.164276803395125626e-02 4.080022323573196871e-03 4.080022323573190800e-03 2.886789436370238403e-03
-2.655918128660699495e+03 1.903885630250305780e+02 1.121192281722298958e+02 0.000000000000000000e+00 0.000000000000000000e+00 -4.128758890331596376e-03 4.080022323573196871e-03 4.080022323573190800e-03 2.886789564784661595e-03
-2.667494249822791062e+03 5.180640613911101582e+02 1.163517725296672722e+02 0.000000000000000000e+00 0.000000000000000000e+00 -4.812555168285825857e-03 4.080022323573196871e-03 4.080022323573190800e-03 2.886901986255679432e-03
-2.667652673043990490e+03 5.182214543292849385e+02 1.163654363826394444e+02 0.000000000000000000e+00 0.000000000000000000e+00 2.314937151109575098e-02 4.080022323573196871e-03 4.080022323573190800e-03 2.886902271196302178e-03
-2.667583382619725853e+03 5.182840466466966518e+02 1.163613589206714067e+02 0.000000000000000000e+00 0.000000000000000000e+00 3.336863463033523658e-03 4.080022323573196871e-03 4.080022323573190800e-03 2.886902195517091450e-03
-2.939968435143005081e+03 4.945312773504689972e+02 1.366771808437842992e+02 0.000000000000000000e+00 0.000000000000000000e+00 1.971219332199325436e-02 4.080022323573196871e-03 4.080022323573190800e-03 2.887304796446314974e-03
-2.939955912578457173e+03 4.945949933177105891e+02 1.366770929161856429e+02 0.000000000000000000e+00 0.000000000000000000e+00 2.182708457047510819e-02 4.080022323573196871e-03 4.080022323573190800e-03 2.887304801613350611e-03
-2.938615228842642409e+03 4.949353924233512316e+02 1.365749944568509591e+02 0.000000000000000000e+00 0.000000000000000000e+00 2.534458291526675566e-02 4.080022323573196871e-03 4.080022323573190800e-03 2.887302797615232987e-03
-2.784792477156996938e+03 7.050941424915645257e+02 1.281590115237928842e+02 0.000000000000000000e+00 0.000000000000000000e+00 3.670885517240662921e-02 4.080022323573196871e-03 4.080022323573190800e-03 2.887154725205195224e-03
-2.784815145190325893e+03 7.054238821678954992e+02 1.281670997553620168e+02 0.000000000000000000e+00 0.000000000000000000e+00 -1.298099598625412909e-02 4.080022323573196871e-03 4.080022323573190800e-03 2.887154917820119234e-03
-2.784874047630907626e+03 7.051767045038882316e+02 1.281667754310693397e+02 0.000000000000000000e+00 0.000000000000000000e+00 5.062541448870661043e-02 4.080022323573196871e-03 4.080022323573190800e-03 2.887154889173545839e-03
-2.941490022939444771e+03 8.981341968054566678e+02 1.446283470651081018e+02 0.000000000000000000e+00 0.000000000000000000e+00 4.414643844043553145e-02 4.080022323573196871e-03 4.080022323573190800e-03 2.887507698271460279e-03
-2.940664047265147929e+03 8.982182368369542473e+02 1.445638511142783784e+02 0.000000000000000000e+00 0.000000000000000000e+00 -6.053866258895368446e-03 4.080022323573196871e-03 4.080022323573190800e-03 2.887506383591753600e-03
-2.940479019089052599e+03 8.980540526262381036e+02 1.445449155063821252e+02 0.000000000000000000e+00 0.000000000000000000e+00 3.655099543837536658e-02 4.080022323573196871e-03 4.080022323573190800e-03 2.887505979349053089e-03
-2.690511170671075433e+03 9.089903775998135416e+02 1.255925289762406294e+02 0.000000000000000000e+00 0.000000000000000000e+00 1.654534911838823064e-02 4.080022323573196871e-03 4.080022323573190800e-03 2.887119263204231037e-03
-2.690516553322353047e+03 9.089850529537183093e+02 1.255927936042735382e+02 0.000000000000000000e+00 0.000000000000000000e+00 1.426054251557218322e-02 4.080022323573196871e-03 4.080022323573190800e-03 2.887119268215707947e-03
-2.690464160951806207e+03 9.089760245077590071e+02 1.255887369355105818e+02 0.000000000000000000e+00 0.000000000000000000e+00 1.104997360546633445e-02 4.080022323573196871e-03 4.080022323573190800e-03 2.887119184816441721e-03
-2.676990921835657900e+03 1.223901868201221532e+03 1.335374645988255224e+02 0.000000000000000000e+00 0.000000000000000000e+00 -4.562056218730958790e-03 4.080022323573196871e-03 4.080022323573190800e-03 2.887303132891373171e-03
-2.677013538798120408e+03 1.223876219005763687e+03 1.335382935589500448e+02 0.000000000000000000e+00 0.000000000000000000e+00 1.895555811242388700e-02 4.080022323573196871e-03 4.080022323573190800e-03 2.887303148822822040e-03
-2.676971747130671702e+03 1.223944618798094098e+03 1.335374435139869433e+02 0.000000000000000000e+00 0.000000000000000000e+00 1.855834365642294870e-03 4.080022323573196871e-03 4.080022323573190800e-03 2.887303134714422261e-03
-2.933536240658811039e+03 1.225014810172375746e+03 1.533884240053280905e+02 0.000000000000000000e+00 0.000000000000000000e+00 -3.360162920415632470e-03 4.080022323573196871e-03 4.080022323573190800e-03 2.887718476102003797e-03
-2.933376176593350920e+03 1.224918138906323975e+03 1.533722601273743749e+02 0.000000000000000000e+00 0.000000000000000000e+00 6.153900496039454993e-02 4.080022323573196871e-03 4.080022323573190800e-03 2.887718129290175410e-03
-2.907155111592581306e+03 1.223164479464185433e+03 1.511998912342845074e+02 0.000000000000000000e+00 0.000000000000000000e+00 2.395079024520896382e-02 4.080022323573196871e-03 4.080022323573190800e-03 2.887672429718762725e-03
-2.814055684533529075e+03 1.412058002895710388e+03 1.505084447546044544e+02 0.000000000000000000e+00 0.000000000000000000e+00 6.009501204886191772e-03 4.080022323573196871e-03 4.080022323573190800e-03 2.887670192035102831e-03
-2.814018643421640263e+03 1.411959210421038733e+03 1.505018334647905078e+02 0.000000000000000000e+00 0.000000000000000000e+00 5.802736523435214622e-03 4.080022323573196871e-03 4.080022323573190800e-03 2.887670046484798383e-03
-2.814039178257499771e+03 1.412014562595513098e+03 1.505055206010147799e+02 0.000000000000000000e+00 0.000000000000000000e+00 1.501912763538371109e-02 4.080022323573196871e-03 4.080022323573190800e-03 2.887670127672167276e-03
-2.660772877102199800e+03 1.584974631622104198e+03 1.457777276128967969e+02 0.000000000000000000e+00 0.000000000000000000e+00 4.486878999924215350e-02 4.080022323573196871e-03 4.080022323573190800e-03 2.887575890069782499e-03
-2.660664857494275111e+03 1.584942934537344172e+03 1.457684298849626430e+02 0.000000000000000000e+00 0.000000000000000000e+00 4.924516763063024882e-02 4.080022323573196871e-03 4.080022323573190800e-03 2.887575690074348656e-03
-2.660716028540328352e+03 1.584981492600297315e+03 1.457738232310432807e+02 0.000000000000000000e+00 0.000000000000000000e+00 7.108015803314060577e-02 4.080022323573196871e-03 4.080022323573190800e-03 2.887575806529846679e-03
-2.961372649091133553e+03 1.633236202433626659e+03 1.713823212963716003e+02 0.000000000000000000e+00 0.000000000000000000e+00 -1.575577251381332644e-02 4.080022323573196871e-03 4.080022323573190800e-03 2.888129316595904571e-03
-2.960066028094129706e+03 1.633083371864574019e+03 1.712673886330042592e+02 0.000000000000000000e+00 0.000000000000000000e+00 1.812332159741458781e-02 4.080022323573196871e-03 4.080022323573190800e-03 2.888126819986377818e-03
-2.960030215525931453e+03 1.633295011200939371e+03 1.712737391244615139e+02 0.000000000000000000e+00 0.000000000000000000e+00 -1.732975198774511227e-02 4.080022323573196871e-03 4.080022323573190800e-03 2.888126968380045831e-03
