# x y z x_res y_res z_res x_res_err y_res_err z_res_err
2.589458344416850196e+03 -1.611248143257927268e+03 1.346090289001386111e+02 0.000000000000000000e+00 0.000000000000000000e+00 -9.468185885083357789e-03 4.081018298215911659e-03 4.081018298215909924e-03 2.887751415624156652e-03
2.589414112465133712e+03 -1.611302354862988068e+03 1.346079758671351385e+02 0.000000000000000000e+00 0.000000000000000000e+00 -1.239150924249088348e-03 4.081018298215911659e-03 4.081018298215909924e-03 2.887751391624897909e-03
2.589461881160385929e+03 -1.611261663039950463e+03 1.346097577799804412e+02 0.000000000000000000e+00 0.000000000000000000e+00 -8.742685790423365688e-03 4.081018298215911659e-03 4.081018298215909924e-03 2.887751428021004957e-03
2.583005214189771323e+03 -1.224990291573176364e+03 1.219583809272943142e+02 0.000000000000000000e+00 0.000000000000000000e+00 -1.461624017179019575e-02 4.081018298215911659e-03 4.081018298215909924e-03 2.887549087815192289e-03
2.583266839068026911e+03 -1.223751963716819319e+03 1.219425635268264045e+02 0.000000000000000000e+00 0.000000000000000000e+00 -1.659001739668042319e-03 4.081018298215911659e-03 4.081018298215909924e-03 2.887548898855444267e-03
2.583189325138887398e+03 -1.223701571805766662e+03 1.219359353253718155e+02 0.000000000000000000e+00 0.000000000000000000e+00 -1.422078049931485566e-02 4.081018298215911659e-03 4.081018298215909924e-03 2.887548780140352690e-03
2.768477698888335908e+03 -1.394779374749169392e+03 1.399766862185812784e+02 0.000000000000000000e+00 0.000000000000000000e+00 -2.537598236963845011e-02 4.081018298215911659e-03 4.081018298215909924e-03 2.887869645159655239e-03
2.768358572870139596e+03 -1.394755052716145428e+03 1.399672152183601668e+02 0.000000000000000000e+00 0.000000000000000000e+00 -2.286152144779407536e-02 4.081018298215911659e-03 4.081018298215909924e-03 2.887869470581347266e-03
2.768339893094322633e+03 -1.394724378632398839e+03 1.399648956734986314e+02 0.000000000000000000e+00 0.000000000000000000e+00 -9.921260039646995210e-03 4.081018298215911659e-03 4.081018298215909924e-03 2.887869429998199313e-03
2.973398619856986443e+03 -1.604753235771083610e+03 1.626209737333000760e+02 0.000000000000000000e+00 0.000000000000000000e+00 -5.222386871281514686e-03 4.081018298215911659e-03 4.081018298215909924e-03 2.888275184797306407e-03
2.973441495023126663e+03 -1.604678638590860828e+03 1.626216793390733244e+02 0.000000000000000000e+00 0.000000000000000000e+00 -1.737186573808457979e-02 4.081018298215911659e-03 4.081018298215909924e-03 2.888275204763245899e-03
2.973468351456973323e+03 -1.604666582171993468e+03 1.626233704031700995e+02 0.000000000000000000e+00 0.000000000000000000e+00 -9.674144064177880864e-03 4.081018298215911659e-03 4.081018298215909924e-03 2.888275237660462968e-03
2.961642474142620813e+03 -1.239797795772942436e+03 1.501176695733715576e+02 0.000000000000000000e+00 0.000000000000000000e+00 2.267488259718675181e-03 4.081018298215911659e-03 4.081018298215909924e-03 2.888073845312000201e-03
2.961667073195862486e+03 -1.239765071673506554e+03 1.501187105169051108e+02 0.000000000000000000e+00 0.000000000000000000e+00 1.510380917960674196e-02 4.081018298215911659e-03 4.081018298215909924e-03 2.888073868027617782e-03
2.961788057540206864e+03 -1.239739252540196958e+03 1.501275344279234787e+02 0.000000000000000000e+00 0.000000000000000000e+00 1.412082338833897666e-02 4.081018298215911659e-03 4.081018298215909924e-03 2.888074036494165352e-03
2.582968859929972041e+03 -9.205678607968471852e+02 1.147732262213400531e+02 0.000000000000000000e+00 0.000000000000000000e+00 -2.979895461393766709e-03 4.081018298215911659e-03 4.081018298215909924e-03 2.887441584356289625e-03
2.583017442535591726e+03 -9.204967245506359177e+02 1.147751024123285930e+02 0.000000000000000000e+00 0.000000000000000000e+00 2.983145645941931434e-03 4.081018298215911659e-03 4.081018298215909924e-03 2.887441625499325218e-03
2.582985164604123383e+03 -9.205004507627648991e+02 1.147729827880670399e+02 0.000000000000000000e+00 0.000000000000000000e+00 -4.539108926948642875e-03 4.081018298215911659e-03 4.081018298215909924e-03 2.887441585670942005e-03
2.581368798811910438e+03 -5.185851047791379642e+02 1.084885952915328176e+02 0.000000000000000000e+00 0.000000000000000000e+00 1.741523224652041790e-03 4.081018298215911659e-03 4.081018298215909924e-03 2.887359384700650608e-03
2.581767647052563461e+03 -5.177994470322073539e+02 1.085074298928916221e+02 0.000000000000000000e+00 0.000000000000000000e+00 4.403706611080338007e-02 4.081018298215911659e-03 4.081018298215909924e-03 2.887359809846954620e-03
2.581729910059881604e+03 -5.175324044672931905e+02 1.085020165886155183e+02 0.000000000000000000e+00 0.000000000000000000e+00 8.761885599554375403e-03 4.081018298215911659e-03 4.081018298215909924e-03 2.887359731695893043e-03
2.769618003803076590e+03 -6.978590848452985256e+02 1.240929180534214140e+02 0.000000000000000000e+00 0.000000000000000000e+00 -8.942452253108967852e-04 4.081018298215911659e-03 4.081018298215909924e-03 2.887636763300496876e-03
2.769620178701984969e+03 -6.978148857348062393e+02 1.240924264500522156e+02 0.000000000000000000e+00 0.000000000000000000e+00 2.252078718726124862e-03 4.081018298215911659e-03 4.081018298215909924e-03 2.887636758323439481e-03
2.769674458615256754e+03 -6.977079176804852523e+02 1.240948365045827586e+02 0.000000000000000000e+00 0.000000000000000000e+00 1.010780251405662966e-03 4.081018298215911659e-03 4.081018298215909924e-03 2.887636814165309238e-03
2.961045475202233320e+03 -9.086150495818764057e+02 1.422856969770606952e+02 0.000000000000000000e+00 0.000000000000000000e+00 8.733493051551022290e-03 4.081018298215911659e-03 4.081018298215909924e-03 2.887959056572708596e-03
2.961099100470930807e+03 -9.083818585040415883e+02 1.422853569776337679e+02 0.000000000000000000e+00 0.000000000000000000e+00 4.834771442062901770e-03 4.081018298215911659e-03 4.081018298215909924e-03 2.887959074023897527e-03
2.961519439455811607e+03 -9.077734179755597097e+02 1.423065956044684413e+02 0.000000000000000000e+00 0.000000000000000000e+00 4.333837061716394601e-02 4.081018298215911659e-03 4.081018298215909924e-03 2.887959537650595324e-03
2.961072081133552274e+03 -5.254621000271241655e+02 1.365176442679751005e+02 0.000000000000000000e+00 0.000000000000000000e+00 -4.334629684592528065e-03 4.081018298215911659e-03 4.081018298215909924e-03 2.887890250208830813e-03
2.961061383791492972e+03 -5.254616875597199623e+02 1.365167935348528374e+02 0.000000000000000000e+00 0.000000000000000000e+00 -5.001400216087859008e-03 4.081018298215911659e-03 4.081018298215909924e-03 2.887890234020171025e-03
2.961018596483852889e+03 -5.254251387457152305e+02 1.365130240827282648e+02 0.000000000000000000e+00 0.000000000000000000e+00 -2.178052741305691598e-02 4.081018298215911659e-03 4.081018298215909924e-03 2.887890166088963057e-03
2.583806789567107444e+03 -2.076533950852661121e+02 1.064833979314457508e+02 0.000000000000000000e+00 0.000000000000000000e+00 2.920085207770739544e-02 4.081018298215911659e-03 4.081018298215909924e-03 2.887349316036801321e-03
2.583807532875119250e+03 -2.075621621833628865e+02 1.064831479899781073e+02 0.000000000000000000e+00 0.000000000000000000e+00 2.021888296974339028e-02 4.081018298215911659e-03 4.081018298215909924e-03 2.887349319456818195e-03
2.583820004537197747e+03 -2.074114662922123387e+02 1.064835062542656203e+02 0.000000000000000000e+00 0.000000000000000000e+00 2.991094323974152758e-02 4.081018298215911659e-03 4.081018298215909924e-03 2.887349339816589356e-03
2.575900100336980813e+03 1.951041985088605486e+02 1.065532443018182107e+02 0.000000000000000000e+00 0.000000000000000000e+00 -3.595821278281619016e-04 4.081018298215911659e-03 4.081018298215909924e-03 2.887386274241651989e-03
2.576081753664654570e+03 1.952044124286421720e+02 1.065663802221345549e+02 0.000000000000000000e+00 0.000000000000000000e+00 1.438678615063793131e-02 4.081018298215911659e-03 4.081018298215909924e-03 2.887386538397924366e-03
2.576052853594385397e+03 1.954570338959787250e+02 1.065660037414694159e+02 0.000000000000000000e+00 0.000000000000000000e+00 9.764429946585551079e-03 4.081018298215911659e-03 4.081018298215909924e-03 2.887386552689388645e-03
2.763640487604263399e+03 2.736591791793577855e+01 1.192046322558377227e+02 0.000000000000000000e+00 0.000000000000000000e+00 -2.484658326225996916e-02 4.081018298215911659e-03 4.081018298215909924e-03 2.887616355830872981e-03
2.763625141487889323e+03 2.734874116769161034e+01 1.192034533300416399e+02 0.000000000000000000e+00 0.000000000000000000e+00 -3.334070853931336842e-02 4.081018298215911659e-03 4.081018298215909924e-03 2.887616331244283706e-03
2.763622485497995967e+03 2.726221315366093734e+01 1.192030363465814702e+02 0.000000000000000000e+00 0.000000000000000000e+00 -1.430331714998089865e-02 4.081018298215911659e-03 4.081018298215909924e-03 2.887616314469882827e-03
2.956957421991106912e+03 -2.061797851135393387e+02 1.340552358632533299e+02 0.000000000000000000e+00 0.000000000000000000e+00 -3.299865817251657063e-02 4.081018298215911659e-03 4.081018298215909924e-03 2.887878619806777923e-03
2.957264717379394369e+03 -2.062526704833948372e+02 1.340798191480851642e+02 0.000000000000000000e+00 0.000000000000000000e+00 -2.119180937523879038e-02 4.081018298215911659e-03 4.081018298215909924e-03 2.887879086148862663e-03
2.957311508110139584e+03 -2.062908521210050310e+02 1.340836401219183642e+02 0.000000000000000000e+00 0.000000000000000000e+00 -2.267230822351962161e-02 4.081018298215911659e-03 4.081018298215909924e-03 2.887879155596212010e-03
2.968742404774753595e+03 1.943072432477967197e+02 1.357980976788223870e+02 0.000000000000000000e+00 0.000000000000000000e+00 -1.266468777575369131e-02 4.081018298215911659e-03 4.081018298215909924e-03 2.887958476286371385e-03
2.968754870628320077e+03 1.942822419684289912e+02 1.357989245989583083e+02 0.000000000000000000e+00 0.000000000000000000e+00 -1.146792407590169205e-02 4.081018298215911659e-03 4.081018298215909924e-03 2.887958489692370352e-03
2.968699795219210046e+03 1.942804433611561592e+02 1.357944962069003623e+02 0.000000000000000000e+00 0.000000000000000000e+00 -5.965481530637362084e-03 4.081018298215911659e-03 4.081018298215909924e-03 2.887958402338357440e-03
2.579874517440696309e+03 5.226603109036336718e+02 1.102290550414317067e+02 0.000000000000000000e+00 0.000000000000000000e+00 3.342144867647789397e-02 4.081018298215911659e-03 4.081018298215909924e-03 2.887485514653872001e-03
2.580055331353838028e+03 5.227747158398922238e+02 1.102432501876216406e+02 0.000000000000000000e+00 0.000000000000000000e+00 3.310450002823017712e-02 4.081018298215911659e-03 4.081018298215909924e-03 2.887485805182964105e-03
2.580016301305060097e+03 5.228259746354426625e+02 1.102412815087781155e+02 0.000000000000000000e+00 0.000000000000000000e+00 1.752751483326164816e-02 4.081018298215911659e-03 4.081018298215909924e-03 2.887485770144673260e-03
2.573538448396564945e+03 9.029890923169348298e+02 1.170803467825028861e+02 0.000000000000000000e+00 0.000000000000000000e+00 3.573643368966372691e-02 4.081018298215911659e-03 4.081018298215909924e-03 2.887650241444424202e-03
2.573434691552698951e+03 9.029869037601936270e+02 1.170730489078370908e+02 0.000000000000000000e+00 0.000000000000000000e+00 3.038832675728997401e-02 4.081018298215911659e-03 4.081018298215909924e-03 2.887650092887976243e-03
2.573485083835133082e+03 9.029831891127336121e+02 1.170764787646626104e+02 0.000000000000000000e+00 0.000000000000000000e+00 4.700087437366562426e-02 4.081018298215911659e-03 4.081018298215909924e-03 2.887650162410649885e-03
2.763921753800286751e+03 7.455548486609379779e+02 1.273883604123720374e+02 0.000000000000000000e+00 0.000000000000000000e+00 3.302398098772130197e-02 4.081018298215911659e-03 4.081018298215909924e-03 2.887847499340141528e-03
2.955616095122938077e+03 5.269523670911977433e+02 1.384073597713110928e+02 0.000000000000000000e+00 0.000000000000000000e+00 4.167563187175460371e-02 4.081018298215911659e-03 4.081018298215909924e-03 2.888047789492630482e-03
2.955629462328060072e+03 5.269978937252724336e+02 1.384091229103682963e+02 0.000000000000000000e+00 0.000000000000000000e+00 4.171384016350998536e-02 4.081018298215911659e-03 4.081018298215909924e-03 2.888047829813041988e-03
2.955652241464024428e+03 5.269668205517519937e+02 1.384104820746336770e+02 0.000000000000000000e+00 0.000000000000000000e+00 5.189363607769337250e-02 4.081018298215911659e-03 4.081018298215909924e-03 2.888047853654201937e-03
2.956980115528446731e+03 8.859708778093277033e+02 1.455833646238992856e+02 0.000000000000000000e+00 0.000000000000000000e+00 2.153347400005145573e-02 4.081018298215911659e-03 4.081018298215909924e-03 2.888230966250213833e-03
2.956804500171000200e+03 8.859985183786776588e+02 1.455698055598820986e+02 0.000000000000000000e+00 0.000000000000000000e+00 3.224464944975125036e-02 4.081018298215911659e-03 4.081018298215909924e-03 2.888230690931480309e-03
2.956768536020222200e+03 8.859903246741467910e+02 1.455666928584501534e+02 0.000000000000000000e+00 0.000000000000000000e+00 3.225905491456160235e-02 4.081018298215911659e-03 4.081018298215909924e-03 2.888230626290845017e-03
2.581787559117554338e+03 1.222049343459883630e+03 1.266170268551256868e+02 0.000000000000000000e+00 0.000000000000000000e+00 8.174760763054678137e-03 4.081018298215911659e-03 4.081018298215909924e-03 2.887863651393375065e-03
2.581799702921091011e+03 1.222103370090107774e+03 1.266196254721952812e+02 0.000000000000000000e+00 0.000000000000000000e+00 2.540796136273115735e-03 4.081018298215911659e-03 4.081018298215909924e-03 2.887863707852789466e-03
2.581768836841441953e+03 1.222095190803247760e+03 1.266171806089052012e+02 0.000000000000000000e+00 0.000000000000000000e+00 7.577491822971182955e-03 4.081018298215911659e-03 4.081018298215909924e-03 2.887863656603257504e-03
2.580656148625851984e+03 1.632347489641819493e+03 1.419752700649892745e+02 0.000000000000000000e+00 0.000000000000000000e+00 -3.503234093108176239e-02 4.081018298215911659e-03 4.081018298215909924e-03 2.888199897089060303e-03
2.580723140031569983e+03 1.632413208727751908e+03 1.419828926454757436e+02 0.000000000000000000e+00 0.000000000000000000e+00 -4.205436924829086820e-02 4.081018298215911659e-03 4.081018298215909924e-03 2.888200061464956010e-03
2.580731917116193472e+03 1.632455782641875203e+03 1.419853554093544687e+02 0.000000000000000000e+00 0.000000000000000000e+00 -3.889082156985068650e-02 4.081018298215911659e-03 4.081018298215909924e-03 2.888200114763971819e-03
2.759812843446127317e+03 1.456156611132042372e+03 1.480103270657165808e+02 0.000000000000000000e+00 0.000000000000000000e+00 -3.634429407929928857e-02 4.081018298215911659e-03 4.081018298215909924e-03 2.888324173892034726e-03
2.759799879820070601e+03 1.456074163447603951e+03 1.480061403716715347e+02 0.000000000000000000e+00 0.000000000000000000e+00 -2.649808425340438589e-02 4.081018298215911659e-03 4.081018298215909924e-03 2.888324081214176716e-03
2.759894266243482434e+03 1.456138157804636421e+03 1.480158316163112033e+02 0.000000000000000000e+00 0.000000000000000000e+00 -2.771712331551157149e-02 4.081018298215911659e-03 4.081018298215909924e-03 2.888324290160510475e-03
2.955577709323814815e+03 1.232461989968358239e+03 1.554289850116644232e+02 0.000000000000000000e+00 0.000000000000000000e+00 -1.274412902463950559e-02 4.081018298215911659e-03 4.081018298215909924e-03 2.888466843453108696e-03
2.955527131721043588e+03 1.232531614236232372e+03 1.554271685667935117e+02 0.000000000000000000e+00 0.000000000000000000e+00 -2.796800413926803230e-02 4.081018298215911659e-03 4.081018298215909924e-03 2.888466810944466650e-03
2.955554340503329513e+03 1.232560615304518478e+03 1.554303568858022686e+02 0.000000000000000000e+00 0.000000000000000000e+00 -3.068221308316765317e-02 4.081018298215911659e-03 4.081018298215909924e-03 2.888466880285214203e-03
2.955176501812022707e+03 1.606435878786665171e+03 1.697000693037002179e+02 0.000000000000000000e+00 0.000000000000000000e+00 -2.746745539752737386e-02 4.081018298215911659e-03 4.081018298215909924e-03 2.888796536994823073e-03
2.955157550218323195e+03 1.606385468388893059e+03 1.696963227417130895e+02 0.000000000000000000e+00 0.000000000000000000e+00 -1.799872357781850951e-02 4.081018298215911659e-03 4.081018298215909924e-03 2.888796453343050498e-03
2.955056227091807614e+03 1.606406615778580090e+03 1.696888708635518697e+02 0.000000000000000000e+00 0.000000000000000000e+00 -3.792407411961562502e-02 4.081018298215911659e-03 4.081018298215909924e-03 2.888796293424941795e-03
1.879209047183308030e+03 1.948858331910712650e+03 1.135097974761131070e+02 0.000000000000000000e+00 0.000000000000000000e+00 -2.412094920602214643e-02 4.081018298215911659e-03 4.081018298215909924e-03 2.887570778684784515e-03
1.879108126415557763e+03 1.948807343245283391e+03 1.135019976271316438e+02 0.000000000000000000e+00 0.000000000000000000e+00 -1.828163879062572050e-02 4.081018298215911659e-03 4.081018298215909924e-03 2.887570613422379192e-03
1.879178789137235299e+03 1.948704962496856751e+03 1.135005115657937296e+02 0.000000000000000000e+00 0.000000000000000000e+00 -9.364357099912012927e-03 4.081018298215911659e-03 4.081018298215909924e-03 2.887570590713161005e-03
1.876856387232802945e+03 2.319226051667442334e+03 1.339242502489170192e+02 0.000000000000000000e+00 0.000000000000000000e+00 2.089443419370695665e-02 4.081018298215911659e-03 4.081018298215909924e-03 2.887978116390533742e-03
1.876938720281519863e+03 2.319132776161100992e+03 1.339229144587616247e+02 0.000000000000000000e+00 0.000000000000000000e+00 2.431913691415843459e-02 4.081018298215911659e-03 4.081018298215909924e-03 2.887978100471856775e-03
1.876894530015340479e+03 2.319206022333439705e+03 1.339250372214616789e+02 0.000000000000000000e+00 0.000000000000000000e+00 2.039279823952711013e-02 4.081018298215911659e-03 4.081018298215909924e-03 2.887978137157764125e-03
2.067989619190899248e+03 2.174637091416932890e+03 1.359548776725253845e+02 0.000000000000000000e+00 0.000000000000000000e+00 1.650606353734929144e-03 4.081018298215911659e-03 4.081018298215909924e-03 2.888042583434241844e-03
2.067945593217238184e+03 2.174651888298616541e+03 1.359531793517461722e+02 0.000000000000000000e+00 0.000000000000000000e+00 2.589416606781469454e-03 4.081018298215911659e-03 4.081018298215909924e-03 2.888042543927623815e-03
2.067940056057663696e+03 2.174630250398519365e+03 1.359516277932982860e+02 0.000000000000000000e+00 0.000000000000000000e+00 2.181317290791184860e-03 4.081018298215911659e-03 4.081018298215909924e-03 2.888042511738503956e-03
2.318724191288679776e+03 1.951739374285164331e+03 1.392242044945867292e+02 0.000000000000000000e+00 0.000000000000000000e+00 1.966336465335416506e-02 4.081018298215911659e-03 4.081018298215909924e-03 2.888133240460956461e-03
2.318780651292536731e+03 1.951710892983484882e+03 1.392263881165271187e+02 0.000000000000000000e+00 0.000000000000000000e+00 2.102143946544288156e-02 4.081018298215911659e-03 4.081018298215909924e-03 2.888133289965184869e-03
2.318759766850795131e+03 1.951708020771199699e+03 1.392248932082104886e+02 0.000000000000000000e+00 0.000000000000000000e+00 1.755310626188588685e-02 4.081018298215911659e-03 4.081018298215909924e-03 2.888133257300209544e-03
2.253340318471718547e+03 2.326528292154799146e+03 1.561843478936106635e+02 0.000000000000000000e+00 0.000000000000000000e+00 3.260022195919987098e-02 4.081018298215911659e-03 4.081018298215909924e-03 2.888479951483393163e-03
2.253173874548170261e+03 2.326600499173543540e+03 1.561782390337366735e+02 0.000000000000000000e+00 0.000000000000000000e+00 3.481746798999552084e-02 4.081018298215911659e-03 4.081018298215909924e-03 2.888479804665232669e-03
2.253150164093992771e+03 2.326536102957477397e+03 1.561727660817194874e+02 0.000000000000000000e+00 0.000000000000000000e+00 3.728798050184423118e-02 4.081018298215911659e-03 4.081018298215909924e-03 2.888479688203758090e-03
1.878965899448810887e+03 1.228023554220669439e+03 8.420977386620313609e+01 0.000000000000000000e+00 0.000000000000000000e+00 -3.885197879526458564e-03 4.081018298215911659e-03 4.081018298215909924e-03 2.886986590308036199e-03
1.878685275460805542e+03 1.227996464289836695e+03 8.419470815793184215e+01 0.000000000000000000e+00 0.000000000000000000e+00 -5.450592340011439774e-03 4.081018298215911659e-03 4.081018298215909924e-03 2.886986281109635809e-03
1.878340268648351184e+03 1.227829185678544263e+03 8.417201725195995721e+01 0.000000000000000000e+00 0.000000000000000000e+00 -6.565354097489262131e-03 4.081018298215911659e-03 4.081018298215909924e-03 2.886985817355862578e-03
1.879709560496871518e+03 1.607947262356699866e+03 9.796106677640769078e+01 0.000000000000000000e+00 0.000000000000000000e+00 3.942362632905371811e-02 4.081018298215911659e-03 4.081018298215909924e-03 2.887261202390830565e-03
1.879895771335118070e+03 1.607706557975868009e+03 9.796072778262600877e+01 0.000000000000000000e+00 0.000000000000000000e+00 3.651287900211741544e-02 4.081018298215911659e-03 4.081018298215909924e-03 2.887261207794796902e-03
1.879829931211346093e+03 1.607622507269700463e+03 9.795389590935764090e+01 0.000000000000000000e+00 0.000000000000000000e+00 3.262883577406228142e-02 4.081018298215911659e-03 4.081018298215909924e-03 2.887261067426946312e-03
2.061273940167467117e+03 1.457036968691332504e+03 1.017947506400934117e+02 0.000000000000000000e+00 0.000000000000000000e+00 5.439712012517361472e-03 4.081018298215911659e-03 4.081018298215909924e-03 2.887347627508947325e-03
2.061246855497756769e+03 1.457034964160665368e+03 1.017931541485280462e+02 0.000000000000000000e+00 0.000000000000000000e+00 1.250965507111345687e-03 4.081018298215911659e-03 4.081018298215909924e-03 2.887347594043391912e-03
2.061260108697391843e+03 1.457014359113960836e+03 1.017931278711381111e+02 0.000000000000000000e+00 0.000000000000000000e+00 4.154379699798482761e-03 4.081018298215911659e-03 4.081018298215909924e-03 2.887347593948519885e-03
2.267443401141753839e+03 1.231477383710450113e+03 1.061281694699195555e+02 0.000000000000000000e+00 0.000000000000000000e+00 -2.645999852582292533e-02 4.081018298215911659e-03 4.081018298215909924e-03 2.887438646559066253e-03
2.267340428302729833e+03 1.231516324056791746e+03 1.061230634467165004e+02 0.000000000000000000e+00 0.000000000000000000e+00 -2.979624898398469668e-02 4.081018298215911659e-03 4.081018298215909924e-03 2.887438541450956537e-03
2.267347907106052844e+03 1.231522920276588820e+03 1.061237346287344536e+02 0.000000000000000000e+00 0.000000000000000000e+00 -3.097320994713470554e-02 4.081018298215911659e-03 4.081018298215909924e-03 2.887438555440316121e-03
2.268951454237998860e+03 1.603093036255905872e+03 1.198763033309500656e+02 0.000000000000000000e+00 0.000000000000000000e+00 1.019507431010424625e-03 4.081018298215911659e-03 4.081018298215909924e-03 2.887727110606370072e-03
2.268771730814813509e+03 1.603159610756233633e+03 1.198678678942967792e+02 0.000000000000000000e+00 0.000000000000000000e+00 9.324991437324570143e-03 4.081018298215911659e-03 4.081018298215909924e-03 2.887726929564091247e-03
2.268634175791111375e+03 1.603161057302094378e+03 1.198593492539263110e+02 0.000000000000000000e+00 0.000000000000000000e+00 1.846313600907478758e-03 4.081018298215911659e-03 4.081018298215909924e-03 2.887726747973929937e-03
1.927382267656152180e+03 5.063331694767371118e+02 7.076096977850505709e+01 0.000000000000000000e+00 0.000000000000000000e+00 -6.430639483525624200e-03 4.081018298215911659e-03 4.081018298215909924e-03 2.886707865200835964e-03
1.927207348993784763e+03 5.063974813382930051e+02 7.075288557329304240e+01 0.000000000000000000e+00 0.000000000000000000e+00 -5.936583755755009406e-03 4.081018298215911659e-03 4.081018298215909924e-03 2.886707709541541048e-03
1.927190623550682631e+03 5.064442193676291026e+02 7.075264497496561944e+01 0.000000000000000000e+00 0.000000000000000000e+00 -9.490298107621697454e-03 4.081018298215911659e-03 4.081018298215909924e-03 2.886707706412061300e-03
1.915483514309065868e+03 8.864372560058313866e+02 7.691386553980277085e+01 0.000000000000000000e+00 0.000000000000000000e+00 1.111498898752927289e-02 4.081018298215911659e-03 4.081018298215909924e-03 2.886838682706292184e-03
1.915402777807421444e+03 8.865315476017500487e+02 7.691185353859212626e+01 0.000000000000000000e+00 0.000000000000000000e+00 1.312443892130943368e-02 4.081018298215911659e-03 4.081018298215909924e-03 2.886838643566222527e-03
1.915363445870824762e+03 8.865123120318020256e+02 7.690940664758038281e+01 0.000000000000000000e+00 0.000000000000000000e+00 1.478078904344215516e-02 4.081018298215911659e-03 4.081018298215909924e-03 2.886838594292178914e-03
2.076220754302124988e+03 7.588556252325755622e+02 8.280723782191610383e+01 0.000000000000000000e+00 0.000000000000000000e+00 3.128827621048912988e-02 4.081018298215911659e-03 4.081018298215909924e-03 2.886953627384419418e-03
2.269396055386855551e+03 5.068865381097798490e+02 8.984433595016672314e+01 0.000000000000000000e+00 0.000000000000000000e+00 4.384750368642187368e-02 4.081018298215911659e-03 4.081018298215909924e-03 2.887081821531404646e-03
2.269344392016833808e+03 5.068800074230430255e+02 8.984111947552599986e+01 0.000000000000000000e+00 0.000000000000000000e+00 5.224763409722754659e-02 4.081018298215911659e-03 4.081018298215909924e-03 2.887081757908440977e-03
2.269302843527888854e+03 5.068669614142364708e+02 8.983842700407559789e+01 0.000000000000000000e+00 0.000000000000000000e+00 4.934450240058652071e-02 4.081018298215911659e-03 4.081018298215909924e-03 2.887081704227717482e-03
2.270647939743321331e+03 9.135809427550746022e+02 9.749434517630268715e+01 0.000000000000000000e+00 0.000000000000000000e+00 1.325389008023591941e-02 4.081018298215911659e-03 4.081018298215909924e-03 2.887253608308869637e-03
2.270919834392795565e+03 9.129795070822409571e+02 9.749672071431413656e+01 0.000000000000000000e+00 0.000000000000000000e+00 2.132301939526826118e-02 4.081018298215911659e-03 4.081018298215909924e-03 2.887253634283380808e-03
2.270772419532049753e+03 9.129679335069943136e+02 9.748742518174459804e+01 0.000000000000000000e+00 0.000000000000000000e+00 1.104920227369632357e-02 4.081018298215911659e-03 4.081018298215909924e-03 2.887253445933549850e-03
1.897130871621087636e+03 -1.820843924613942875e+02 6.591953763843463321e+01 0.000000000000000000e+00 0.000000000000000000e+00 -1.261850148738119515e-02 4.081018298215911659e-03 4.081018298215909924e-03 2.886583869826069536e-03
1.897083203202699224e+03 -1.823030253721421730e+02 6.591790967249718847e+01 0.000000000000000000e+00 0.000000000000000000e+00 2.025626186252793559e-04 4.081018298215911659e-03 4.081018298215909924e-03 2.886583827717360221e-03
1.896998855119953078e+03 -1.823108492328951513e+02 6.591376046110929110e+01 0.000000000000000000e+00 0.000000000000000000e+00 5.931291886767553478e-03 4.081018298215911659e-03 4.081018298215909924e-03 2.886583749504340393e-03
1.885145959939034583e+03 1.914325823526737622e+02 6.571654962892543494e+01 0.000000000000000000e+00 0.000000000000000000e+00 5.069874487718095679e-02 4.081018298215911659e-03 4.081018298215909924e-03 2.886598188472386771e-03
1.885013881109015983e+03 1.915485096640968834e+02 6.571064176427410075e+01 0.000000000000000000e+00 0.000000000000000000e+00 3.564463745391321936e-02 4.081018298215911659e-03 4.081018298215909924e-03 2.886598080459607495e-03
1.885001039957020566e+03 1.914935960489225693e+02 6.570970553713090112e+01 0.000000000000000000e+00 0.000000000000000000e+00 4.612817085964593389e-02 4.081018298215911659e-03 4.081018298215909924e-03 2.886598060195463399e-03
2.068962614138507888e+03 4.907611603919698950e+01 7.471933378596104092e+01 0.000000000000000000e+00 0.000000000000000000e+00 3.106394465272899197e-02 4.081018298215911659e-03 4.081018298215909924e-03 2.886762903118998604e-03
2.068891757472427344e+03 4.914078372781035853e+01 7.471562461325828508e+01 0.000000000000000000e+00 0.000000000000000000e+00 3.211579212720039322e-02 4.081018298215911659e-03 4.081018298215909924e-03 2.886762836126119912e-03
2.068895634112765947e+03 4.914860267562955443e+01 7.471585328655763192e+01 0.000000000000000000e+00 0.000000000000000000e+00 3.160255130944733537e-02 4.081018298215911659e-03 4.081018298215909924e-03 2.886762840926883431e-03
2.272627611754355257e+03 -1.818000314700626348e+02 8.643578931406302956e+01 0.000000000000000000e+00 0.000000000000000000e+00 4.565007359444450685e-02 4.081018298215911659e-03 4.081018298215909924e-03 2.886970427046814999e-03
2.271542252606639522e+03 1.844166506484601769e+02 8.686570989063955039e+01 0.000000000000000000e+00 0.000000000000000000e+00 5.667514634667725204e-02 4.081018298215911659e-03 4.081018298215909924e-03 2.887004045329488299e-03
1.914328463819119179e+03 -8.588783896468560215e+02 7.433208963174588746e+01 0.000000000000000000e+00 0.000000000000000000e+00 6.770171364408383852e-03 4.081018298215911659e-03 4.081018298215909924e-03 2.886699529287239420e-03
1.914290501036326305e+03 -8.589934677404876311e+02 7.433238845608906331e+01 0.000000000000000000e+00 0.000000000000000000e+00 -3.042477337274362981e-03 4.081018298215911659e-03 4.081018298215909924e-03 2.886699527552374998e-03
1.914350108915730061e+03 -8.590749211948702850e+02 7.433688382919746118e+01 0.000000000000000000e+00 0.000000000000000000e+00 -6.144884408783468643e-03 4.081018298215911659e-03 4.081018298215909924e-03 2.886699604660588909e-03
1.891117437422856710e+03 -5.181181717408579743e+02 6.806065891549161506e+01 0.000000000000000000e+00 0.000000000000000000e+00 -2.972098756686136767e-02 4.081018298215911659e-03 4.081018298215909924e-03 2.886604928958624514e-03
1.891219685697823707e+03 -5.181482314432770409e+02 6.806601364170025192e+01 0.000000000000000000e+00 0.000000000000000000e+00 -3.760275162728987652e-02 4.081018298215911659e-03 4.081018298215909924e-03 2.886605026148840458e-03
1.891142912860839033e+03 -5.181837888954951268e+02 6.806264080793202709e+01 0.000000000000000000e+00 0.000000000000000000e+00 -2.866683392818458742e-02 4.081018298215911659e-03 4.081018298215909924e-03 2.886604961765923058e-03
2.079353044882955601e+03 -6.603527377651516872e+02 7.958308938824401935e+01 0.000000000000000000e+00 0.000000000000000000e+00 -6.014089272795786201e-03 4.081018298215911659e-03 4.081018298215909924e-03 2.886808893329503942e-03
2.079222936812698663e+03 -6.602978151172857224e+02 7.957526293270466056e+01 0.000000000000000000e+00 0.000000000000000000e+00 -1.251025308945941106e-02 4.081018298215911659e-03 4.081018298215909924e-03 2.886808752406111196e-03
2.079243119170177124e+03 -6.603651543925071792e+02 7.957731814759434030e+01 0.000000000000000000e+00 0.000000000000000000e+00 -2.581783654535740880e-02 4.081018298215911659e-03 4.081018298215909924e-03 2.886808785869544175e-03
2.269362381880832800e+03 -8.787575909672732450e+02 9.401114764802095181e+01 0.000000000000000000e+00 0.000000000000000000e+00 -4.204306523125467265e-02 4.081018298215911659e-03 4.081018298215909924e-03 2.887059793718722671e-03
2.269377429591287182e+03 -8.788121414412242984e+02 9.401308796602661744e+01 0.000000000000000000e+00 0.000000000000000000e+00 -1.872481325756325532e-02 4.081018298215911659e-03 4.081018298215909924e-03 2.887059825454144253e-03
2.269385282688693678e+03 -8.788675975777244957e+02 9.401461967667478348e+01 0.000000000000000000e+00 0.000000000000000000e+00 -1.567191660009825682e-02 4.081018298215911659e-03 4.081018298215909924e-03 2.887059849576260884e-03
2.278827474631350469e+03 -5.127267642493181938e+02 8.908401668133569729e+01 0.000000000000000000e+00 0.000000000000000000e+00 -7.455831890794684114e-03 4.081018298215911659e-03 4.081018298215909924e-03 2.886995826737114371e-03
2.278796723857097277e+03 -5.127047859541136177e+02 8.908194439300748968e+01 0.000000000000000000e+00 0.000000000000000000e+00 -1.379294493504801267e-02 4.081018298215911659e-03 4.081018298215909924e-03 2.886995789678148665e-03
2.278764480239139175e+03 -5.127207771731671073e+02 8.908019116754320521e+01 0.000000000000000000e+00 0.000000000000000000e+00 -9.795513564327507083e-03 4.081018298215911659e-03 4.081018298215909924e-03 2.886995755741639247e-03
1.950554425783541319e+03 -1.598938882241805459e+03 9.637760990393984173e+01 0.000000000000000000e+00 0.000000000000000000e+00 -2.414531219916682403e-02 4.081018298215911659e-03 4.081018298215909924e-03 2.887050975474629837e-03
1.950305705564291657e+03 -1.598295591336311645e+03 9.634208764482362142e+01 0.000000000000000000e+00 0.000000000000000000e+00 -2.479973822173064946e-02 4.081018298215911659e-03 4.081018298215909924e-03 2.887050376686337450e-03
1.949280308752383235e+03 -1.599483148218469523e+03 9.633290961647593065e+01 0.000000000000000000e+00 0.000000000000000000e+00 4.992692169963675042e-03 4.081018298215911659e-03 4.081018298215909924e-03 2.887050125496165055e-03
1.926886375181007907e+03 -1.240301652789188211e+03 8.383263976126860939e+01 0.000000000000000000e+00 0.000000000000000000e+00 4.128386560552144147e-02 4.081018298215911659e-03 4.081018298215909924e-03 2.886847965729457018e-03
2.074137506771734024e+03 -1.366631392730509788e+03 9.511868407622816335e+01 0.000000000000000000e+00 0.000000000000000000e+00 4.969791469999051969e-02 4.081018298215911659e-03 4.081018298215909924e-03 2.887044580698468980e-03
2.074178210697587474e+03 -1.366673542786440066e+03 9.512215505510252456e+01 0.000000000000000000e+00 0.000000000000000000e+00 5.757664443065380055e-02 4.081018298215911659e-03 4.081018298215909924e-03 2.887044640950892256e-03
2.074180383636718489e+03 -1.366664179701492230e+03 9.512198661381802367e+01 0.000000000000000000e+00 0.000000000000000000e+00 5.483672227178715275e-02 4.081018298215911659e-03 4.081018298215909924e-03 2.887044638546791900e-03
2.266545705933926911e+03 -1.582747031249417660e+03 1.130792402292541396e+02 0.000000000000000000e+00 0.000000000000000000e+00 9.511261581636176743e-03 4.081018298215911659e-03 4.081018298215909924e-03 2.887356789011060691e-03
2.266475567627370765e+03 -1.582831251891847614e+03 1.130780832841471693e+02 0.000000000000000000e+00 0.000000000000000000e+00 1.338709155135120454e-02 4.081018298215911659e-03 4.081018298215909924e-03 2.887356761354417656e-03
2.266382751888456369e+03 -1.582849499785593025e+03 1.130732523753121512e+02 0.000000000000000000e+00 0.000000000000000000e+00 1.799570696630325983e-02 4.081018298215911659e-03 4.081018298215909924e-03 2.887356671412245890e-03
2.264406764880016453e+03 -1.205888526821092000e+03 1.012407766449812812e+02 0.000000000000000000e+00 0.000000000000000000e+00 2.221294101089199557e-02 4.081018298215911659e-03 4.081018298215909924e-03 2.887168275164691232e-03
2.264369343282768114e+03 -1.205876113870388508e+03 1.012382375785961273e+02 0.000000000000000000e+00 0.000000000000000000e+00 2.279139038448363408e-02 4.081018298215911659e-03 4.081018298215909924e-03 2.887168229488664469e-03
2.264372841705303927e+03 -1.205875977641615236e+03 1.012384402553045959e+02 0.000000000000000000e+00 0.000000000000000000e+00 1.917472559641453245e-02 4.081018298215911659e-03 4.081018298215909924e-03 2.887168233219360343e-03
1.887828383492812918e+03 -2.300541442613830441e+03 1.239730787656274060e+02 0.000000000000000000e+00 0.000000000000000000e+00 7.423899216689733294e-04 4.081018298215911659e-03 4.081018298215909924e-03 2.887498363681753177e-03
1.887836424381925553e+03 -2.300485815470598482e+03 1.239705886423314638e+02 0.000000000000000000e+00 0.000000000000000000e+00 -9.191510872213370931e-03 4.081018298215911659e-03 4.081018298215909924e-03 2.887498323016359815e-03
1.887817149500242067e+03 -2.300527912909411043e+03 1.239718281072237716e+02 0.000000000000000000e+00 0.000000000000000000e+00 -2.843861945919456957e-03 4.081018298215911659e-03 4.081018298215909924e-03 2.887498341965325475e-03
1.881108083497040752e+03 -1.928067125833518730e+03 1.059422234100660347e+02 0.000000000000000000e+00 0.000000000000000000e+00 -1.456409985853213129e-02 4.081018298215911659e-03 4.081018298215909924e-03 2.887200280201800921e-03
1.881125295484132721e+03 -1.928038026348012409e+03 1.059418008026564166e+02 0.000000000000000000e+00 0.000000000000000000e+00 -8.862585178832205202e-03 4.081018298215911659e-03 4.081018298215909924e-03 2.887200274768361632e-03
1.881044909753396951e+03 -1.927855063620886767e+03 1.059299852221507621e+02 0.000000000000000000e+00 0.000000000000000000e+00 -1.491135403668408799e-02 4.081018298215911659e-03 4.081018298215909924e-03 2.887200074213079181e-03
2.078143503025075916e+03 -2.086913839983217713e+03 1.232066956955990662e+02 0.000000000000000000e+00 0.000000000000000000e+00 1.373793083747898436e-02 4.081018298215911659e-03 4.081018298215909924e-03 2.887502665574906077e-03
2.078132758943785120e+03 -2.086790079474946651e+03 1.232003021087289909e+02 0.000000000000000000e+00 0.000000000000000000e+00 1.058284013798527212e-02 4.081018298215911659e-03 4.081018298215909924e-03 2.887502558586106747e-03
2.078080759761156514e+03 -2.086748245505588784e+03 1.231955305557081743e+02 0.000000000000000000e+00 0.000000000000000000e+00 1.516336779073412799e-02 4.081018298215911659e-03 4.081018298215909924e-03 2.887502474558279950e-03
2.274587333836856942e+03 -2.296775776678104194e+03 1.447334015729809664e+02 0.000000000000000000e+00 0.000000000000000000e+00 1.065513294696529556e-02 4.081018298215911659e-03 4.081018298215909924e-03 2.887881690095673443e-03
2.274563335755241496e+03 -2.296702158065020740e+03 1.447281462685228348e+02 0.000000000000000000e+00 0.000000000000000000e+00 -1.465926652926441420e-02 4.081018298215911659e-03 4.081018298215909924e-03 2.887881599134354237e-03
2.274486351823130462e+03 -2.296662575583986836e+03 1.447215071636231585e+02 0.000000000000000000e+00 0.000000000000000000e+00 -1.191003764091647099e-02 4.081018298215911659e-03 4.081018298215909924e-03 2.887881479448124993e-03
2.275944657701643791e+03 -1.925082565284912334e+03 1.271073738569738509e+02 0.000000000000000000e+00 0.000000000000000000e+00 1.467276004447626292e-03 4.081018298215911659e-03 4.081018298215909924e-03 2.887587488395528500e-03
2.275896793071675802e+03 -1.925017959434519753e+03 1.271017348850717212e+02 0.000000000000000000e+00 0.000000000000000000e+00 2.805448711868052669e-03 4.081018298215911659e-03 4.081018298215909924e-03 2.887587389860456905e-03
2.275879191976509901e+03 -1.925015290497834712e+03 1.271005746332671578e+02 0.000000000000000000e+00 0.000000000000000000e+00 -7.794037196902081632e-03 4.081018298215911659e-03 4.081018298215909924e-03 2.887587368730288977e-03
1.209637551639171079e+03 2.680561807581377252e+03 1.286582449033363673e+02 0.000000000000000000e+00 0.000000000000000000e+00 -2.241224556479437524e-02 4.081018298215911659e-03 4.081018298215911659e-03 2.887782311358051517e-03
1.209700692094548458e+03 2.680681698219110331e+03 1.286687776414756854e+02 0.000000000000000000e+00 0.000000000000000000e+00 -2.311606489018913635e-02 4.081018298215911659e-03 4.081018298215911659e-03 2.887782522378089765e-03
1.209703623457389540e+03 2.680634605216278942e+03 1.286655827444837428e+02 0.000000000000000000e+00 0.000000000000000000e+00 -2.086841299291108953e-02 4.081018298215911659e-03 4.081018298215911659e-03 2.887782461274731281e-03
1.202815514905165401e+03 3.011775914918635408e+03 1.532082487758411276e+02 0.000000000000000000e+00 0.000000000000000000e+00 -9.157958189206283350e-03 4.081018298215911659e-03 4.081018298215911659e-03 2.888256670221159457e-03
1.202803410582581819e+03 3.011850104961610214e+03 1.532137506771460380e+02 0.000000000000000000e+00 0.000000000000000000e+00 -9.161259137897559413e-03 4.081018298215911659e-03 4.081018298215911659e-03 2.888256775561389052e-03
1.202876592539433659e+03 3.012096217381973929e+03 1.532358828343151345e+02 0.000000000000000000e+00 0.000000000000000000e+00 -1.147808601652400284e-02 4.081018298215911659e-03 4.081018298215911659e-03 2.888257217511700468e-03
1.375130718359041339e+03 2.901279921433524123e+03 1.508783558678609893e+02 0.000000000000000000e+00 0.000000000000000000e+00 -4.383539042356687787e-02 4.081018298215911659e-03 4.081018298215911659e-03 2.888237684439255801e-03
1.375109518622800579e+03 2.901282517118264423e+03 1.508777274655211613e+02 0.000000000000000000e+00 0.000000000000000000e+00 -4.788570691886206987e-02 4.081018298215911659e-03 4.081018298215911659e-03 2.888237668789787535e-03
1.375089178302563596e+03 2.901228309178075961e+03 1.508727764364603559e+02 0.000000000000000000e+00 0.000000000000000000e+00 -5.080484823926667559e-02 4.081018298215911659e-03 4.081018298215911659e-03 2.888237568605774973e-03
1.569470953127889061e+03 3.005520808361712170e+03 1.671995847342341790e+02 0.000000000000000000e+00 0.000000000000000000e+00 -5.943320034265298091e-02 4.081018298215911659e-03 4.081018298215911659e-03 2.888592688577381468e-03
1.569559294360713011e+03 3.005708355536170984e+03 1.672185753267313544e+02 0.000000000000000000e+00 0.000000000000000000e+00 -5.961857198565212457e-02 4.081018298215911659e-03 4.081018298215911659e-03 2.888593082396089147e-03
1.569355147297478652e+03 3.005537521379449117e+03 1.671957316350361680e+02 0.000000000000000000e+00 0.000000000000000000e+00 -6.231463355604205390e-02 4.081018298215911659e-03 4.081018298215911659e-03 2.888592591157141624e-03
1.564080782556822442e+03 2.648539950708301603e+03 1.402534254523096138e+02 0.000000000000000000e+00 0.000000000000000000e+00 -1.193581832939116794e-02 4.081018298215911659e-03 4.081018298215911659e-03 2.888058554736627932e-03
1.564111106605788109e+03 2.647887414494944096e+03 1.402093838734630822e+02 0.000000000000000000e+00 0.000000000000000000e+00 -5.022540985009982251e-03 4.081018298215911659e-03 4.081018298215911659e-03 2.888057692913656872e-03
1.564165087453854767e+03 2.647958534286675331e+03 1.402167077033019211e+02 0.000000000000000000e+00 0.000000000000000000e+00 -6.183337592489124290e-03 4.081018298215911659e-03 4.081018298215911659e-03 2.888057845192264998e-03
1.584150127583362973e+03 2.349460793161945730e+03 1.216237016390179519e+02 0.000000000000000000e+00 0.000000000000000000e+00 -9.629865263022452382e-03 4.081018298215911659e-03 4.081018298215911659e-03 2.887696131716261955e-03
1.584156694349462214e+03 2.349471780863981621e+03 1.216246616754100955e+02 0.000000000000000000e+00 0.000000000000000000e+00 -8.977917430485149453e-03 4.081018298215911659e-03 4.081018298215911659e-03 2.887696151337154973e-03
1.584280684733114185e+03 2.349601800149391693e+03 1.216380658584762955e+02 0.000000000000000000e+00 0.000000000000000000e+00 -1.271098864867781231e-02 4.081018298215911659e-03 4.081018298215911659e-03 2.887696429520801231e-03
1.589884571373340123e+03 1.968715863044808884e+03 1.006843791107416024e+02 0.000000000000000000e+00 0.000000000000000000e+00 -1.268196107774599568e-02 4.081018298215911659e-03 4.081018298215911659e-03 2.887289226341091183e-03
1.589860494832298400e+03 1.968603858777119740e+03 1.006776832309541874e+02 0.000000000000000000e+00 0.000000000000000000e+00 -9.555807571587138227e-03 4.081018298215911659e-03 4.081018298215911659e-03 2.887289093990279883e-03
1.589874628530828659e+03 1.968554521220610695e+03 1.006758153381767613e+02 0.000000000000000000e+00 0.000000000000000000e+00 -8.824688646598133346e-03 4.081018298215911659e-03 4.081018298215911659e-03 2.887289059232834697e-03
1.386725554024020767e+03 2.139138063154548036e+03 1.013185824323582409e+02 0.000000000000000000e+00 0.000000000000000000e+00 1.465145529468259156e-02 4.081018298215911659e-03 4.081018298215911659e-03 2.887279440485956711e-03
1.386739025135875181e+03 2.139146636148120251e+03 1.013195675578021167e+02 0.000000000000000000e+00 0.000000000000000000e+00 1.429846940725099103e-02 4.081018298215911659e-03 4.081018298215911659e-03 2.887279460842021202e-03
1.386715457760386698e+03 2.139031314043772454e+03 1.013123470541913207e+02 0.000000000000000000e+00 0.000000000000000000e+00 1.557846909075522035e-02 4.081018298215911659e-03 4.081018298215911659e-03 2.887279319988880419e-03
1.199693232342078772e+03 2.302896329601959678e+03 1.039604810005520505e+02 0.000000000000000000e+00 0.000000000000000000e+00 -2.499460758410521066e-02 4.081018298215911659e-03 4.081018298215911659e-03 2.887308904137841307e-03
1.199594240034070936e+03 2.303012792939656720e+03 1.039640789099087925e+02 0.000000000000000000e+00 0.000000000000000000e+00 -2.578254026929016618e-02 4.081018298215911659e-03 4.081018298215911659e-03 2.887308961458952706e-03
1.199550730297882865e+03 2.302915054055786186e+03 1.039568539995239149e+02 0.000000000000000000e+00 0.000000000000000000e+00 -2.374001844752626766e-02 4.081018298215911659e-03 4.081018298215911659e-03 2.887308819422911357e-03
1.180680103372895474e+03 1.946000409734501773e+03 8.401126132355187792e+01 0.000000000000000000e+00 0.000000000000000000e+00 1.154829232370957470e-02 4.081018298215911659e-03 4.081018298215911659e-03 2.886930369055818683e-03
1.208837517669403724e+03 1.650802597703248921e+03 7.156657309449875015e+01 0.000000000000000000e+00 0.000000000000000000e+00 -4.057968180488558119e-02 4.081018298215911659e-03 4.081018298215911659e-03 2.886699902465821206e-03
1.208877855821277990e+03 1.650641650227117225e+03 7.156124295042050676e+01 0.000000000000000000e+00 0.000000000000000000e+00 -3.350691704000041682e-02 4.081018298215911659e-03 4.081018298215911659e-03 2.886699806164024374e-03
1.208877460230652559e+03 1.650569005647007543e+03 7.155822859619351561e+01 0.000000000000000000e+00 0.000000000000000000e+00 -3.535906867750782112e-02 4.081018298215911659e-03 4.081018298215911659e-03 2.886699749859753233e-03
1.215727616464667790e+03 1.251128023377107638e+03 5.736961524522905620e+01 0.000000000000000000e+00 0.000000000000000000e+00 -2.778988826158723668e-02 4.081018298215911659e-03 4.081018298215911659e-03 2.886436113230658393e-03
1.215715695026422509e+03 1.251101562786824616e+03 5.736841007364756706e+01 0.000000000000000000e+00 0.000000000000000000e+00 -1.893424064439130916e-02 4.081018298215911659e-03 4.081018298215911659e-03 2.886436090135174101e-03
1.215968461890629214e+03 1.251188067571823467e+03 5.737929829227559253e+01 0.000000000000000000e+00 0.000000000000000000e+00 -1.308922413812751984e-03 4.081018298215911659e-03 4.081018298215911659e-03 2.886436307425716864e-03
1.367053324250188780e+03 1.462407350268130585e+03 6.973806151335361392e+01 0.000000000000000000e+00 0.000000000000000000e+00 3.525478884913013644e-02 4.081018298215911659e-03 4.081018298215911659e-03 2.886677593064134947e-03
1.367078176445869303e+03 1.462278950636120044e+03 6.973428599011523943e+01 0.000000000000000000e+00 0.000000000000000000e+00 3.422850114155551182e-02 4.081018298215911659e-03 4.081018298215911659e-03 2.886677523561125263e-03
1.367033147070409768e+03 1.462259509466869076e+03 6.973191628658250352e+01 0.000000000000000000e+00 0.000000000000000000e+00 3.840014375164457761e-02 4.081018298215911659e-03 4.081018298215911659e-03 2.886677475643873066e-03
1.574141172865126464e+03 1.617149652014718640e+03 8.396898923496212319e+01 0.000000000000000000e+00 0.000000000000000000e+00 3.901260875920797844e-03 4.081018298215911659e-03 4.081018298215911659e-03 2.886964625582722453e-03
1.574151796933604601e+03 1.617104192736158211e+03 8.396758517642275876e+01 0.000000000000000000e+00 0.000000000000000000e+00 6.595603668841931722e-04 4.081018298215911659e-03 4.081018298215911659e-03 2.886964599344610943e-03
1.574130724283972995e+03 1.616990426650352447e+03 8.396203333329891905e+01 0.000000000000000000e+00 0.000000000000000000e+00 2.072735401000613820e-03 4.081018298215911659e-03 4.081018298215911659e-03 2.886964490640032185e-03
1.578146958709521869e+03 1.254939561834826918e+03 7.105462704460637724e+01 0.000000000000000000e+00 0.000000000000000000e+00 2.995017718491510550e-02 4.081018298215911659e-03 4.081018298215911659e-03 2.886715851427790452e-03
1.578251679306315509e+03 1.254776709109334888e+03 7.105395045335293958e+01 0.000000000000000000e+00 0.000000000000000000e+00 4.001990837595315043e-02 4.081018298215911659e-03 4.081018298215911659e-03 2.886715843651268404e-03
1.578258635636383588e+03 1.254862522273731429e+03 7.105694118773351420e+01 0.000000000000000000e+00 0.000000000000000000e+00 3.045209292702111270e-02 4.081018298215911659e-03 4.081018298215911659e-03 2.886715901756925842e-03
1.611061745034327259e+03 9.408180827744615726e+02 6.384187347883379715e+01 0.000000000000000000e+00 0.000000000000000000e+00 -4.926329778263749404e-02 4.081018298215911659e-03 4.081018298215911659e-03 2.886576939938801344e-03
1.611039070210242016e+03 9.407052921463716757e+02 6.383825287503162826e+01 0.000000000000000000e+00 0.000000000000000000e+00 -4.968656270754223669e-02 4.081018298215911659e-03 4.081018298215911659e-03 2.886576868596059733e-03
1.610920299620324386e+03 9.407098578845261727e+02 6.383326452721036048e+01 0.000000000000000000e+00 0.000000000000000000e+00 -5.623743118052715317e-02 4.081018298215911659e-03 4.081018298215911659e-03 2.886576768692521600e-03
1.410100351735781715e+03 7.887247277901944926e+02 5.252182156670838253e+01 0.000000000000000000e+00 0.000000000000000000e+00 6.639990843524401498e-03 4.081018298215911659e-03 4.081018298215911659e-03 2.886353467687080392e-03
1.411493670960582904e+03 7.901780660972486885e+02 5.260211315965790391e+01 0.000000000000000000e+00 0.000000000000000000e+00 -2.647787856716377064e-02 4.081018298215911659e-03 4.081018298215911659e-03 2.886355037344055536e-03
1.411937669504568248e+03 7.904069812073659023e+02 5.262315187420432494e+01 0.000000000000000000e+00 0.000000000000000000e+00 -9.078803831464199448e-03 4.081018298215911659e-03 4.081018298215911659e-03 2.886355450236261638e-03
1.225959153450940903e+03 9.362619280299944649e+02 4.922842606173555424e+01 0.000000000000000000e+00 0.000000000000000000e+00 2.421917759419756067e-02 4.081018298215911659e-03 4.081018298215911659e-03 2.886285299435764531e-03
1.225777471819401853e+03 9.361716404645013654e+02 4.922045545551965517e+01 0.000000000000000000e+00 0.000000000000000000e+00 2.555200638524013357e-02 4.081018298215911659e-03 4.081018298215911659e-03 2.886285143407018184e-03
1.225873478504309560e+03 9.363705573312552133e+02 4.922813785577463364e+01 0.000000000000000000e+00 0.000000000000000000e+00 1.919350636558903034e-02 4.081018298215911659e-03 4.081018298215911659e-03 2.886285290514453792e-03
1.237509938860408056e+03 5.638333207585203581e+02 4.276738160969289027e+01 0.000000000000000000e+00 0.000000000000000000e+00 3.130761283405547601e-02 4.081018298215911659e-03 4.081018298215911659e-03 2.886164311049054226e-03
1.237516400979109449e+03 5.638459521522565865e+02 4.276776565165120303e+01 0.000000000000000000e+00 0.000000000000000000e+00 4.062804331006475422e-02 4.081018298215911659e-03 4.081018298215911659e-03 2.886164318435406606e-03
1.237487212984783582e+03 5.638809901242487967e+02 4.276730216118311034e+01 0.000000000000000000e+00 0.000000000000000000e+00 2.190236420948110663e-02 4.081018298215911659e-03 4.081018298215911659e-03 2.886164309306704038e-03
1.571725967176964105e+03 5.370685273903349071e+02 5.473798710189269912e+01 0.000000000000000000e+00 0.000000000000000000e+00 -3.614118245786102079e-02 4.081018298215911659e-03 4.081018298215911659e-03 2.886396477034045786e-03
1.571714772844762592e+03 5.370679582585188427e+02 5.473751614548930888e+01 0.000000000000000000e+00 0.000000000000000000e+00 -4.771425713812504910e-02 4.081018298215911659e-03 4.081018298215911659e-03 2.886396467874276488e-03
1.571739301753770178e+03 5.369122772341298742e+02 5.473643560233975336e+01 0.000000000000000000e+00 0.000000000000000000e+00 -3.875872076456232662e-02 4.081018298215911659e-03 4.081018298215911659e-03 2.886396444946673530e-03
1.604468970304034656e+03 2.349695499380786146e+02 5.313182599477450907e+01 0.000000000000000000e+00 0.000000000000000000e+00 -5.577884327180981927e-02 4.081018298215911659e-03 4.081018298215911659e-03 2.886359388465697777e-03
1.604440948262176335e+03 2.347317851499459209e+02 5.312916947835648784e+01 0.000000000000000000e+00 0.000000000000000000e+00 1.981602991762088095e-03 4.081018298215911659e-03 4.081018298215911659e-03 2.886359331301293924e-03
1.604500613599105918e+03 2.348433514677674907e+02 5.313236833980838014e+01 0.000000000000000000e+00 0.000000000000000000e+00 -2.265188324078337700e-02 4.081018298215911659e-03 4.081018298215911659e-03 2.886359395353637215e-03
1.416416615950305186e+03 7.524782039462128580e+01 4.504528904997319216e+01 0.000000000000000000e+00 0.000000000000000000e+00 3.327283729376517840e-03 4.081018298215911659e-03 4.081018298215911659e-03 2.886201972481466146e-03
1.240692591588486493e+03 1.895475112181303530e+02 3.938610465396651250e+01 0.000000000000000000e+00 0.000000000000000000e+00 2.690514712630687200e-02 4.081018298215911659e-03 4.081018298215911659e-03 2.886097474152625811e-03
1.240737510406783940e+03 1.898197807318815080e+02 3.938887587458224004e+01 0.000000000000000000e+00 0.000000000000000000e+00 -2.836482766632286712e-03 4.081018298215911659e-03 4.081018298215911659e-03 2.886097530365193398e-03
1.240697210119487636e+03 1.900739822620900554e+02 3.938881293474706524e+01 0.000000000000000000e+00 0.000000000000000000e+00 -1.084057776017033348e-02 4.081018298215911659e-03 4.081018298215911659e-03 2.886097532749361348e-03
1.236788360079895710e+03 -1.524849287004540486e+02 3.897111974854388450e+01 0.000000000000000000e+00 0.000000000000000000e+00 4.437425679584805494e-02 4.081018298215911659e-03 4.081018298215911659e-03 2.886082634974992608e-03
1.236825757168036489e+03 -1.523463333833651063e+02 3.897187949224544923e+01 0.000000000000000000e+00 0.000000000000000000e+00 4.307425179473511889e-02 4.081018298215911659e-03 4.081018298215911659e-03 2.886082652689709021e-03
1.236771638822312298e+03 -1.522617984212693614e+02 3.896988758922071838e+01 0.000000000000000000e+00 0.000000000000000000e+00 3.169216197016311298e-02 4.081018298215911659e-03 4.081018298215911659e-03 2.886082617984443450e-03
1.575631180261116015e+03 -1.932422703404287176e+02 5.143904973343323661e+01 0.000000000000000000e+00 0.000000000000000000e+00 1.020703762622332533e-02 4.081018298215911659e-03 4.081018298215911659e-03 2.886312853913862182e-03
1.575628542125742342e+03 -1.933350578718738859e+02 5.143929972897736036e+01 0.000000000000000000e+00 0.000000000000000000e+00 1.265994895959465794e-03 4.081018298215911659e-03 4.081018298215911659e-03 2.886312854907025632e-03
1.575556768239724306e+03 -1.933708228479847264e+02 5.143650562808267068e+01 0.000000000000000000e+00 0.000000000000000000e+00 -7.477828399743202681e-03 4.081018298215911659e-03 4.081018298215911659e-03 2.886312801499838539e-03
1.595533043761996169e+03 -4.754709012367170544e+02 5.426124999168521867e+01 0.000000000000000000e+00 0.000000000000000000e+00 -4.622306092770855912e-02 4.081018298215911659e-03 4.081018298215911659e-03 2.886352856504981537e-03
1.595305407948872244e+03 -4.757140641733939219e+02 5.425438876575559277e+01 0.000000000000000000e+00 0.000000000000000000e+00 -1.014912359475772519e-02 4.081018298215911659e-03 4.081018298215911659e-03 2.886352719123190698e-03
1.595317825026116225e+03 -4.759350891876806600e+02 5.425718871077572203e+01 0.000000000000000000e+00 0.000000000000000000e+00 -2.587300216848831269e-02 4.081018298215911659e-03 4.081018298215911659e-03 2.886352760342764025e-03
1.418324521765005557e+03 -6.194722927143204743e+02 4.911662690360458328e+01 0.000000000000000000e+00 0.000000000000000000e+00 1.887320956648608217e-02 4.081018298215911659e-03 4.081018298215911659e-03 2.886252265999937529e-03
1.418258519305212531e+03 -6.194630895366508412e+02 4.911409563909558074e+01 0.000000000000000000e+00 0.000000000000000000e+00 2.301592499160420857e-02 4.081018298215911659e-03 4.081018298215911659e-03 2.886252220302169477e-03
1.418102459371955547e+03 -6.198844990430876578e+02 4.911419346095392058e+01 0.000000000000000000e+00 0.000000000000000000e+00 3.079773185923784240e-02 4.081018298215911659e-03 4.081018298215911659e-03 2.886252203762612427e-03
1.230539009778630771e+03 -5.054266915914663514e+02 4.130943438034071136e+01 0.000000000000000000e+00 0.000000000000000000e+00 2.112991649156725771e-02 4.081018298215911659e-03 4.081018298215911659e-03 2.886114543997306790e-03
1.230470874138311729e+03 -5.053342926646726028e+02 4.130624688134227540e+01 0.000000000000000000e+00 0.000000000000000000e+00 3.149056298809682630e-02 4.081018298215911659e-03 4.081018298215911659e-03 2.886114489185599968e-03
1.230478976062711126e+03 -5.052292565813800138e+02 4.130532469164781162e+01 0.000000000000000000e+00 0.000000000000000000e+00 2.027163000597909104e-02 4.081018298215911659e-03 4.081018298215911659e-03 2.886114476118312698e-03
1.230269268302272849e+03 -8.794465314884688496e+02 4.707772819761861172e+01 0.000000000000000000e+00 0.000000000000000000e+00 1.901214801419826017e-02 4.081018298215911659e-03 4.081018298215911659e-03 2.886203987118369195e-03
1.230235847102846719e+03 -8.796481180700354798e+02 4.708064057640111599e+01 0.000000000000000000e+00 0.000000000000000000e+00 -9.880491838799798643e-03 4.081018298215911659e-03 4.081018298215911659e-03 2.886204030659991326e-03
1.230233409772469258e+03 -8.797412838313734937e+02 4.708239564109639019e+01 0.000000000000000000e+00 0.000000000000000000e+00 3.508426091357819132e-03 4.081018298215911659e-03 4.081018298215911659e-03 2.886204058143988175e-03
1.584858974371469003e+03 -8.951556836356891154e+02 6.017364599730944974e+01 0.000000000000000000e+00 0.000000000000000000e+00 3.422238980317615642e-02 4.081018298215911659e-03 4.081018298215911659e-03 2.886439700521103123e-03
1.584883304074597390e+03 -8.952048662632594187e+02 6.017561493794658389e+01 0.000000000000000000e+00 0.000000000000000000e+00 2.359323165809001921e-02 4.081018298215911659e-03 4.081018298215911659e-03 2.886439733586798704e-03
1.584845687461862781e+03 -8.953009758015967918e+02 6.017599517904091044e+01 0.000000000000000000e+00 0.000000000000000000e+00 4.404681981955604897e-02 4.081018298215911659e-03 4.081018298215911659e-03 2.886439735375298174e-03
1.616854269966218908e+03 -1.185446307737975303e+03 6.821149662472708997e+01 0.000000000000000000e+00 0.000000000000000000e+00 -3.926814698836267326e-02 4.081018298215911659e-03 4.081018298215911659e-03 2.886568735702707035e-03
1.616684748900878049e+03 -1.185417385631436900e+03 6.820370064087893525e+01 0.000000000000000000e+00 0.000000000000000000e+00 -4.127370794489593209e-02 4.081018298215911659e-03 4.081018298215911659e-03 2.886568596855668568e-03
1.616655813652900633e+03 -1.185792631528134280e+03 6.821241783890116039e+01 0.000000000000000000e+00 0.000000000000000000e+00 1.026881739039708918e-02 4.081018298215911659e-03 4.081018298215911659e-03 2.886568732092854167e-03
1.267050673470879701e+03 -1.203533543808109698e+03 5.579328740403710185e+01 0.000000000000000000e+00 0.000000000000000000e+00 9.815373709642472022e-03 4.081018298215911659e-03 4.081018298215911659e-03 2.886344769451012343e-03
1.266968665590950195e+03 -1.203555934171885838e+03 5.579124051106118998e+01 0.000000000000000000e+00 0.000000000000000000e+00 3.548322377497470370e-03 4.081018298215911659e-03 4.081018298215911659e-03 2.886344731690674084e-03
1.267033280916334434e+03 -1.203462783400122362e+03 5.579082255542978430e+01 0.000000000000000000e+00 0.000000000000000000e+00 -1.395901843736169212e-02 4.081018298215911659e-03 4.081018298215911659e-03 2.886344729023862868e-03
1.430104548281681446e+03 -1.347742271131889538e+03 6.551440706045524109e+01 0.000000000000000000e+00 0.000000000000000000e+00 -4.732646632632508954e-03 4.081018298215911659e-03 4.081018298215911659e-03 2.886510869901630014e-03
1.430120699527972874e+03 -1.347549048100986283e+03 6.550918228274208843e+01 0.000000000000000000e+00 0.000000000000000000e+00 -2.502257602944268911e-02 4.081018298215911659e-03 4.081018298215911659e-03 2.886510787436886646e-03
1.430028592469320984e+03 -1.347606175111749735e+03 6.550753589686996747e+01 0.000000000000000000e+00 0.000000000000000000e+00 2.192356671052664296e-02 4.081018298215911659e-03 4.081018298215911659e-03 2.886510754651253931e-03
1.231233116473545351e+03 -1.581290179846856290e+03 6.640583055204736240e+01 0.000000000000000000e+00 0.000000000000000000e+00 1.721932847799223509e-02 4.081018298215911659e-03 4.081018298215911659e-03 2.886513045406572872e-03
1.231268302470491790e+03 -1.581147292129501693e+03 6.640188609701858979e+01 0.000000000000000000e+00 0.000000000000000000e+00 -3.780618601282981217e-03 4.081018298215911659e-03 4.081018298215911659e-03 2.886512983741626286e-03
1.231285813817820099e+03 -1.581153439595707596e+03 6.640265216476186083e+01 0.000000000000000000e+00 0.000000000000000000e+00 -4.020410263254348138e-02 4.081018298215911659e-03 4.081018298215911659e-03 2.886512997023680128e-03
1.570489105327877951e+03 -1.601886048779635303e+03 7.927395199666867143e+01 0.000000000000000000e+00 0.000000000000000000e+00 6.724077904294745167e-03 4.081018298215911659e-03 4.081018298215911659e-03 2.886741980034945951e-03
1.570795952410319160e+03 -1.601977175477273931e+03 7.928955784842565890e+01 0.000000000000000000e+00 0.000000000000000000e+00 1.641187833115509420e-02 4.081018298215911659e-03 4.081018298215911659e-03 2.886742254349008736e-03
1.572228440732259969e+03 -1.601727116228576506e+03 7.933826521932260789e+01 0.000000000000000000e+00 0.000000000000000000e+00 -2.606733332626731681e-03 4.081018298215911659e-03 4.081018298215911659e-03 2.886743145525088282e-03
1.621440952944239370e+03 -1.903212818307877797e+03 9.317025130548368850e+01 0.000000000000000000e+00 0.000000000000000000e+00 -1.666834894112412258e-02 4.081018298215911659e-03 4.081018298215911659e-03 2.886970993205934585e-03
1.621486359325469039e+03 -1.903042936921516912e+03 9.316490211553997369e+01 0.000000000000000000e+00 0.000000000000000000e+00 -2.365113496536253024e-02 4.081018298215911659e-03 4.081018298215911659e-03 2.886970909353937624e-03
1.622014601200190555e+03 -1.902662145039365214e+03 9.317066454942941789e+01 0.000000000000000000e+00 0.000000000000000000e+00 -1.813279899047870458e-02 4.081018298215911659e-03 4.081018298215911659e-03 2.886971041489190450e-03
1.426720468556575952e+03 -2.047659588260162991e+03 9.195350068468259508e+01 0.000000000000000000e+00 0.000000000000000000e+00 -4.810931036143983874e-02 4.081018298215911659e-03 4.081018298215911659e-03 2.886938117347898677e-03
1.246658735464282927e+03 -1.924860464641390763e+03 8.035029619101185006e+01 0.000000000000000000e+00 0.000000000000000000e+00 -3.370962575309022213e-02 4.081018298215911659e-03 4.081018298215911659e-03 2.886739225006030012e-03
1.247234694996925782e+03 -1.924136143427838306e+03 8.033744584719849513e+01 0.000000000000000000e+00 0.000000000000000000e+00 -5.829919046838938357e-02 4.081018298215911659e-03 4.081018298215911659e-03 2.886739047363820910e-03
1.247594151639184702e+03 -1.924023954299566185e+03 8.034405102516510055e+01 0.000000000000000000e+00 0.000000000000000000e+00 -1.777144042705458560e-02 4.081018298215911659e-03 4.081018298215911659e-03 2.886739173530293145e-03
1.258295068956555951e+03 -2.303183947983597591e+03 9.861834032370670400e+01 0.000000000000000000e+00 0.000000000000000000e+00 -9.260628718010366356e-03 4.081018298215911659e-03 4.081018298215911659e-03 2.887036908435078406e-03
1.258359364695885006e+03 -2.302977091253394065e+03 9.860973539266132093e+01 0.000000000000000000e+00 0.000000000000000000e+00 -1.475860819171259664e-02 4.081018298215911659e-03 4.081018298215911659e-03 2.887036771639825330e-03
1.258327511400079175e+03 -2.303025293227166912e+03 9.861119742542450695e+01 0.000000000000000000e+00 0.000000000000000000e+00 -1.552088574882759531e-03 4.081018298215911659e-03 4.081018298215911659e-03 2.887036793716344328e-03
1.573977732006337419e+03 -2.317555950099877009e+03 1.108319539425206131e+02 0.000000000000000000e+00 0.000000000000000000e+00 1.597739647890250581e-02 4.081018298215911659e-03 4.081018298215911659e-03 2.887256870041020503e-03
1.573978616035641153e+03 -2.317657073127358672e+03 1.108372549423103663e+02 0.000000000000000000e+00 0.000000000000000000e+00 4.451259262921780646e-03 4.081018298215911659e-03 4.081018298215911659e-03 2.887256957307077730e-03
1.573992302257967594e+03 -2.317867377486713394e+03 1.108487599462764308e+02 0.000000000000000000e+00 0.000000000000000000e+00 1.375148488510546940e-02 4.081018298215911659e-03 4.081018298215911659e-03 2.887257147532390662e-03
1.613669172776285905e+03 -2.609146242019740384e+03 1.286339308897844091e+02 0.000000000000000000e+00 0.000000000000000000e+00 -3.196258370962823392e-03 4.081018298215911659e-03 4.081018298215911659e-03 2.887553877860688390e-03
1.613644469304414315e+03 -2.609035165322311059e+03 1.286263616100198703e+02 0.000000000000000000e+00 0.000000000000000000e+00 -4.346464450861731166e-04 4.081018298215911659e-03 4.081018298215911659e-03 2.887553750401874921e-03
1.613641533512666001e+03 -2.609093212317312464e+03 1.286296560942530220e+02 0.000000000000000000e+00 0.000000000000000000e+00 -5.034632094691460225e-04 4.081018298215911659e-03 4.081018298215911659e-03 2.887553804841738563e-03
1.428355650716907803e+03 -2.752711517092382110e+03 1.300359861796087841e+02 0.000000000000000000e+00 0.000000000000000000e+00 -2.486666894779432369e-02 4.081018298215911659e-03 4.081018298215911659e-03 2.887563598315858772e-03
1.428418694447921098e+03 -2.752770642855462029e+03 1.300419845586285419e+02 0.000000000000000000e+00 0.000000000000000000e+00 -1.594260420304749459e-02 4.081018298215911659e-03 4.081018298215911659e-03 2.887563701971458500e-03
1.428431039684748384e+03 -2.752788279127057194e+03 1.300435355420503356e+02 0.000000000000000000e+00 0.000000000000000000e+00 -2.213996798604966898e-02 4.081018298215911659e-03 4.081018298215911659e-03 2.887563728496184493e-03
1.263852572297784718e+03 -2.626128808550224221e+03 1.166631479379657890e+02 0.000000000000000000e+00 0.000000000000000000e+00 -2.387093084135472054e-02 4.081018298215911659e-03 4.081018298215911659e-03 2.887332520891411434e-03
1.264296395580249737e+03 -2.626228780720991381e+03 1.166834669888076093e+02 0.000000000000000000e+00 0.000000000000000000e+00 -1.244631205408097685e-02 4.081018298215911659e-03 4.081018298215911659e-03 2.887332881164441159e-03
1.264497801535051849e+03 -2.626149534204528209e+03 1.166853298236094929e+02 0.000000000000000000e+00 0.000000000000000000e+00 -4.380282801803048187e-02 4.081018298215911659e-03 4.081018298215911659e-03 2.887332923877129146e-03
1.266429327115279875e+03 -3.019804080119391529e+03 1.418187959977471166e+02 0.000000000000000000e+00 0.000000000000000000e+00 -3.730859148137710690e-02 4.081018298215911659e-03 4.081018298215911659e-03 2.887747394343650586e-03
1.266601231299371875e+03 -3.019862805738343923e+03 1.418284462591311694e+02 0.000000000000000000e+00 0.000000000000000000e+00 -5.956911424419786272e-02 4.081018298215911659e-03 4.081018298215911659e-03 2.887747565890476809e-03
1.266527792830608405e+03 -3.019946561464023944e+03 1.418317640886082529e+02 0.000000000000000000e+00 0.000000000000000000e+00 -6.253788755594769100e-02 4.081018298215911659e-03 4.081018298215911659e-03 2.887747615793944886e-03
1.590350261675681395e+03 -3.023610442292866082e+03 1.540929003605878620e+02 0.000000000000000000e+00 0.000000000000000000e+00 -3.413384774660244148e-03 4.081018298215911659e-03 4.081018298215911659e-03 2.887976575831667069e-03
1.590147040350976340e+03 -3.023683941029582002e+03 1.540895341792832198e+02 0.000000000000000000e+00 0.000000000000000000e+00 1.098525598624178201e-02 4.081018298215911659e-03 4.081018298215911659e-03 2.887976502347963138e-03
1.590111852994542005e+03 -3.023755165676075649e+03 1.540929708943072001e+02 0.000000000000000000e+00 0.000000000000000000e+00 1.829777480588745675e-02 4.081018298215911659e-03 4.081018298215911659e-03 2.887976556977569099e-03
5.062231488176225866e+02 -3.064368982080417027e+03 1.275068466833872805e+02 0.000000000000000000e+00 0.000000000000000000e+00 3.871516753959269863e-02 4.081018298215911659e-03 4.081018298215911659e-03 2.887475061244462217e-03
5.060177819813661131e+02 -3.064603801190061859e+03 1.275203900021837455e+02 0.000000000000000000e+00 0.000000000000000000e+00 1.126655288945244138e-02 4.081018298215911659e-03 4.081018298215911659e-03 2.887475275820351826e-03
5.055907121232694976e+02 -3.064418272390009861e+03 1.275020322021054966e+02 0.000000000000000000e+00 0.000000000000000000e+00 1.036537900651524069e-02 4.081018298215911659e-03 4.081018298215911659e-03 2.887474964694778604e-03
5.140041184841727500e+02 -2.668381209895414941e+03 1.021158583085634319e+02 0.000000000000000000e+00 0.000000000000000000e+00 2.416746387088153369e-02 4.081018298215911659e-03 4.081018298215911659e-03 2.887063231247924064e-03
5.139216173722941221e+02 -2.668405972291870057e+03 1.021162573897368588e+02 0.000000000000000000e+00 0.000000000000000000e+00 2.509597532196039538e-02 4.081018298215911659e-03 4.081018298215911659e-03 2.887063235629328591e-03
5.139789865941970675e+02 -2.668402270542665065e+03 1.021167876486545936e+02 0.000000000000000000e+00 0.000000000000000000e+00 2.570409727350408957e-02 4.081018298215911659e-03 4.081018298215911659e-03 2.887063245652329250e-03
6.875967147890678461e+02 -2.794010707035352425e+03 1.124720874311712464e+02 0.000000000000000000e+00 0.000000000000000000e+00 -2.326760939880045953e-03 4.081018298215911659e-03 4.081018298215911659e-03 2.887236362366213480e-03
6.875955881212397571e+02 -2.793965505704600218e+03 1.124692324219742261e+02 0.000000000000000000e+00 0.000000000000000000e+00 -7.372494322055445082e-04 4.081018298215911659e-03 4.081018298215911659e-03 2.887236315934840411e-03
6.875760965907772970e+02 -2.793930471785163263e+03 1.124666921927889547e+02 0.000000000000000000e+00 0.000000000000000000e+00 -3.888031636506639188e-03 4.081018298215911659e-03 4.081018298215911659e-03 2.887236273973922164e-03
8.935164196359154403e+02 -2.999081714088511035e+03 1.300141520423973986e+02 0.000000000000000000e+00 0.000000000000000000e+00 4.552330082009348189e-02 4.081018298215911659e-03 4.081018298215911659e-03 2.887531108772004029e-03
8.934647318468241792e+02 -2.999043894424752125e+03 1.300104052466508904e+02 0.000000000000000000e+00 0.000000000000000000e+00 2.502285645149981974e-02 4.081018298215911659e-03 4.081018298215911659e-03 2.887531044886735426e-03
8.934446179087310611e+02 -2.998965269689009347e+03 1.300046246455415826e+02 0.000000000000000000e+00 0.000000000000000000e+00 3.513227038254740364e-02 4.081018298215911659e-03 4.081018298215911659e-03 2.887530949238163031e-03
8.942581058233636213e+02 -2.676565375856103401e+03 1.094428023842929178e+02 0.000000000000000000e+00 0.000000000000000000e+00 -3.518012473914211569e-02 4.081018298215911659e-03 4.081018298215911659e-03 2.887195244358083633e-03
8.942770364344430618e+02 -2.676507473837552880e+03 1.094397577080922304e+02 0.000000000000000000e+00 0.000000000000000000e+00 -4.667787876857687479e-02 4.081018298215911659e-03 4.081018298215911659e-03 2.887195195610421043e-03
5.329296617535491123e+02 -2.354378910019534942e+03 8.473430300413043881e+01 0.000000000000000000e+00 0.000000000000000000e+00 -6.196232810475521546e-02 4.081018298215911659e-03 4.081018298215911659e-03 2.886782906923136046e-03
5.327822761362826895e+02 -2.354543418585884865e+03 8.474095996068720638e+01 0.000000000000000000e+00 0.000000000000000000e+00 -1.465598226619135858e-02 4.081018298215911659e-03 4.081018298215911659e-03 2.886783010830964568e-03
5.329437907609035392e+02 -2.354569075294113190e+03 8.474449300049882083e+01 0.000000000000000000e+00 0.000000000000000000e+00 4.636294788070927098e-03 4.081018298215911659e-03 4.081018298215911659e-03 2.886783071634839958e-03
5.262365008830111037e+02 -1.969448381079275805e+03 6.607488697981101211e+01 0.000000000000000000e+00 0.000000000000000000e+00 5.524502774444783881e-02 4.081018298215911659e-03 4.081018298215911659e-03 2.886482090238697701e-03
5.261622119317107718e+02 -1.969371585798028036e+03 6.607052496142650000e+01 0.000000000000000000e+00 0.000000000000000000e+00 -1.442926731014892994e-02 4.081018298215911659e-03 4.081018298215911659e-03 2.886482018424635625e-03
5.261071721359028288e+02 -1.969421748920253322e+03 6.607199628552233150e+01 0.000000000000000000e+00 0.000000000000000000e+00 2.974702550160657211e-02 4.081018298215911659e-03 4.081018298215911659e-03 2.886482040943317423e-03
6.672286815414820467e+02 -2.084830121625229822e+03 7.342252318239832221e+01 0.000000000000000000e+00 0.000000000000000000e+00 2.377675836758896821e-02 4.081018298215911659e-03 4.081018298215911659e-03 2.886603926615328910e-03
6.671199087171834208e+02 -2.084968379783698310e+03 7.342711705107988962e+01 0.000000000000000000e+00 0.000000000000000000e+00 3.524379172408487193e-02 4.081018298215911659e-03 4.081018298215911659e-03 2.886603997670382244e-03
6.671859558662306426e+02 -2.084886668866828131e+03 7.342443176126144522e+01 0.000000000000000000e+00 0.000000000000000000e+00 -1.681384745410241521e-03 4.081018298215911659e-03 4.081018298215911659e-03 2.886603956204391880e-03
8.753414508711070994e+02 -2.325516993070080389e+03 8.935209560456614497e+01 0.000000000000000000e+00 0.000000000000000000e+00 -3.717846424027015928e-02 4.081018298215911659e-03 4.081018298215911659e-03 2.886868213144823305e-03
8.753075081196158180e+02 -2.325461894981454861e+03 8.934847474588502791e+01 0.000000000000000000e+00 0.000000000000000000e+00 -4.658304131103818690e-02 4.081018298215911659e-03 4.081018298215911659e-03 2.886868153179726181e-03
8.752716081203014937e+02 -2.325528631976632369e+03 8.935114503983039924e+01 0.000000000000000000e+00 0.000000000000000000e+00 -2.909737229927600310e-03 4.081018298215911659e-03 4.081018298215911659e-03 2.886868195048351935e-03
9.066718260404594503e+02 -1.968704027411658672e+03 7.294681811749886435e+01 0.000000000000000000e+00 0.000000000000000000e+00 -1.430248473937467679e-03 4.081018298215911659e-03 4.081018298215911659e-03 2.886604063078059348e-03
9.066206932091810131e+02 -1.968721431289596694e+03 7.294640663332128838e+01 0.000000000000000000e+00 0.000000000000000000e+00 -1.265177851290388844e-02 4.081018298215911659e-03 4.081018298215911659e-03 2.886604054512029519e-03
9.065977130690171180e+02 -1.968796762752576115e+03 7.294918919334068619e+01 0.000000000000000000e+00 0.000000000000000000e+00 -5.095863022816615739e-03 4.081018298215911659e-03 4.081018298215911659e-03 2.886604098588773943e-03
5.286395243331365918e+02 -1.644543848908317159e+03 5.300667250335885683e+01 0.000000000000000000e+00 0.000000000000000000e+00 -1.412342249094677982e-02 4.081018298215911659e-03 4.081018298215911659e-03 2.886271731548168112e-03
5.286129114881347277e+02 -1.644393579636631102e+03 5.300079945356284838e+01 0.000000000000000000e+00 0.000000000000000000e+00 -3.012912320109251141e-02 4.081018298215911659e-03 4.081018298215911659e-03 2.886271636417929356e-03
5.284972618577697858e+02 -1.644432502064682467e+03 5.300068457609826567e+01 0.000000000000000000e+00 0.000000000000000000e+00 -1.683230525288337276e-02 4.081018298215911659e-03 4.081018298215911659e-03 2.886271632191733140e-03
5.147350336753114561e+02 -1.257001065474197048e+03 4.025094788318253336e+01 0.000000000000000000e+00 0.000000000000000000e+00 -2.819217260468320774e-02 4.081018298215911659e-03 4.081018298215911659e-03 2.886065852610891769e-03
5.147364373738189443e+02 -1.256931452602843137e+03 4.024900552407756038e+01 0.000000000000000000e+00 0.000000000000000000e+00 -1.404937829443042574e-02 4.081018298215911659e-03 4.081018298215911659e-03 2.886065821293656505e-03
5.147752692315787044e+02 -1.256840903411713725e+03 4.024696063803069279e+01 0.000000000000000000e+00 0.000000000000000000e+00 -3.846501986760131331e-02 4.081018298215911659e-03 4.081018298215911659e-03 2.886065789072909601e-03
6.775406310408960735e+02 -1.371759419144875437e+03 4.608200221616766612e+01 0.000000000000000000e+00 0.000000000000000000e+00 -1.582330549483401683e-02 4.081018298215911659e-03 4.081018298215911659e-03 2.886163692409218252e-03
6.774970825121632743e+02 -1.371772249216471891e+03 4.608164963033800632e+01 0.000000000000000000e+00 0.000000000000000000e+00 -8.389810627718929936e-03 4.081018298215911659e-03 4.081018298215911659e-03 2.886163685554585072e-03
6.775079006602048821e+02 -1.371637806347541073e+03 4.607770914148649410e+01 0.000000000000000000e+00 0.000000000000000000e+00 1.111307781094694747e-03 4.081018298215911659e-03 4.081018298215911659e-03 2.886163622355908745e-03
8.631269462836745561e+02 -1.620243107601883366e+03 5.800897939168669382e+01 0.000000000000000000e+00 0.000000000000000000e+00 -5.446553218106942040e-04 4.081018298215911659e-03 4.081018298215911659e-03 2.886361550451803110e-03
8.631248952452556296e+02 -1.619975679806317885e+03 5.799925789332247206e+01 0.000000000000000000e+00 0.000000000000000000e+00 3.408830664852757764e-06 4.081018298215911659e-03 4.081018298215911659e-03 2.886361393752713209e-03
8.631516991290538954e+02 -1.620016004136348784e+03 5.800130301530203525e+01 0.000000000000000000e+00 0.000000000000000000e+00 -5.960398462256932817e-03 4.081018298215911659e-03 4.081018298215911659e-03 2.886361427640394932e-03
8.963581566201629585e+02 -1.246125447971695849e+03 4.676346850933889243e+01 0.000000000000000000e+00 0.000000000000000000e+00 6.604044628410576934e-03 4.081018298215911659e-03 4.081018298215911659e-03 2.886181745581717275e-03
8.963427185017873171e+02 -1.246145532899164664e+03 4.676367775088858991e+01 0.000000000000000000e+00 0.000000000000000000e+00 1.455088871301057907e-02 4.081018298215911659e-03 4.081018298215911659e-03 2.886181748354542647e-03
8.964372074201545502e+02 -1.246011171692993685e+03 4.676207850545812050e+01 0.000000000000000000e+00 0.000000000000000000e+00 -8.635547135284582509e-03 4.081018298215911659e-03 4.081018298215911659e-03 2.886181726262230726e-03
5.486414910745778570e+02 -9.144741157693773630e+02 3.235679336183786603e+01 0.000000000000000000e+00 0.000000000000000000e+00 -4.392256786459824980e-03 4.081018298215911659e-03 4.081018298215911659e-03 2.885939057067469799e-03
5.486426456731531971e+02 -9.148493733732989313e+02 3.236453548421607707e+01 0.000000000000000000e+00 0.000000000000000000e+00 -1.474955541304723283e-02 4.081018298215911659e-03 4.081018298215911659e-03 2.885939182269648719e-03
5.486717168901811874e+02 -9.148428112563126433e+02 3.236480460580986573e+01 0.000000000000000000e+00 0.000000000000000000e+00 -1.296385372967989724e-02 4.081018298215911659e-03 4.081018298215911659e-03 2.885939187285634609e-03
5.200396363175324268e+02 -5.375198490168708076e+02 2.579113626950645966e+01 0.000000000000000000e+00 0.000000000000000000e+00 2.173587943669375022e-02 4.081018298215911659e-03 4.081018298215911659e-03 2.885832142103297946e-03
5.201032659737521726e+02 -5.373961323864859878e+02 2.579047274758431030e+01 0.000000000000000000e+00 0.000000000000000000e+00 1.556901216425998768e-02 4.081018298215911659e-03 4.081018298215911659e-03 2.885832132935783542e-03
5.201158486557668539e+02 -5.372136984509819513e+02 2.578841927900283792e+01 0.000000000000000000e+00 0.000000000000000000e+00 1.287670232164828121e-02 4.081018298215911659e-03 4.081018298215911659e-03 2.885832100016919727e-03
6.822427706519698631e+02 -6.651937595599333690e+02 3.000764878096902066e+01 0.000000000000000000e+00 0.000000000000000000e+00 2.670108026885031904e-02 4.081018298215911659e-03 4.081018298215911659e-03 2.885904813419541692e-03
6.822500232845749224e+02 -6.649643974169730427e+02 3.000433387235417371e+01 0.000000000000000000e+00 0.000000000000000000e+00 2.637549749906042962e-02 4.081018298215911659e-03 4.081018298215911659e-03 2.885904760357726334e-03
6.822321963845789696e+02 -6.649525930643145557e+02 3.000384738681677987e+01 0.000000000000000000e+00 0.000000000000000000e+00 3.207745889551105734e-02 4.081018298215911659e-03 4.081018298215911659e-03 2.885904751947185407e-03
8.987401477902297984e+02 -8.714921989707844432e+02 3.792672358854542836e+01 0.000000000000000000e+00 0.000000000000000000e+00 2.973876506769812522e-02 4.081018298215911659e-03 4.081018298215911659e-03 2.886040056730260553e-03
8.987023050019718085e+02 -8.715789209088612779e+02 3.792755533118948108e+01 0.000000000000000000e+00 0.000000000000000000e+00 3.238595959608403518e-02 4.081018298215911659e-03 4.081018298215911659e-03 2.886040068381518636e-03
8.987492860520424074e+02 -8.715425305123098951e+02 3.792791722535180554e+01 0.000000000000000000e+00 0.000000000000000000e+00 2.794573191832938619e-02 4.081018298215911659e-03 4.081018298215911659e-03 2.886040076220352385e-03
8.884579333685521760e+02 -5.402276192327552735e+02 3.243919378220390115e+01 0.000000000000000000e+00 0.000000000000000000e+00 1.841496731621816707e-03 4.081018298215911659e-03 4.081018298215911659e-03 2.885952255932194930e-03
5.112563338078701918e+02 -2.280115691348111113e+02 2.298907034328102839e+01 0.000000000000000000e+00 0.000000000000000000e+00 -6.105133162279230419e-03 4.081018298215911659e-03 4.081018298215911659e-03 2.885786746215052417e-03
5.081972296603916561e+02 -2.273036596090553871e+02 2.294551956102473156e+01 0.000000000000000000e+00 0.000000000000000000e+00 2.569498685843996100e-03 4.081018298215911659e-03 4.081018298215911659e-03 2.885785957616935488e-03
5.082172523674719855e+02 -2.272075359709789382e+02 2.294528474905701998e+01 0.000000000000000000e+00 0.000000000000000000e+00 -3.930959504529596416e-03 4.081018298215911659e-03 4.081018298215911659e-03 2.885785954505595743e-03
5.201481883832508402e+02 1.726437143493016890e+02 2.288313474195667752e+01 0.000000000000000000e+00 0.000000000000000000e+00 1.068600647783668478e-02 4.081018298215911659e-03 4.081018298215911659e-03 2.885786789975152995e-03
5.201069290036260782e+02 1.727411832783701868e+02 2.288297981072960141e+01 0.000000000000000000e+00 0.000000000000000000e+00 1.118611282630510573e-02 4.081018298215911659e-03 4.081018298215911659e-03 2.885786786699318963e-03
5.202145197895189312e+02 1.727664273306230882e+02 2.288452703397688026e+01 0.000000000000000000e+00 0.000000000000000000e+00 1.681495958341372443e-02 4.081018298215911659e-03 4.081018298215911659e-03 2.885786815595854735e-03
6.790910178941804816e+02 5.659348801435037757e+01 2.501958189838751423e+01 0.000000000000000000e+00 0.000000000000000000e+00 -1.834926061444974721e-03 4.081018298215911659e-03 4.081018298215911659e-03 2.885826678010698556e-03
6.790941507640868622e+02 5.651026356931440375e+01 2.501951715815478039e+01 0.000000000000000000e+00 0.000000000000000000e+00 -2.684993370795751844e-03 4.081018298215911659e-03 4.081018298215911659e-03 2.885826676463016435e-03
6.790696911494123924e+02 5.660572471889657464e+01 2.501922639569167117e+01 0.000000000000000000e+00 0.000000000000000000e+00 -1.263870673923506160e-02 4.081018298215911659e-03 4.081018298215911659e-03 2.885826671438862599e-03
8.711547040438400700e+02 -1.597022971780816363e+02 2.907167776380767776e+01 0.000000000000000000e+00 0.000000000000000000e+00 -1.471043559388007793e-02 4.081018298215911659e-03 4.081018298215911659e-03 2.885899483892944307e-03
8.711329317516971287e+02 -1.597094077138509078e+02 2.907121523840825006e+01 0.000000000000000000e+00 0.000000000000000000e+00 -1.295185144692823087e-02 4.081018298215911659e-03 4.081018298215911659e-03 2.885899475248977688e-03
8.712230677891501500e+02 -1.597336529681170703e+02 2.907331721576541028e+01 0.000000000000000000e+00 0.000000000000000000e+00 1.859553487147280748e-03 4.081018298215911659e-03 4.081018298215911659e-03 2.885899513601358855e-03
8.792755913094107427e+02 1.818847628122225046e+02 2.941550528806868670e+01 0.000000000000000000e+00 0.000000000000000000e+00 6.398356201614774363e-03 4.081018298215911659e-03 4.081018298215911659e-03 2.885909417771164321e-03
8.792692368637983691e+02 1.819049132743043344e+02 2.941545044683913090e+01 0.000000000000000000e+00 0.000000000000000000e+00 1.290141941939282333e-02 4.081018298215911659e-03 4.081018298215911659e-03 2.885909416803752407e-03
8.793225787099183890e+02 1.819188773274057667e+02 2.941672635579021033e+01 0.000000000000000000e+00 0.000000000000000000e+00 6.915510405633540358e-03 4.081018298215911659e-03 4.081018298215911659e-03 2.885909440843833964e-03
5.353192663650157783e+02 4.954456235456925697e+02 2.564017543527438647e+01 0.000000000000000000e+00 0.000000000000000000e+00 3.278856624671533382e-02 4.081018298215911659e-03 4.081018298215911659e-03 2.885835255742423989e-03
5.353392852701227866e+02 4.958632366390964989e+02 2.564535792921141422e+01 0.000000000000000000e+00 0.000000000000000000e+00 1.801843679941939058e-02 4.081018298215911659e-03 4.081018298215911659e-03 2.885835346374049457e-03
5.354300009239235578e+02 4.959885151278795092e+02 2.564809286855781423e+01 0.000000000000000000e+00 0.000000000000000000e+00 8.168783982917204867e-03 4.081018298215911659e-03 4.081018298215911659e-03 2.885835396163520181e-03
5.082884625084977301e+02 8.917469173229555963e+02 3.182229182856055871e+01 0.000000000000000000e+00 0.000000000000000000e+00 3.131236156064076681e-02 4.081018298215911659e-03 4.081018298215911659e-03 2.885942147869501647e-03
5.082962743271983186e+02 8.917772864580954320e+02 3.182304530342345572e+01 0.000000000000000000e+00 0.000000000000000000e+00 3.435162727778617864e-02 4.081018298215911659e-03 4.081018298215911659e-03 2.885942161260676535e-03
5.082261225598395527e+02 8.916978391972947975e+02 3.182041003740406993e+01 0.000000000000000000e+00 0.000000000000000000e+00 3.980156882429852772e-02 4.081018298215911659e-03 4.081018298215911659e-03 2.885942113132667144e-03
6.890373846270310878e+02 7.223020774115514087e+02 3.138637214588056068e+01 0.000000000000000000e+00 0.000000000000000000e+00 5.912213756772644047e-03 4.081018298215911659e-03 4.081018298215911659e-03 2.885940363628106391e-03
6.889886255541757691e+02 7.224004101735396262e+02 3.138719257758017278e+01 0.000000000000000000e+00 0.000000000000000000e+00 -3.920105677284624335e-03 4.081018298215911659e-03 4.081018298215911659e-03 2.885940376472407101e-03
6.890289728877841071e+02 7.223428958130700721e+02 3.138692611609313587e+01 0.000000000000000000e+00 0.000000000000000000e+00 1.437427975528038360e-03 4.081018298215911659e-03 4.081018298215911659e-03 2.885940373118656664e-03
8.715933828229731262e+02 5.449859512213502057e+02 3.241837449906177682e+01 0.000000000000000000e+00 0.000000000000000000e+00 -5.777910514645157036e-03 4.081018298215911659e-03 4.081018298215911659e-03 2.885964553191202892e-03
8.715974017328094305e+02 5.448364084848736866e+02 3.241650909659833246e+01 0.000000000000000000e+00 0.000000000000000000e+00 6.743988858758598326e-03 4.081018298215911659e-03 4.081018298215911659e-03 2.885964519613977257e-03
8.716630867056127272e+02 5.448334948742648294e+02 3.241796548380980880e+01 0.000000000000000000e+00 0.000000000000000000e+00 -6.850602104364611478e-03 4.081018298215911659e-03 4.081018298215911659e-03 2.885964547720180819e-03
8.757433246707748822e+02 8.890665332622264714e+02 3.845719645972906164e+01 0.000000000000000000e+00 0.000000000000000000e+00 5.469309718023396272e-03 4.081018298215911659e-03 4.081018298215911659e-03 2.886073249037592481e-03
8.756958002391080527e+02 8.890812255043397272e+02 3.845641566467749328e+01 0.000000000000000000e+00 0.000000000000000000e+00 5.522330634576633202e-03 4.081018298215911659e-03 4.081018298215911659e-03 2.886073233033511175e-03
8.757179986186555425e+02 8.890078542880271470e+02 3.845535047527017980e+01 0.000000000000000000e+00 0.000000000000000000e+00 8.517667320042221490e-03 4.081018298215911659e-03 4.081018298215911659e-03 2.886073214837127972e-03
5.354833607475634381e+02 1.194263996109321852e+03 3.980611766041081268e+01 0.000000000000000000e+00 0.000000000000000000e+00 -4.382577909137097549e-02 4.081018298215911659e-03 4.081018298215911659e-03 2.886083197939792386e-03
5.354679370517037569e+02 1.194345479232567413e+03 3.980825875625677668e+01 0.000000000000000000e+00 0.000000000000000000e+00 -3.436746092616971282e-02 4.081018298215911659e-03 4.081018298215911659e-03 2.886083235156580197e-03
5.354838254667849924e+02 1.194489893698732658e+03 3.981266792925872267e+01 0.000000000000000000e+00 0.000000000000000000e+00 -4.601882170380378057e-02 4.081018298215911659e-03 4.081018298215911659e-03 2.886083313530481316e-03
5.049673243974834804e+02 1.588650044320806956e+03 5.279994975702686588e+01 0.000000000000000000e+00 0.000000000000000000e+00 2.019188839371111044e-02 4.081018298215911659e-03 4.081018298215911659e-03 2.886312788662605960e-03
5.049393545001964867e+02 1.588749573760998373e+03 5.280346576651640333e+01 0.000000000000000000e+00 0.000000000000000000e+00 1.803267794353757836e-02 4.081018298215911659e-03 4.081018298215911659e-03 2.886312850357550686e-03
5.049631829807541408e+02 1.588843147686435714e+03 5.280745162539149362e+01 0.000000000000000000e+00 0.000000000000000000e+00 1.290686063211410328e-02 4.081018298215911659e-03 4.081018298215911659e-03 2.886312922565401930e-03
6.887353897149672548e+02 1.490020407780245932e+03 5.200590337192652157e+01 0.000000000000000000e+00 0.000000000000000000e+00 3.363141671806602062e-02 4.081018298215911659e-03 4.081018298215911659e-03 2.886307079174622869e-03
6.887083547352863206e+02 1.490071827076032150e+03 5.200728897464085776e+01 0.000000000000000000e+00 0.000000000000000000e+00 3.436239268531693369e-02 4.081018298215911659e-03 4.081018298215911659e-03 2.886307102668949579e-03
6.887413067393638357e+02 1.490049159442078690e+03 5.200706646328568183e+01 0.000000000000000000e+00 0.000000000000000000e+00 3.806293947616978812e-02 4.081018298215911659e-03 4.081018298215911659e-03 2.886307100359864798e-03
9.076301363442364618e+02 1.250879678328322370e+03 4.863246159661682100e+01 0.000000000000000000e+00 0.000000000000000000e+00 4.391428257481777564e-02 4.081018298215911659e-03 4.081018298215911659e-03 2.886258097498246075e-03
9.077028960630929078e+02 1.250849251206777353e+03 4.863328936615264553e+01 0.000000000000000000e+00 0.000000000000000000e+00 4.286650290875826386e-02 4.081018298215911659e-03 4.081018298215911659e-03 2.886258116447026553e-03
9.076889697495402061e+02 1.250860370932982505e+03 4.863329312372155755e+01 0.000000000000000000e+00 0.000000000000000000e+00 4.219854135850908960e-02 4.081018298215911659e-03 4.081018298215911659e-03 2.886258115753701382e-03
8.913239078469507604e+02 1.586810965648146521e+03 5.998330286993126492e+01 0.000000000000000000e+00 0.000000000000000000e+00 4.029397777235033118e-02 4.081018298215911659e-03 4.081018298215911659e-03 2.886463151358879559e-03
8.913368840260839079e+02 1.586888924729514883e+03 5.998668065298664231e+01 0.000000000000000000e+00 0.000000000000000000e+00 4.244651888491546288e-02 4.081018298215911659e-03 4.081018298215911659e-03 2.886463213743735087e-03
8.913337289117159798e+02 1.586980083456059447e+03 5.999019057578052383e+01 0.000000000000000000e+00 0.000000000000000000e+00 3.299154169078377663e-02 4.081018298215911659e-03 4.081018298215911659e-03 2.886463277488929974e-03
5.571987470146882515e+02 1.928739240333750331e+03 6.839979184678637125e+01 0.000000000000000000e+00 0.000000000000000000e+00 4.740173599017794004e-03 4.081018298215911659e-03 4.081018298215911659e-03 2.886596158705913382e-03
5.571578874929849690e+02 1.928872273434720455e+03 6.840559068183614500e+01 0.000000000000000000e+00 0.000000000000000000e+00 1.340448318600806488e-03 4.081018298215911659e-03 4.081018298215911659e-03 2.886596261831690397e-03
5.569904453846256729e+02 1.928943940595511776e+03 6.840651212432206307e+01 0.000000000000000000e+00 0.000000000000000000e+00 7.560229476425206485e-03 4.081018298215911659e-03 4.081018298215911659e-03 2.886596269995093077e-03
5.226061652307104168e+02 2.303221141680760411e+03 8.787257791319916578e+01 0.000000000000000000e+00 0.000000000000000000e+00 -8.459214529537462113e-03 4.081018298215911659e-03 4.081018298215911659e-03 2.886950195351478156e-03
5.227116229671811425e+02 2.303436238919369316e+03 8.788669051413558009e+01 0.000000000000000000e+00 0.000000000000000000e+00 -7.876574052829710126e-03 4.081018298215911659e-03 4.081018298215911659e-03 2.886950460904394618e-03
5.226110967936317593e+02 2.303351522005669722e+03 8.788028245211584988e+01 0.000000000000000000e+00 0.000000000000000000e+00 1.598934937391049971e-03 4.081018298215911659e-03 4.081018298215911659e-03 2.886950337408570808e-03
7.043536973155927399e+02 2.198532860947197605e+03 8.495866541803546568e+01 0.000000000000000000e+00 0.000000000000000000e+00 1.920478161746075330e-02 4.081018298215911659e-03 4.081018298215911659e-03 2.886907971298613776e-03
7.043855244397032038e+02 2.198483604917264074e+03 8.495653604409781678e+01 0.000000000000000000e+00 0.000000000000000000e+00 2.851132636749298399e-02 4.081018298215911659e-03 4.081018298215911659e-03 2.886907934261945773e-03
7.043794099943594347e+02 2.198489530578958238e+03 8.495674797683710722e+01 0.000000000000000000e+00 0.000000000000000000e+00 2.273559803661839851e-02 4.081018298215911659e-03 4.081018298215911659e-03 2.886907937741862648e-03
9.044648094056182117e+02 1.962286792618567233e+03 7.694978648417533407e+01 0.000000000000000000e+00 0.000000000000000000e+00 1.337247915355987971e-02 4.081018298215911659e-03 4.081018298215911659e-03 2.886775219315167867e-03
9.044912164510419643e+02 1.962280955448717805e+03 7.695014979422683155e+01 0.000000000000000000e+00 0.000000000000000000e+00 1.202955680363970714e-02 4.081018298215911659e-03 4.081018298215911659e-03 2.886775228083625182e-03
9.044679483634879489e+02 1.962379296463558831e+03 7.695443332105179479e+01 0.000000000000000000e+00 0.000000000000000000e+00 -8.409839896998505537e-03 4.081018298215911659e-03 4.081018298215911659e-03 2.886775305308808895e-03
9.018577343212642745e+02 2.311067871523460326e+03 9.578673270982220345e+01 0.000000000000000000e+00 0.000000000000000000e+00 1.571941569343948686e-02 4.081018298215911659e-03 4.081018298215911659e-03 2.887124779981588892e-03
9.018307968378783244e+02 2.311049018690215235e+03 9.578494844385802764e+01 0.000000000000000000e+00 0.000000000000000000e+00 2.344684798642049373e-02 4.081018298215911659e-03 4.081018298215911659e-03 2.887124744216398170e-03
9.018314106348329915e+02 2.311150746378476470e+03 9.579097002918337012e+01 0.000000000000000000e+00 0.000000000000000000e+00 1.628493452312795853e-02 4.081018298215911659e-03 4.081018298215911659e-03 2.887124856765108105e-03
5.273166105209095349e+02 2.625563252429626118e+03 1.082846319523384437e+02 0.000000000000000000e+00 0.000000000000000000e+00 -3.747843320701349512e-02 4.081018298215911659e-03 4.081018298215911659e-03 2.887328751231733708e-03
5.273171668114973727e+02 2.625578712186455959e+03 1.082856871019131546e+02 0.000000000000000000e+00 0.000000000000000000e+00 -3.230647910807249445e-02 4.081018298215911659e-03 4.081018298215911659e-03 2.887328770952440546e-03
5.273230207953350828e+02 2.625665470830614595e+03 1.082916488128972077e+02 0.000000000000000000e+00 0.000000000000000000e+00 -3.472964327353622593e-02 4.081018298215911659e-03 4.081018298215911659e-03 2.887328882546693481e-03
5.140370473213521336e+02 3.018165987432126258e+03 1.369293818444878355e+02 0.000000000000000000e+00 0.000000000000000000e+00 -9.151868607943924872e-04 4.081018298215911659e-03 4.081018298215911659e-03 2.887866857209677156e-03
5.140147779347631740e+02 3.018264616152677718e+03 1.369368750755492954e+02 0.000000000000000000e+00 0.000000000000000000e+00 -7.272833259492017532e-03 4.081018298215911659e-03 4.081018298215911659e-03 2.887866997796876591e-03
5.140269085684244601e+02 3.018216600822601322e+03 1.369332458869012044e+02 0.000000000000000000e+00 0.000000000000000000e+00 2.679833428061328959e-03 4.081018298215911659e-03 4.081018298215911659e-03 2.887866929800336335e-03
6.917254003886540659e+02 2.910325981470897659e+03 1.315782158931928052e+02 0.000000000000000000e+00 0.000000000000000000e+00 -3.126951358541418813e-02 4.081018298215911659e-03 4.081018298215911659e-03 2.887779524488230231e-03
6.916071392061295455e+02 2.910398229368307057e+03 1.315814098122029066e+02 0.000000000000000000e+00 0.000000000000000000e+00 -2.915529622339363414e-02 4.081018298215911659e-03 4.081018298215911659e-03 2.887779574542805733e-03
6.916357257328003243e+02 2.910292695559183358e+03 1.315739296776951051e+02 0.000000000000000000e+00 0.000000000000000000e+00 -1.892233272005228173e-02 4.081018298215911659e-03 4.081018298215911659e-03 2.887779435155777771e-03
8.968823217376807406e+02 2.681382962462335399e+03 1.194744515698138088e+02 0.000000000000000000e+00 0.000000000000000000e+00 1.256317950932839267e-02 4.081018298215911659e-03 4.081018298215911659e-03 2.887569982973501193e-03
8.968464918025830457e+02 2.681504850704013279e+03 1.194820377328366590e+02 0.000000000000000000e+00 0.000000000000000000e+00 2.350202710474036394e-03 4.081018298215911659e-03 4.081018298215911659e-03 2.887570122973728750e-03
8.967221575104126714e+02 2.681354915236397119e+03 1.194684749031366096e+02 0.000000000000000000e+00 0.000000000000000000e+00 9.087401198172528893e-03 4.081018298215911659e-03 4.081018298215911659e-03 2.887569853138917571e-03
8.867519043639132406e+02 3.007887404949938627e+03 1.435156310861622160e+02 0.000000000000000000e+00 0.000000000000000000e+00 -3.880307856837816871e-02 4.081018298215911659e-03 4.081018298215911659e-03 2.888027273896632847e-03
8.867610320950818732e+02 3.007876398091731517e+03 1.435149884658879387e+02 0.000000000000000000e+00 0.000000000000000000e+00 -4.154255811837970214e-02 4.081018298215911659e-03 4.081018298215911659e-03 2.888027262621873509e-03
8.867421876307146249e+02 3.008072400349748023e+03 1.435300479932942039e+02 0.000000000000000000e+00 0.000000000000000000e+00 -4.155966585528858559e-02 4.081018298215911659e-03 4.081018298215911659e-03 2.888027549394719864e-03
-2.006321514103902359e+02 3.016750549816953935e+03 1.336465994875532033e+02 0.000000000000000000e+00 0.000000000000000000e+00 -5.372609717710474797e-02 4.081018298215909924e-03 4.081018298215910792e-03 2.887789403719339624e-03
-3.235063159689945511e+00 2.916165683205886580e+03 1.252751692475422658e+02 0.000000000000000000e+00 0.000000000000000000e+00 -1.676971203930577303e-02 4.081018298215909924e-03 4.081018298215910792e-03 2.887629115396546983e-03
-3.239276438692386240e+00 2.916241949882213703e+03 1.252809714505651471e+02 0.000000000000000000e+00 0.000000000000000000e+00 -2.797958724075044756e-02 4.081018298215909924e-03 4.081018298215910792e-03 2.887629224297466515e-03
-3.251489170397091399e+00 2.916248016570407799e+03 1.252814340847679944e+02 0.000000000000000000e+00 0.000000000000000000e+00 -2.752549956220207150e-02 4.081018298215909924e-03 4.081018298215910792e-03 2.887629232985779604e-03
1.594388952883371076e+02 3.014388759942115939e+03 1.332500459670843895e+02 0.000000000000000000e+00 0.000000000000000000e+00 -4.065539439807253075e-02 4.081018298215909924e-03 4.081018298215910792e-03 2.887780898000638207e-03
1.593278570158299772e+02 3.014345329415820743e+03 1.332461137693736646e+02 0.000000000000000000e+00 0.000000000000000000e+00 -3.267421120742142193e-02 4.081018298215909924e-03 4.081018298215910792e-03 2.887780821385146045e-03
1.594564359633140498e+02 3.014372086712196960e+03 1.332488077372372004e+02 0.000000000000000000e+00 0.000000000000000000e+00 -4.216711840959419533e-02 4.081018298215909924e-03 4.081018298215910792e-03 2.887780875030569218e-03
1.628532966659278145e+02 2.649336723945245922e+03 1.063932662245657070e+02 0.000000000000000000e+00 0.000000000000000000e+00 1.056858859629983272e-02 4.081018298215909924e-03 4.081018298215910792e-03 2.887278386148550268e-03
1.627575333103106914e+02 2.649193696690835623e+03 1.063830667147829274e+02 0.000000000000000000e+00 0.000000000000000000e+00 2.178502079028987737e-02 4.081018298215909924e-03 4.081018298215910792e-03 2.887278194955040025e-03
1.627951807279167724e+02 2.649243148261246006e+03 1.063866136917196457e+02 0.000000000000000000e+00 0.000000000000000000e+00 1.769873681833189494e-02 4.081018298215909924e-03 4.081018298215910792e-03 2.887278261530722059e-03
-1.827977722065782018e+02 2.671243048253187226e+03 1.079920501579208008e+02 0.000000000000000000e+00 0.000000000000000000e+00 1.822780347490038366e-02 4.081018298215909924e-03 4.081018298215910792e-03 2.887308497319904330e-03
-1.826955605795594693e+02 2.671261512289312122e+03 1.079928011506880381e+02 0.000000000000000000e+00 0.000000000000000000e+00 8.781774311231060892e-03 4.081018298215909924e-03 4.081018298215910792e-03 2.887308508970414314e-03
-1.827212902232930674e+02 2.671275317542133052e+03 1.079938837260203286e+02 0.000000000000000000e+00 0.000000000000000000e+00 1.424271586964209746e-02 4.081018298215909924e-03 4.081018298215910792e-03 2.887308529663685196e-03
-1.890173724799296906e+02 2.352123269663519295e+03 8.749426045935101115e+01 0.000000000000000000e+00 0.000000000000000000e+00 2.331720809733894839e-02 4.081018298215909924e-03 4.081018298215910792e-03 2.886930393537599435e-03
-1.891586913413385105e+02 2.352147845452714591e+03 8.749646697002020801e+01 0.000000000000000000e+00 0.000000000000000000e+00 3.344034461410672066e-02 4.081018298215909924e-03 4.081018298215910792e-03 2.886930436917925242e-03
-1.889937952812175581e+02 2.352057362755858321e+03 8.749019650328772002e+01 0.000000000000000000e+00 0.000000000000000000e+00 2.956391616785936094e-02 4.081018298215909924e-03 4.081018298215910792e-03 2.886930318590054303e-03
1.834254288717687587e+02 2.349710474695966695e+03 8.732134663951839570e+01 0.000000000000000000e+00 0.000000000000000000e+00 -3.362611054149056145e-02 4.081018298215909924e-03 4.081018298215910792e-03 2.886927110749423590e-03
1.834322442318165827e+02 2.349526578013289964e+03 8.731039754398149455e+01 0.000000000000000000e+00 0.000000000000000000e+00 -1.647602427235028699e-02 4.081018298215909924e-03 4.081018298215910792e-03 2.886926910325201233e-03
1.835345986976971631e+02 2.349458742783892376e+03 8.730686405293783992e+01 0.000000000000000000e+00 0.000000000000000000e+00 -2.574459807081552754e-02 4.081018298215909924e-03 4.081018298215910792e-03 2.886926847675613892e-03
1.594891847446883837e+01 2.203690269976498712e+03 7.844046615710141168e+01 0.000000000000000000e+00 0.000000000000000000e+00 -1.423679128033938923e-02 4.081018298215909924e-03 4.081018298215910792e-03 2.886763219506858092e-03
1.602715686353216284e+01 2.203702185796887534e+03 7.844116334809211821e+01 0.000000000000000000e+00 0.000000000000000000e+00 -3.706337007938032002e-02 4.081018298215909924e-03 4.081018298215910792e-03 2.886763232316159888e-03
1.590436301236382555e+01 2.203644497221995607e+03 7.843790034831809521e+01 0.000000000000000000e+00 0.000000000000000000e+00 -2.153184903175997533e-02 4.081018298215909924e-03 4.081018298215910792e-03 2.886763172776659822e-03
-1.983119109193248164e+02 1.962534903204514876e+03 6.635737638304499342e+01 0.000000000000000000e+00 0.000000000000000000e+00 2.003041969010155299e-02 4.081018298215909924e-03 4.081018298215910792e-03 2.886546481777085057e-03
-1.982707481879724583e+02 1.962756046820175470e+03 6.636799715183153126e+01 0.000000000000000000e+00 0.000000000000000000e+00 1.373494168490196898e-03 4.081018298215909924e-03 4.081018298215910792e-03 2.886546672322457506e-03
-1.981796299085805799e+02 1.962737999755513101e+03 6.636662116985746707e+01 0.000000000000000000e+00 0.000000000000000000e+00 -1.106542331288551395e-02 4.081018298215909924e-03 4.081018298215910792e-03 2.886546645792938473e-03
1.897958405816042955e+02 1.956281665713338498e+03 6.600640841763822664e+01 0.000000000000000000e+00 0.000000000000000000e+00 3.549071651649171599e-02 4.081018298215909924e-03 4.081018298215910792e-03 2.886540001170394450e-03
1.897327788583169195e+02 1.956169552316447607e+03 6.600060592967383855e+01 0.000000000000000000e+00 0.000000000000000000e+00 6.206595354564115041e-02 4.081018298215909924e-03 4.081018298215910792e-03 2.886539895527430455e-03
1.896836961197360552e+02 1.956098540939436361e+03 6.599688380460338522e+01 0.000000000000000000e+00 0.000000000000000000e+00 6.085937528978035971e-02 4.081018298215909924e-03 4.081018298215910792e-03 2.886539827603596363e-03
1.743174881971514765e+02 1.633474182090421436e+03 5.156057204507330027e+01 0.000000000000000000e+00 0.000000000000000000e+00 -3.955518748466602119e-02 4.081018298215909924e-03 4.081018298215910792e-03 2.886281358048678469e-03
1.744051183511217573e+02 1.633416863830468628e+03 5.155867767806399371e+01 0.000000000000000000e+00 0.000000000000000000e+00 -4.534193626480487183e-02 4.081018298215909924e-03 4.081018298215910792e-03 2.886281325716098280e-03
1.742349517104173628e+02 1.633355437961470898e+03 5.155541021931954049e+01 0.000000000000000000e+00 0.000000000000000000e+00 -3.903575452658714084e-02 4.081018298215909924e-03 4.081018298215910792e-03 2.886281265151186253e-03
-1.889261881731997619e+02 1.648929569764240341e+03 5.225662746342747766e+01 0.000000000000000000e+00 0.000000000000000000e+00 -6.471432086833317499e-03 4.081018298215909924e-03 4.081018298215910792e-03 2.886293951891665596e-03
-1.889082737458757606e+02 1.648886660047817259e+03 5.225479322085057277e+01 0.000000000000000000e+00 0.000000000000000000e+00 -5.489714694029146358e-03 4.081018298215909924e-03 4.081018298215910792e-03 2.886293918999711244e-03
-1.889871059742564512e+02 1.649050122767124321e+03 5.226183480919623037e+01 0.000000000000000000e+00 0.000000000000000000e+00 -1.525349113923368805e-02 4.081018298215909924e-03 4.081018298215910792e-03 2.886294045434811481e-03
-2.635780639507652179e+00 1.489571826440453833e+03 4.563898097658636033e+01 0.000000000000000000e+00 0.000000000000000000e+00 1.600678826427781587e-03 4.081018298215909924e-03 4.081018298215910792e-03 2.886175301277812098e-03
-2.578599799281130256e+00 1.489642481208626350e+03 4.564155116689845215e+01 0.000000000000000000e+00 0.000000000000000000e+00 1.872739244667798175e-03 4.081018298215909924e-03 4.081018298215910792e-03 2.886175346580275702e-03
-2.610853707991849681e+00 1.489594625214226880e+03 4.563980984518830297e+01 0.000000000000000000e+00 0.000000000000000000e+00 -2.169035951602893419e-03 4.081018298215909924e-03 4.081018298215910792e-03 2.886175315886114947e-03
-1.871570839538998143e+02 1.241552273938566032e+03 3.786236281920249525e+01 0.000000000000000000e+00 0.000000000000000000e+00 1.131050517768272812e-02 4.081018298215909924e-03 4.081018298215910792e-03 2.886040142604415562e-03
-1.871365122659303779e+02 1.241666323219867763e+03 3.786568939608460482e+01 0.000000000000000000e+00 0.000000000000000000e+00 1.202666606221924894e-02 4.081018298215909924e-03 4.081018298215910792e-03 2.886040200456952993e-03
-1.866891256169380426e+02 1.241721036233444693e+03 3.786511532382444756e+01 0.000000000000000000e+00 0.000000000000000000e+00 -2.745848599870726048e-02 4.081018298215909924e-03 4.081018298215910792e-03 2.886040184247811759e-03
1.757087673773003758e+02 1.246440475322276370e+03 3.795449011725713717e+01 0.000000000000000000e+00 0.000000000000000000e+00 6.498342409152257915e-03 4.081018298215909924e-03 4.081018298215910792e-03 2.886041599048276476e-03
1.769232899322989851e+02 1.246492575564992649e+03 3.796174612232683643e+01 0.000000000000000000e+00 0.000000000000000000e+00 2.040427556558910283e-02 4.081018298215909924e-03 4.081018298215910792e-03 2.886041741720365896e-03
1.768292990795987976e+02 1.246643097189138871e+03 3.796584890416355051e+01 0.000000000000000000e+00 0.000000000000000000e+00 -1.879022907975524959e-02 4.081018298215909924e-03 4.081018298215910792e-03 2.886041812193717009e-03
1.926370417344372186e+02 9.371878304370778778e+02 2.990900643758855182e+01 0.000000000000000000e+00 0.000000000000000000e+00 2.481725452209460059e-02 4.081018298215909924e-03 4.081018298215910792e-03 2.885902006441471573e-03
1.924976691519583483e+02 9.371246579060706381e+02 2.990688491867958021e+01 0.000000000000000000e+00 0.000000000000000000e+00 3.522463222353522383e-02 4.081018298215909924e-03 4.081018298215910792e-03 2.885901968039626501e-03
1.925088923459707075e+02 9.370084538928643951e+02 2.990433748586496421e+01 0.000000000000000000e+00 0.000000000000000000e+00 4.122087298022591995e-02 4.081018298215909924e-03 4.081018298215910792e-03 2.885901924185548580e-03
-1.791938254028369215e+02 9.428141404656556688e+02 2.996978642526196523e+01 0.000000000000000000e+00 0.000000000000000000e+00 3.845606097533149637e-02 4.081018298215909924e-03 4.081018298215910792e-03 2.885902891762260041e-03
-1.792835233627453704e+02 9.430022608670116142e+02 2.997445203375095346e+01 0.000000000000000000e+00 0.000000000000000000e+00 1.820185412925567903e-02 4.081018298215909924e-03 4.081018298215910792e-03 2.885902973395873539e-03
-1.793415541855391098e+02 9.431981207283662343e+02 2.997914399577803835e+01 0.000000000000000000e+00 0.000000000000000000e+00 1.012266250931403988e-02 4.081018298215909924e-03 4.081018298215910792e-03 2.885903055111634866e-03
2.444661623375387194e+01 7.728511307049891457e+02 2.608133388553829235e+01 0.000000000000000000e+00 0.000000000000000000e+00 4.193062777697420529e-02 4.081018298215909924e-03 4.081018298215910792e-03 2.885834999112621077e-03
2.449991465760807685e+01 7.727739908200754826e+02 2.607995240953334459e+01 0.000000000000000000e+00 0.000000000000000000e+00 5.674844834300785124e-02 4.081018298215909924e-03 4.081018298215910792e-03 2.885834975536006458e-03
2.455349517012809812e+01 7.729871711722837517e+02 2.608389923922941733e+01 0.000000000000000000e+00 0.000000000000000000e+00 2.772696111226480298e-02 4.081018298215909924e-03 4.081018298215910792e-03 2.885835043208748868e-03
-1.699957750210099903e+02 5.330970129055235702e+02 2.274771204378446399e+01 0.000000000000000000e+00 0.000000000000000000e+00 1.182398035201259745e-02 4.081018298215909924e-03 4.081018298215910792e-03 2.885778933410488092e-03
-1.702010932343852119e+02 5.333779673020184191e+02 2.275214777190440785e+01 0.000000000000000000e+00 0.000000000000000000e+00 -4.376463063280766619e-03 4.081018298215909924e-03 4.081018298215910792e-03 2.885779010836851156e-03
-1.700537444892199801e+02 5.333420601964675143e+02 2.275104512879677543e+01 0.000000000000000000e+00 0.000000000000000000e+00 -6.341075275141605516e-03 4.081018298215909924e-03 4.081018298215910792e-03 2.885778990669396644e-03
1.968049110504241526e+02 5.385072586534605534e+02 2.294381645353960408e+01 0.000000000000000000e+00 0.000000000000000000e+00 -2.805663092408039461e-02 4.081018298215909924e-03 4.081018298215910792e-03 2.885782547040040367e-03
1.966950606779810755e+02 5.383615372293395467e+02 2.294140606256111781e+01 0.000000000000000000e+00 0.000000000000000000e+00 5.022470624176378351e-03 4.081018298215909924e-03 4.081018298215910792e-03 2.885782504781460051e-03
1.967521454568829427e+02 5.382177075245978131e+02 2.293987410446163722e+01 0.000000000000000000e+00 0.000000000000000000e+00 1.683148019992586342e-02 4.081018298215909924e-03 4.081018298215910792e-03 2.885782479320335523e-03
-2.011114499123382870e+02 2.371915862091934173e+02 2.022495392517591029e+01 0.000000000000000000e+00 0.000000000000000000e+00 -4.712522792732798393e-02 4.081018298215909924e-03 4.081018298215910792e-03 2.885736454517597027e-03
-2.012183891355084029e+02 2.371126369150972266e+02 2.022507223099198015e+01 0.000000000000000000e+00 0.000000000000000000e+00 -5.006981100500240700e-03 4.081018298215909924e-03 4.081018298215910792e-03 2.885736457561327659e-03
1.983811033809494120e+02 2.236780832442228188e+02 2.013824005292891783e+01 0.000000000000000000e+00 0.000000000000000000e+00 -1.246781082329206924e-02 4.081018298215909924e-03 4.081018298215910792e-03 2.885734961925770416e-03
1.984481706242673340e+02 2.234680228742219015e+02 2.013748802036034391e+01 0.000000000000000000e+00 0.000000000000000000e+00 -3.424963883388087993e-02 4.081018298215909924e-03 4.081018298215910792e-03 2.885734949852350028e-03
4.754461066891973076e+01 5.441998287479690077e+01 1.911328316648598147e+01 0.000000000000000000e+00 0.000000000000000000e+00 -1.593293952979024652e-03 4.081018298215909924e-03 4.081018298215910792e-03 2.885716823262558794e-03
4.757061038769703032e+01 5.423939720387409835e+01 1.911308781173233839e+01 0.000000000000000000e+00 0.000000000000000000e+00 4.112423586802904651e-02 4.081018298215909924e-03 4.081018298215910792e-03 2.885716820056003981e-03
4.747565335317128188e+01 5.434243513119015034e+01 1.911310136088067679e+01 0.000000000000000000e+00 0.000000000000000000e+00 -8.710597078039228336e-03 4.081018298215909924e-03 4.081018298215910792e-03 2.885716820067365553e-03
2.103901967377392452e+02 -1.676195416061999595e+02 1.993950271942476959e+01 0.000000000000000000e+00 0.000000000000000000e+00 -5.923387706125637919e-02 4.081018298215909924e-03 4.081018298215910792e-03 2.885731463101606862e-03
2.103074390030888026e+02 -1.678724118896979576e+02 1.994002925499874479e+01 0.000000000000000000e+00 0.000000000000000000e+00 1.655789713478128533e-02 4.081018298215909924e-03 4.081018298215910792e-03 2.885731470893351542e-03
2.102899011446888267e+02 -1.677147199074099433e+02 1.993932863644571185e+01 0.000000000000000000e+00 0.000000000000000000e+00 5.558026016203143627e-03 4.081018298215909924e-03 4.081018298215910792e-03 2.885731459206972681e-03
-1.813889229882120162e+02 -1.711824569190789305e+02 1.980800126899573499e+01 0.000000000000000000e+00 0.000000000000000000e+00 2.494192536774519908e-02 4.081018298215909924e-03 4.081018298215910792e-03 2.885729025328412616e-03
-1.813462268349213673e+02 -1.709735436423339081e+02 1.980698372380462402e+01 0.000000000000000000e+00 0.000000000000000000e+00 -1.656443022127973563e-02 4.081018298215909924e-03 4.081018298215910792e-03 2.885729008207006327e-03
-1.812630463738245794e+02 -1.711900690897568040e+02 1.980744727294364793e+01 0.000000000000000000e+00 0.000000000000000000e+00 1.518912883166834149e-02 4.081018298215909924e-03 4.081018298215910792e-03 2.885729015114345611e-03
-1.661222407327343262e+02 -4.884559865126096838e+02 2.212975823968427846e+01 0.000000000000000000e+00 0.000000000000000000e+00 -4.976076384602734493e-02 4.081018298215909924e-03 4.081018298215910792e-03 2.885767068375037422e-03
-1.661901673089710698e+02 -4.884732781731960358e+02 2.213023760454605693e+01 0.000000000000000000e+00 0.000000000000000000e+00 -2.916414370584874405e-03 4.081018298215909924e-03 4.081018298215910792e-03 2.885767076710508191e-03
-1.660695175740476088e+02 -4.884352267446469114e+02 2.212930467109553945e+01 0.000000000000000000e+00 0.000000000000000000e+00 -2.604247792747216295e-02 4.081018298215909924e-03 4.081018298215910792e-03 2.885767060568972600e-03
2.084199488800919084e+02 -4.845912871677955991e+02 2.228849214119505717e+01 0.000000000000000000e+00 0.000000000000000000e+00 -3.503885568686726515e-02 4.081018298215909924e-03 4.081018298215910792e-03 2.885770005371561878e-03
2.093457651607883463e+02 -4.845005480966168534e+02 2.229241206325296432e+01 0.000000000000000000e+00 0.000000000000000000e+00 -1.545483526787450046e-02 4.081018298215909924e-03 4.081018298215910792e-03 2.885770077826915660e-03
2.104691163041341611e+02 -4.844117514967848592e+02 2.229743273984648511e+01 0.000000000000000000e+00 0.000000000000000000e+00 -3.386469568173566813e-02 4.081018298215909924e-03 4.081018298215910792e-03 2.885770170123529588e-03
1.752665716713727306e+01 -6.469755376083686542e+02 2.382768910704590937e+01 0.000000000000000000e+00 0.000000000000000000e+00 2.673065354503734170e-03 4.081018298215909924e-03 4.081018298215910792e-03 2.885794319729866400e-03
1.736279219205816915e+01 -6.468254659120594852e+02 2.382541456343817643e+01 0.000000000000000000e+00 0.000000000000000000e+00 -4.417864264951631981e-02 4.081018298215909924e-03 4.081018298215910792e-03 2.885794282406982034e-03
1.744408664597621694e+01 -6.470466748840880200e+02 2.382869644035709911e+01 0.000000000000000000e+00 0.000000000000000000e+00 -4.937925903227835533e-03 4.081018298215909924e-03 4.081018298215910792e-03 2.885794336151010359e-03
-1.437164438723893909e+02 -8.860082968986216656e+02 2.822911593037265732e+01 0.000000000000000000e+00 0.000000000000000000e+00 -2.601707657554541697e-02 4.081018298215909924e-03 4.081018298215910792e-03 2.885866496832510848e-03
-1.437383476595359184e+02 -8.860038995792714331e+02 2.822910771024889698e+01 0.000000000000000000e+00 0.000000000000000000e+00 3.478009443929508393e-02 4.081018298215909924e-03 4.081018298215910792e-03 2.885866496820158316e-03
-1.438347296992026259e+02 -8.860692595272325889e+02 2.823076493873103487e+01 0.000000000000000000e+00 0.000000000000000000e+00 1.488622107733661437e-02 4.081018298215909924e-03 4.081018298215910792e-03 2.885866524310231468e-03
2.001509072340223838e+02 -8.779078337886131749e+02 2.831353014403439516e+01 0.000000000000000000e+00 0.000000000000000000e+00 -3.958134102418853217e-02 4.081018298215909924e-03 4.081018298215910792e-03 2.885868245127765075e-03
2.006725891050763266e+02 -8.779314960108901005e+02 2.831664538993656777e+01 0.000000000000000000e+00 0.000000000000000000e+00 -1.188174054545854119e-02 4.081018298215909924e-03 4.081018298215910792e-03 2.885868299846577889e-03
-1.659401748045466434e+02 -1.202432732028722739e+03 3.574779412669386147e+01 0.000000000000000000e+00 0.000000000000000000e+00 -2.124764515718879920e-02 4.081018298215909924e-03 4.081018298215910792e-03 2.885988558582895571e-03
-1.659149751908137205e+02 -1.202471417618213309e+03 3.574873223956051049e+01 0.000000000000000000e+00 0.000000000000000000e+00 -4.804314356395877894e-02 4.081018298215909924e-03 4.081018298215910792e-03 2.885988573602536050e-03
-1.658860492024430187e+02 -1.202519764803057342e+03 3.574991546269691867e+01 0.000000000000000000e+00 0.000000000000000000e+00 -3.803492859349688615e-02 4.081018298215909924e-03 4.081018298215910792e-03 2.885988592564286189e-03
1.089874482635977948e+01 -1.351814339140818902e+03 3.967776726651456443e+01 0.000000000000000000e+00 0.000000000000000000e+00 -1.945735578608775995e-02 4.081018298215909924e-03 4.081018298215910792e-03 2.886051563562769956e-03
1.086202812001044826e+01 -1.351661727275465864e+03 3.967313798560121541e+01 0.000000000000000000e+00 0.000000000000000000e+00 -2.327218588925461518e-02 4.081018298215909924e-03 4.081018298215910792e-03 2.886051488796195080e-03
1.090810909225948677e+01 -1.351554244949228178e+03 3.966989770655749936e+01 0.000000000000000000e+00 0.000000000000000000e+00 -2.705332407280280904e-02 4.081018298215909924e-03 4.081018298215910792e-03 2.886051436492065737e-03
-1.535207791538797437e+02 -1.621922944120708053e+03 4.895262902409779571e+01 0.000000000000000000e+00 0.000000000000000000e+00 3.744074305628686261e-02 4.081018298215909924e-03 4.081018298215910792e-03 2.886201537298949821e-03
1.951768701853189327e+02 -1.645898985447103996e+03 5.001049807756002963e+01 0.000000000000000000e+00 0.000000000000000000e+00 -9.458254203508431601e-03 4.081018298215909924e-03 4.081018298215910792e-03 2.886218846267292210e-03
1.951243095715426534e+02 -1.645870777495852053e+03 5.000920283066278671e+01 0.000000000000000000e+00 0.000000000000000000e+00 2.300275327861811547e-03 4.081018298215909924e-03 4.081018298215910792e-03 2.886218825023409255e-03
1.954639967856876410e+02 -1.645873488199787062e+03 5.001097548311047802e+01 0.000000000000000000e+00 0.000000000000000000e+00 1.133426875537679734e-02 4.081018298215909924e-03 4.081018298215910792e-03 2.886218856085474502e-03
1.859805859861660338e+02 -1.242519253441120554e+03 3.693595366814233216e+01 0.000000000000000000e+00 0.000000000000000000e+00 -4.306181760050264984e-02 4.081018298215909924e-03 4.081018298215910792e-03 2.886007905902314864e-03
1.859740599455525967e+02 -1.242367157384709799e+03 3.693168579158844267e+01 0.000000000000000000e+00 0.000000000000000000e+00 -5.251755007772374029e-02 4.081018298215909924e-03 4.081018298215910792e-03 2.886007836856358845e-03
1.859493621235703813e+02 -1.242400292295816371e+03 3.693249292470961365e+01 0.000000000000000000e+00 0.000000000000000000e+00 -4.346064192829857120e-02 4.081018298215909924e-03 4.081018298215910792e-03 2.886007849733672644e-03
-1.559441290785485990e+02 -1.908351962214861260e+03 6.024239518451439324e+01 0.000000000000000000e+00 0.000000000000000000e+00 -1.322006269496256436e-02 4.081018298215909924e-03 4.081018298215910792e-03 2.886383196198392346e-03
-1.559546134383756453e+02 -1.908391600297532250e+03 6.024412319868582699e+01 0.000000000000000000e+00 0.000000000000000000e+00 9.741721265875469271e-03 4.081018298215909924e-03 4.081018298215910792e-03 2.886383224049760693e-03
-1.560218590545260895e+02 -1.908260507667989714e+03 6.023880956155668542e+01 0.000000000000000000e+00 0.000000000000000000e+00 -1.753886509774105207e-02 4.081018298215909924e-03 4.081018298215910792e-03 2.886383139019651003e-03
2.063447933565478252e+02 -1.907216566304547086e+03 6.042451298726933828e+01 0.000000000000000000e+00 0.000000000000000000e+00 1.490235308244081125e-02 4.081018298215909924e-03 4.081018298215910792e-03 2.886386485487617455e-03
2.064343584141541328e+02 -1.907322023366803705e+03 6.042946468778002611e+01 0.000000000000000000e+00 0.000000000000000000e+00 7.676437753588061241e-03 4.081018298215909924e-03 4.081018298215910792e-03 2.886386565849657828e-03
2.063570128317609829e+02 -1.907260471531480562e+03 6.042644390918546549e+01 0.000000000000000000e+00 0.000000000000000000e+00 2.877823505860277464e-02 4.081018298215909924e-03 4.081018298215910792e-03 2.886386516639670181e-03
2.562553816665766604e+01 -2.059187530591586437e+03 6.661503376887183947e+01 0.000000000000000000e+00 0.000000000000000000e+00 3.958238972307981385e-02 4.081018298215909924e-03 4.081018298215910792e-03 2.886485176402097189e-03
2.562642783782907685e+01 -2.059077520544495655e+03 6.660998419688726813e+01 0.000000000000000000e+00 0.000000000000000000e+00 2.092024056935315457e-02 4.081018298215909924e-03 4.081018298215910792e-03 2.886485095229859854e-03
2.562365540467378011e+01 -2.058944949924681623e+03 6.660389694239526648e+01 0.000000000000000000e+00 0.000000000000000000e+00 1.126126070485611308e-02 4.081018298215909924e-03 4.081018298215910792e-03 2.886484997372788016e-03
2.189841686933351070e+02 -2.287915202900571330e+03 7.829932376352721235e+01 0.000000000000000000e+00 0.000000000000000000e+00 -1.677591831183633531e-02 4.081018298215909924e-03 4.081018298215910792e-03 2.886674067030033531e-03
2.188874188254376918e+02 -2.287920722145493528e+03 7.829906921552662880e+01 0.000000000000000000e+00 0.000000000000000000e+00 2.510162338467125664e-03 4.081018298215909924e-03 4.081018298215910792e-03 2.886674062016644522e-03
2.189140680066643654e+02 -2.288048136667167455e+03 7.830572049317146366e+01 0.000000000000000000e+00 0.000000000000000000e+00 -7.899600532041972656e-03 4.081018298215909924e-03 4.081018298215910792e-03 2.886674169288948842e-03
-1.678409806935691222e+02 -2.303882506359911531e+03 7.886673635054216902e+01 0.000000000000000000e+00 0.000000000000000000e+00 -1.400677058896349081e-03 4.081018298215909924e-03 4.081018298215910792e-03 2.886682766804546298e-03
-1.679090199241824166e+02 -2.303859841777597467e+03 7.886586061042845586e+01 0.000000000000000000e+00 0.000000000000000000e+00 3.105514706301448768e-02 4.081018298215909924e-03 4.081018298215910792e-03 2.886682753212233693e-03
-1.679319905697645368e+02 -2.303867493913798626e+03 7.886635157297298804e+01 0.000000000000000000e+00 0.000000000000000000e+00 5.275564230984741698e-03 4.081018298215909924e-03 4.081018298215910792e-03 2.886682761278921636e-03
-1.740488901084319764e+02 -2.618308535235009458e+03 9.617649806964914205e+01 0.000000000000000000e+00 0.000000000000000000e+00 -1.698057132983876727e-04 4.081018298215909924e-03 4.081018298215910792e-03 2.886961607864892490e-03
2.012502605376899965e+02 -2.619924634442942988e+03 9.640095242465767456e+01 0.000000000000000000e+00 0.000000000000000000e+00 -1.691352824506964225e-02 4.081018298215909924e-03 4.081018298215910792e-03 2.886965474081066955e-03
2.013478154167827938e+02 -2.619956477546403676e+03 9.640331766004032943e+01 0.000000000000000000e+00 0.000000000000000000e+00 -2.964770986265818919e-02 4.081018298215909924e-03 4.081018298215910792e-03 2.886965513178603795e-03
2.012517550946436131e+02 -2.620064858391141570e+03 9.640917679679540697e+01 0.000000000000000000e+00 0.000000000000000000e+00 -9.766986052284210018e-05 4.081018298215909924e-03 4.081018298215910792e-03 2.886965606752506762e-03
2.422508030626678988e+01 -2.782993887840050775e+03 1.057540375358389753e+02 0.000000000000000000e+00 0.000000000000000000e+00 2.573720401204582231e-02 4.081018298215909924e-03 4.081018298215910792e-03 2.887115451678655409e-03
2.790394287391509209e+01 -2.782662835243846530e+03 1.057358401122550617e+02 0.000000000000000000e+00 0.000000000000000000e+00 6.142035656503708196e-02 4.081018298215909924e-03 4.081018298215910792e-03 2.887115162640468361e-03
2.798177328628557348e+01 -2.782541672247160022e+03 1.057283413919163593e+02 0.000000000000000000e+00 0.000000000000000000e+00 4.047925089352588657e-03 4.081018298215909924e-03 4.081018298215910792e-03 2.887115041623571337e-03
2.109745907810721519e+02 -3.004720055010560372e+03 1.207170761895132927e+02 0.000000000000000000e+00 0.000000000000000000e+00 -3.778698195347374167e-03 4.081018298215909924e-03 4.081018298215910792e-03 2.887358785476021490e-03
2.109952129390007372e+02 -3.004765991454802588e+03 1.207202914073255613e+02 0.000000000000000000e+00 0.000000000000000000e+00 4.861404467746410774e-03 4.081018298215909924e-03 4.081018298215910792e-03 2.887358837857398938e-03
2.109022124694153604e+02 -3.004789773071522632e+03 1.207213957658786967e+02 0.000000000000000000e+00 0.000000000000000000e+00 -2.791568771375807501e-02 4.081018298215909924e-03 4.081018298215910792e-03 2.887358854672580129e-03
-1.517108445746427492e+02 -3.053811014786414034e+03 1.237869511257437551e+02 0.000000000000000000e+00 0.000000000000000000e+00 2.808025244888767702e-02 4.081018298215909924e-03 4.081018298215910792e-03 2.887407976294148644e-03
-1.516707505444672393e+02 -3.053778405145884790e+03 1.237845541602719379e+02 0.000000000000000000e+00 0.000000000000000000e+00 3.502779870900951664e-02 4.081018298215909924e-03 4.081018298215910792e-03 2.887407937056715897e-03
-1.518775726388219027e+02 -3.053709222031632635e+03 1.237806045411158777e+02 0.000000000000000000e+00 0.000000000000000000e+00 -1.599406897631183710e-02 4.081018298215909924e-03 4.081018298215910792e-03 2.887407874757566984e-03
-5.132182939391134369e+02 -3.014954049615109398e+03 1.242156799670027851e+02 0.000000000000000000e+00 0.000000000000000000e+00 2.040679249959964636e-02 4.081018298215912526e-03 4.081018298215909924e-03 2.887421704806817768e-03
-5.132046264432170801e+02 -3.014944339593204404e+03 1.242148409909089253e+02 0.000000000000000000e+00 0.000000000000000000e+00 -3.097669220005627722e-02 4.081018298215912526e-03 4.081018298215909924e-03 2.887421690769074144e-03
-5.132169153539070976e+02 -3.015089186211805554e+03 1.242248336451445851e+02 0.000000000000000000e+00 0.000000000000000000e+00 -2.651875393706859541e-02 4.081018298215912526e-03 4.081018298215909924e-03 2.887421853664729008e-03
-6.738281185946989353e+02 -2.848182301762135012e+03 1.156643056215858536e+02 0.000000000000000000e+00 0.000000000000000000e+00 -1.740815238132142895e-02 4.081018298215912526e-03 4.081018298215909924e-03 2.887287766956425986e-03
-7.088719610971971861e+02 -2.825642238612316305e+03 1.148480777821472429e+02 0.000000000000000000e+00 0.000000000000000000e+00 2.086930592511748728e-02 4.081018298215912526e-03 4.081018298215909924e-03 2.887275749714979679e-03
-7.111248504032178062e+02 -2.825895350307937406e+03 1.149050908678605367e+02 0.000000000000000000e+00 0.000000000000000000e+00 3.023257859511829793e-02 4.081018298215912526e-03 4.081018298215909924e-03 2.887276759511025505e-03
-8.384431467909197409e+02 -3.014444093892013370e+03 1.298285139176344671e+02 0.000000000000000000e+00 0.000000000000000000e+00 -7.305216510900436333e-03 4.081018298215912526e-03 4.081018298215909924e-03 2.887525451107041206e-03
-8.379901257907322361e+02 -3.013938902839869570e+03 1.297844036458088794e+02 0.000000000000000000e+00 0.000000000000000000e+00 3.498560028799602151e-02 4.081018298215912526e-03 4.081018298215909924e-03 2.887524708492020947e-03
-8.380226898534796192e+02 -3.013911934411944458e+03 1.297832728498767381e+02 0.000000000000000000e+00 0.000000000000000000e+00 4.743277327185069225e-02 4.081018298215912526e-03 4.081018298215909924e-03 2.887524691495727252e-03
-8.642021565238038647e+02 -2.670193923061205169e+03 1.083847762582479533e+02 0.000000000000000000e+00 0.000000000000000000e+00 -2.938553651119946153e-02 4.081018298215912526e-03 4.081018298215909924e-03 2.887176734610873412e-03
-8.655190504937975220e+02 -2.669815590409282777e+03 1.083912357621449587e+02 0.000000000000000000e+00 0.000000000000000000e+00 5.345645088921457955e-02 4.081018298215912526e-03 4.081018298215909924e-03 2.887176895215906158e-03
-8.655836151243304357e+02 -2.669677757842455776e+03 1.083844093410752407e+02 0.000000000000000000e+00 0.000000000000000000e+00 -2.165735562671500247e-02 4.081018298215912526e-03 4.081018298215909924e-03 2.887176786866561037e-03
-5.143264317433998940e+02 -2.637981234295507875e+03 1.003140808054668014e+02 0.000000000000000000e+00 0.000000000000000000e+00 3.383681901522095359e-02 4.081018298215912526e-03 4.081018298215909924e-03 2.887034091969981238e-03
-5.143929619657890271e+02 -2.637606035875694943e+03 1.002927959796885062e+02 0.000000000000000000e+00 0.000000000000000000e+00 -1.996556738703247902e-02 4.081018298215912526e-03 4.081018298215909924e-03 2.887033749367914730e-03
-5.144022487467370865e+02 -2.637538350235545749e+03 1.002889209823744778e+02 0.000000000000000000e+00 0.000000000000000000e+00 -2.507005211613488882e-02 4.081018298215912526e-03 4.081018298215909924e-03 2.887033686925433856e-03
-5.268971034481789957e+02 -2.348474769176244081e+03 8.434315856468018069e+01 0.000000000000000000e+00 0.000000000000000000e+00 -6.240746878413006016e-02 4.081018298215912526e-03 4.081018298215909924e-03 2.886776456147863157e-03
-5.268159848570302302e+02 -2.348455985127122403e+03 8.434108909694751333e+01 0.000000000000000000e+00 0.000000000000000000e+00 -4.513403731408516251e-02 4.081018298215912526e-03 4.081018298215909924e-03 2.886776420878977255e-03
-6.549986947793554464e+02 -2.116827478555601829e+03 7.471774208295111919e+01 0.000000000000000000e+00 0.000000000000000000e+00 7.412652087097626463e-03 4.081018298215912526e-03 4.081018298215909924e-03 2.886624474648719161e-03
-6.549021097652583876e+02 -2.116691974438408579e+03 7.470973825359658349e+01 0.000000000000000000e+00 0.000000000000000000e+00 -2.587258385187851673e-02 4.081018298215912526e-03 4.081018298215909924e-03 2.886624342936310820e-03
-6.549087546449604815e+02 -2.116639549774134593e+03 7.470737220229339925e+01 0.000000000000000000e+00 0.000000000000000000e+00 -3.277010774795030557e-02 4.081018298215912526e-03 4.081018298215909924e-03 2.886624304964859750e-03
-8.453706462410717677e+02 -2.311245663036208953e+03 8.795640468265465017e+01 0.000000000000000000e+00 0.000000000000000000e+00 5.629229051976381015e-03 4.081018298215912526e-03 4.081018298215909924e-03 2.886844475742915504e-03
-8.456659218657454176e+02 -2.311003368110029896e+03 8.795023780686044290e+01 0.000000000000000000e+00 0.000000000000000000e+00 -2.162179017317100715e-02 4.081018298215912526e-03 4.081018298215909924e-03 2.886844386884836189e-03
-8.680811453610073158e+02 -1.965197159739019298e+03 7.192399644081066867e+01 0.000000000000000000e+00 0.000000000000000000e+00 -1.783243558264757667e-03 4.081018298215912526e-03 4.081018298215909924e-03 2.886586131267455686e-03
-8.691004922588612089e+02 -1.964980287964566060e+03 7.193694103250436456e+01 0.000000000000000000e+00 0.000000000000000000e+00 -1.354683433092418454e-03 4.081018298215912526e-03 4.081018298215909924e-03 2.886586376797333799e-03
-8.700160629170836728e+02 -1.965088660637118210e+03 7.196188979625586057e+01 0.000000000000000000e+00 0.000000000000000000e+00 -7.990534617917433025e-03 4.081018298215912526e-03 4.081018298215909924e-03 2.886586812442434955e-03
-5.441805874509313981e+02 -1.918312432911264295e+03 6.410042262073670827e+01 0.000000000000000000e+00 0.000000000000000000e+00 -2.142698519527641565e-02 4.081018298215912526e-03 4.081018298215909924e-03 2.886450685751784824e-03
-5.441485105158064925e+02 -1.918272606715295296e+03 6.409827707166225252e+01 0.000000000000000000e+00 0.000000000000000000e+00 -3.129355024654500994e-03 4.081018298215912526e-03 4.081018298215909924e-03 2.886450650504659293e-03
-5.443477354578212726e+02 -1.918167298804033862e+03 6.409651231362052215e+01 0.000000000000000000e+00 0.000000000000000000e+00 -5.570391844258892888e-03 4.081018298215912526e-03 4.081018298215909924e-03 2.886450626440893123e-03
-5.382340369198087728e+02 -1.613404584850355150e+03 5.200322344469064006e+01 0.000000000000000000e+00 0.000000000000000000e+00 -1.050634051301813088e-02 4.081018298215912526e-03 4.081018298215909924e-03 2.886255769410214257e-03
-5.381421458259097790e+02 -1.613341831405667790e+03 5.199971311953523667e+01 0.000000000000000000e+00 0.000000000000000000e+00 -2.372091567652034882e-02 4.081018298215912526e-03 4.081018298215909924e-03 2.886255710951026246e-03
-5.383403073820362579e+02 -1.613401658570842528e+03 5.200456298625883989e+01 0.000000000000000000e+00 0.000000000000000000e+00 -7.546015355494262167e-03 4.081018298215912526e-03 4.081018298215909924e-03 2.886255793207173018e-03
-6.761195595163731014e+02 -1.404434838105341669e+03 4.707228039378915696e+01 0.000000000000000000e+00 0.000000000000000000e+00 -2.521705951807717838e-02 4.081018298215912526e-03 4.081018298215909924e-03 2.886179609430352972e-03
-6.799081506859524779e+02 -1.405098593259484915e+03 4.715810636389144861e+01 0.000000000000000000e+00 0.000000000000000000e+00 -8.037597735352619566e-03 4.081018298215912526e-03 4.081018298215909924e-03 2.886181094128960952e-03
-6.819393226539012858e+02 -1.405563922286593424e+03 4.720771569871708095e+01 0.000000000000000000e+00 0.000000000000000000e+00 4.733129904428778900e-02 4.081018298215912526e-03 4.081018298215909924e-03 2.886181948297748302e-03
-5.211792532186598237e+02 -1.254590769712241354e+03 4.026749463344497570e+01 0.000000000000000000e+00 0.000000000000000000e+00 -1.824957404073757061e-02 4.081018298215912526e-03 4.081018298215909924e-03 2.886066249841148703e-03
-5.210745078274828757e+02 -1.254513407754164291e+03 4.026394013656779691e+01 0.000000000000000000e+00 0.000000000000000000e+00 -4.871193788812178127e-02 4.081018298215912526e-03 4.081018298215909924e-03 2.886066190350308498e-03
-8.457258998438151139e+02 -1.244302127687779603e+03 4.559436870222832283e+01 0.000000000000000000e+00 0.000000000000000000e+00 -2.401613989160722440e-02 4.081018298215912526e-03 4.081018298215909924e-03 2.886161074920718436e-03
-8.457041407536346469e+02 -1.244575061704582367e+03 4.560150617039739984e+01 0.000000000000000000e+00 0.000000000000000000e+00 5.142297017142993809e-02 4.081018298215912526e-03 4.081018298215909924e-03 2.886161188958917025e-03
-8.434589104057431541e+02 -1.243338316144702048e+03 4.551899480075188364e+01 0.000000000000000000e+00 0.000000000000000000e+00 1.635144896130213965e-02 4.081018298215912526e-03 4.081018298215909924e-03 2.886159781817355333e-03
-8.441285300676205452e+02 -9.226315332208878317e+02 3.774692504625615186e+01 0.000000000000000000e+00 0.000000000000000000e+00 3.412585281788693692e-02 4.081018298215912526e-03 4.081018298215909924e-03 2.886034919499531198e-03
-5.427425278983505450e+02 -9.061812672879149204e+02 3.210526138814756791e+01 0.000000000000000000e+00 0.000000000000000000e+00 -1.970254351945754934e-02 4.081018298215912526e-03 4.081018298215909924e-03 2.885934855709509483e-03
-5.428608664824079142e+02 -9.060100112208174323e+02 3.210339596493054870e+01 0.000000000000000000e+00 0.000000000000000000e+00 4.413392738456423103e-03 4.081018298215912526e-03 4.081018298215909924e-03 2.885934828222453449e-03
-5.427471962773196310e+02 -9.060138340185118295e+02 3.210191007244937822e+01 0.000000000000000000e+00 0.000000000000000000e+00 -1.790486502148525005e-02 4.081018298215912526e-03 4.081018298215909924e-03 2.885934801621272555e-03
-6.422396632269036445e+02 -6.568860901104750383e+02 2.920980307888555672e+01 0.000000000000000000e+00 0.000000000000000000e+00 3.068236425353276786e-02 4.081018298215912526e-03 4.081018298215909924e-03 2.885890702322565018e-03
-6.422207357950558162e+02 -6.568626765115631088e+02 2.920914673145825446e+01 0.000000000000000000e+00 0.000000000000000000e+00 1.512124676714776683e-02 4.081018298215912526e-03 4.081018298215909924e-03 2.885890691171574297e-03
-6.421990193926383199e+02 -6.566577432848501985e+02 2.920575403398941461e+01 0.000000000000000000e+00 0.000000000000000000e+00 -6.010961629951694363e-02 4.081018298215912526e-03 4.081018298215909924e-03 2.885890635857206194e-03
-8.365160977674981950e+02 -5.075559719499860876e+02 3.091046805544438314e+01 0.000000000000000000e+00 0.000000000000000000e+00 1.569688462791418715e-02 4.081018298215912526e-03 4.081018298215909924e-03 2.885925461206807242e-03
-8.364543392754446813e+02 -5.081189905434705452e+02 3.091558132713496576e+01 0.000000000000000000e+00 0.000000000000000000e+00 -4.195154217267571539e-03 4.081018298215912526e-03 4.081018298215909924e-03 2.885925538885250347e-03
-8.364546955066446117e+02 -5.082769537350806104e+02 3.091739490387704592e+01 0.000000000000000000e+00 0.000000000000000000e+00 2.083382274822298541e-02 4.081018298215912526e-03 4.081018298215909924e-03 2.885925567545302110e-03
-5.205671911344468299e+02 -4.960119189647639359e+02 2.531218503150345356e+01 0.000000000000000000e+00 0.000000000000000000e+00 -3.339469529066718678e-03 4.081018298215912526e-03 4.081018298215909924e-03 2.885824407057578991e-03
-5.205645162433934274e+02 -4.959320925321650293e+02 2.531125237837987285e+01 0.000000000000000000e+00 0.000000000000000000e+00 -1.141834095843563546e-02 4.081018298215912526e-03 4.081018298215909924e-03 2.885824391907170720e-03
-5.366301452503748806e+02 -2.127650335069627943e+02 2.325321587302170911e+01 0.000000000000000000e+00 0.000000000000000000e+00 6.312304307499516653e-03 4.081018298215912526e-03 4.081018298215909924e-03 2.885791772657239802e-03
-5.369079514703680616e+02 -2.125497498746013889e+02 2.325599727063266187e+01 0.000000000000000000e+00 0.000000000000000000e+00 -5.922176747747087688e-02 4.081018298215912526e-03 4.081018298215909924e-03 2.885791826261929933e-03
-5.371923952072434076e+02 -2.126406404665133039e+02 2.326034480764672452e+01 0.000000000000000000e+00 0.000000000000000000e+00 -4.364941842800362792e-02 4.081018298215912526e-03 4.081018298215909924e-03 2.885791904828156808e-03
-8.463259144436210590e+02 -1.856088020322914076e+02 2.862219032773043281e+01 0.000000000000000000e+00 0.000000000000000000e+00 -5.279339790918768927e-02 4.081018298215912526e-03 4.081018298215909924e-03 2.885890773392988436e-03
-8.461702156790022400e+02 -1.859129735078775241e+02 2.862005262101131819e+01 0.000000000000000000e+00 0.000000000000000000e+00 -3.098598436366373221e-02 4.081018298215912526e-03 4.081018298215909924e-03 2.885890728938552644e-03
-8.461605350055078816e+02 -1.859428499831093120e+02 2.861996472441559547e+01 0.000000000000000000e+00 0.000000000000000000e+00 7.773353470099664264e-04 4.081018298215912526e-03 4.081018298215909924e-03 2.885890726818812931e-03
-6.848026418572720786e+02 7.239354861741842839e+00 2.507716183607454852e+01 0.000000000000000000e+00 0.000000000000000000e+00 5.288358076732180280e-02 4.081018298215912526e-03 4.081018298215909924e-03 2.885827492743732632e-03
-6.849533509287844026e+02 7.368347969352070592e+00 2.507985634071388148e+01 0.000000000000000000e+00 0.000000000000000000e+00 -9.495810780766333892e-03 4.081018298215912526e-03 4.081018298215909924e-03 2.885827543598433291e-03
-6.862309758002121498e+02 7.538784637077984740e+00 2.510245033362776113e+01 0.000000000000000000e+00 0.000000000000000000e+00 -1.896630597119752792e-02 4.081018298215912526e-03 4.081018298215909924e-03 2.885827964332369697e-03
-5.383092014250331658e+02 1.778157180136031457e+02 2.315261953106035975e+01 0.000000000000000000e+00 0.000000000000000000e+00 -8.609601868883487441e-03 4.081018298215912526e-03 4.081018298215909924e-03 2.885791821232293070e-03
-5.382365561748189293e+02 1.776835964162474681e+02 2.315105353399912502e+01 0.000000000000000000e+00 0.000000000000000000e+00 1.135742369610781566e-02 4.081018298215912526e-03 4.081018298215909924e-03 2.885791792373542611e-03
-5.384142137904980245e+02 1.779401933640804145e+02 2.315460352531862043e+01 0.000000000000000000e+00 0.000000000000000000e+00 -3.806664844253049296e-02 4.081018298215912526e-03 4.081018298215909924e-03 2.885791857955818333e-03
-8.485158109824338908e+02 2.126394583212114924e+02 2.887556591043582443e+01 0.000000000000000000e+00 0.000000000000000000e+00 -5.087581543932273576e-02 4.081018298215912526e-03 4.081018298215909924e-03 2.885899319322307241e-03
-8.485048422752602164e+02 2.124355957197280418e+02 2.887427340407297649e+01 0.000000000000000000e+00 0.000000000000000000e+00 -8.482792556943508089e-03 4.081018298215912526e-03 4.081018298215909924e-03 2.885899294772138919e-03
-8.485145565416586351e+02 2.122282288510194519e+02 2.887341814060686929e+01 0.000000000000000000e+00 0.000000000000000000e+00 1.333675857535254750e-02 4.081018298215912526e-03 4.081018298215909924e-03 2.885899278453118132e-03
-5.585972986974931018e+02 5.214002612055949157e+02 2.628424221834748309e+01 0.000000000000000000e+00 0.000000000000000000e+00 -2.382181065183885948e-02 4.081018298215912526e-03 4.081018298215909924e-03 2.885847052046588805e-03
-5.586086654752000413e+02 5.211761030893310362e+02 2.628163556031398684e+01 0.000000000000000000e+00 0.000000000000000000e+00 -3.132441753929882111e-02 4.081018298215912526e-03 4.081018298215909924e-03 2.885847006904626588e-03
-5.585374976559855895e+02 5.211785789471713315e+02 2.628063156059306849e+01 0.000000000000000000e+00 0.000000000000000000e+00 -2.633797904923085298e-02 4.081018298215912526e-03 4.081018298215909924e-03 2.885846987586677872e-03
-8.217457755468369669e+02 5.182353386347215292e+02 3.097621461468780524e+01 0.000000000000000000e+00 0.000000000000000000e+00 -6.764349904401001368e-03 4.081018298215912526e-03 4.081018298215909924e-03 2.885937219732236624e-03
-8.219027279109238862e+02 5.185232595041328523e+02 3.098315332178153980e+01 0.000000000000000000e+00 0.000000000000000000e+00 1.113659887936435666e-02 4.081018298215912526e-03 4.081018298215909924e-03 2.885937348610978937e-03
-8.231541739696209561e+02 5.192323364408574662e+02 3.101880758430089813e+01 0.000000000000000000e+00 0.000000000000000000e+00 1.422735109866835046e-02 4.081018298215912526e-03 4.081018298215909924e-03 2.885938022905929542e-03
-6.978732358716829367e+02 7.296172367221940931e+02 3.167400683441236708e+01 0.000000000000000000e+00 0.000000000000000000e+00 5.558854359876264084e-02 4.081018298215912526e-03 4.081018298215909924e-03 2.885945735686838275e-03
-6.978540416610636612e+02 7.298304456374845586e+02 3.167738186238696230e+01 0.000000000000000000e+00 0.000000000000000000e+00 -7.253731270278507282e-03 4.081018298215912526e-03 4.081018298215909924e-03 2.885945794618097887e-03
-6.979008737614367419e+02 7.298122010168893894e+02 3.167791915159922311e+01 0.000000000000000000e+00 0.000000000000000000e+00 1.443124082243230077e-04 4.081018298215912526e-03 4.081018298215909924e-03 2.885945805683913252e-03
-5.467260966950339025e+02 8.816940505164055821e+02 3.214155048057591557e+01 0.000000000000000000e+00 0.000000000000000000e+00 -1.653171311949108713e-02 4.081018298215912526e-03 4.081018298215909924e-03 2.885948919235300451e-03
-5.464910785587071587e+02 8.816221924989229137e+02 3.213665500574548872e+01 0.000000000000000000e+00 0.000000000000000000e+00 -3.382719789790655796e-02 4.081018298215912526e-03 4.081018298215909924e-03 2.885948826119155881e-03
-5.467105668811872192e+02 8.818594847866168038e+02 3.214482497791239268e+01 0.000000000000000000e+00 0.000000000000000000e+00 -5.439388863251792827e-02 4.081018298215912526e-03 4.081018298215909924e-03 2.885948976029284029e-03
-8.302142263714492856e+02 9.143226209483805178e+02 3.798421426850283922e+01 0.000000000000000000e+00 0.000000000000000000e+00 -3.520059577761003311e-02 4.081018298215912526e-03 4.081018298215909924e-03 2.886062868027964613e-03
-8.304506694145061374e+02 9.141898858942599873e+02 3.798645657724388514e+01 0.000000000000000000e+00 0.000000000000000000e+00 1.744004394050335804e-02 4.081018298215912526e-03 4.081018298215909924e-03 2.886062918026446964e-03
-8.327337313080624881e+02 9.144651077754832613e+02 3.804258534720784724e+01 0.000000000000000000e+00 0.000000000000000000e+00 8.959021798283117732e-03 4.081018298215912526e-03 4.081018298215909924e-03 2.886064017511462583e-03
-5.342270644353545777e+02 1.197268090878254498e+03 3.987541656866270046e+01 0.000000000000000000e+00 0.000000000000000000e+00 1.131838898950121575e-02 4.081018298215912526e-03 4.081018298215909924e-03 2.886084375007081943e-03
-5.341390289850817226e+02 1.197529195294164538e+03 3.988175224201243907e+01 0.000000000000000000e+00 0.000000000000000000e+00 -3.751105482377425915e-02 4.081018298215912526e-03 4.081018298215909924e-03 2.886084483599291820e-03
-5.341681828274389545e+02 1.197480874852971056e+03 3.988076189056562271e+01 0.000000000000000000e+00 0.000000000000000000e+00 -1.496012911306365822e-02 4.081018298215912526e-03 4.081018298215909924e-03 2.886084467184215491e-03
-8.193016224086022703e+02 1.219990520758030243e+03 4.566902059951246429e+01 0.000000000000000000e+00 0.000000000000000000e+00 1.038847019152200346e-02 4.081018298215912526e-03 4.081018298215909924e-03 2.886200035494675999e-03
-8.191435058689708057e+02 1.220320862705515538e+03 4.567541310251566244e+01 0.000000000000000000e+00 0.000000000000000000e+00 5.186723166943352226e-03 4.081018298215912526e-03 4.081018298215909924e-03 2.886200142282550115e-03
-8.190072728661747306e+02 1.220541261697041364e+03 4.567901023684999728e+01 0.000000000000000000e+00 0.000000000000000000e+00 1.074968324083158677e-02 4.081018298215912526e-03 4.081018298215909924e-03 2.886200199979349276e-03
-7.423981293824775776e+02 1.452481227443907756e+03 5.167656603844106655e+01 0.000000000000000000e+00 0.000000000000000000e+00 -3.170550715031339450e-02 4.081018298215912526e-03 4.081018298215909924e-03 2.886303966472125206e-03
-7.423783046218505888e+02 1.452683596645851139e+03 5.168339890903283873e+01 0.000000000000000000e+00 0.000000000000000000e+00 -5.245325103995668314e-02 4.081018298215912526e-03 4.081018298215909924e-03 2.886304088304539155e-03
-7.423279586659136839e+02 1.452589598532639229e+03 5.167904091345202744e+01 0.000000000000000000e+00 0.000000000000000000e+00 -5.454171856445810818e-02 4.081018298215912526e-03 4.081018298215909924e-03 2.886304007241531286e-03
-5.199303107566946665e+02 1.582405009341928462e+03 5.276201463564423477e+01 0.000000000000000000e+00 0.000000000000000000e+00 1.228222525675448651e-02 4.081018298215912526e-03 4.081018298215909924e-03 2.886312729112833295e-03
-5.212742175114597103e+02 1.582826761893532421e+03 5.279725129635409786e+01 0.000000000000000000e+00 0.000000000000000000e+00 2.427720683606082730e-03 4.081018298215912526e-03 4.081018298215909924e-03 2.886313415360843102e-03
-5.216617274381914058e+02 1.583057386960622807e+03 5.281167284816366703e+01 0.000000000000000000e+00 0.000000000000000000e+00 -1.895193986249665841e-02 4.081018298215912526e-03 4.081018298215909924e-03 2.886313689458024252e-03
-8.517646472584617641e+02 1.637684252101307266e+03 6.108835202389472840e+01 0.000000000000000000e+00 0.000000000000000000e+00 -1.348580170838431513e-02 4.081018298215912526e-03 4.081018298215909924e-03 2.886480715380883733e-03
-8.511999522647473668e+02 1.637258353063751201e+03 6.105807780341878299e+01 0.000000000000000000e+00 0.000000000000000000e+00 -5.616321643444166511e-03 4.081018298215912526e-03 4.081018298215909924e-03 2.886480127898545783e-03
-8.512813380800640743e+02 1.637299187826975640e+03 6.106160530080462934e+01 0.000000000000000000e+00 0.000000000000000000e+00 -1.840650939075771930e-02 4.081018298215912526e-03 4.081018298215909924e-03 2.886480197352630627e-03
-5.518871841362047235e+02 1.907039822937839745e+03 6.727935548437405089e+01 0.000000000000000000e+00 0.000000000000000000e+00 -3.098852575369903661e-02 4.081018298215912526e-03 4.081018298215909924e-03 2.886575571110830667e-03
-5.519333062622534953e+02 1.906839845697533065e+03 6.727051864097927592e+01 0.000000000000000000e+00 0.000000000000000000e+00 -6.213548171075444770e-03 4.081018298215912526e-03 4.081018298215909924e-03 2.886575413260855389e-03
-5.518352509262506373e+02 1.906843313162768936e+03 6.726921368136474655e+01 0.000000000000000000e+00 0.000000000000000000e+00 -2.156864365213095880e-02 4.081018298215912526e-03 4.081018298215909924e-03 2.886575384683660091e-03
-8.296884193647467782e+02 1.929120826217413423e+03 7.356014061025659601e+01 0.000000000000000000e+00 0.000000000000000000e+00 -2.539690136198657910e-02 4.081018298215912526e-03 4.081018298215909924e-03 2.886707211975628098e-03
-8.297844718043073726e+02 1.929080410030585654e+03 7.356035381049025546e+01 0.000000000000000000e+00 0.000000000000000000e+00 -2.434378895064526205e-02 4.081018298215912526e-03 4.081018298215909924e-03 2.886707222810589932e-03
-8.297122114053718178e+02 1.929192201123988980e+03 7.356413511945612527e+01 0.000000000000000000e+00 0.000000000000000000e+00 -4.519895727759148940e-02 4.081018298215912526e-03 4.081018298215909924e-03 2.886707287025155454e-03
-7.561087326054556570e+02 2.154920490094195429e+03 8.359118212664631642e+01 0.000000000000000000e+00 0.000000000000000000e+00 -3.467938230365064101e-02 4.081018298215912526e-03 4.081018298215909924e-03 2.886886457256043325e-03
-7.562625940764323786e+02 2.154961976657676132e+03 8.359663859163828192e+01 0.000000000000000000e+00 0.000000000000000000e+00 1.006308899796692913e-02 4.081018298215912526e-03 4.081018298215909924e-03 2.886886569180957540e-03
-7.564181253506583289e+02 2.154850235303263617e+03 8.359376956672949177e+01 0.000000000000000000e+00 0.000000000000000000e+00 -8.654186818731091080e-03 4.081018298215912526e-03 4.081018298215909924e-03 2.886886527640044470e-03
-5.291728668276466578e+02 2.305787741443736195e+03 8.811810346519816051e+01 0.000000000000000000e+00 0.000000000000000000e+00 4.314263650182681431e-02 4.081018298215912526e-03 4.081018298215909924e-03 2.886955080430745040e-03
-5.290993150547041068e+02 2.305902412504196491e+03 8.812375331698191872e+01 0.000000000000000000e+00 0.000000000000000000e+00 9.449667814607209948e-03 4.081018298215912526e-03 4.081018298215909924e-03 2.886955180307403633e-03
-5.292609107188615098e+02 2.305850116716202592e+03 8.812304414644015083e+01 0.000000000000000000e+00 0.000000000000000000e+00 3.292174887846499587e-02 4.081018298215912526e-03 4.081018298215909924e-03 2.886955176319467783e-03
-8.409444665170461803e+02 2.332154335443800846e+03 9.557070659002060609e+01 0.000000000000000000e+00 0.000000000000000000e+00 1.838032336340233996e-02 4.081018298215912526e-03 4.081018298215909924e-03 2.887115379645040659e-03
-8.400841039407000608e+02 2.332379389028417791e+03 9.556413100769273683e+01 0.000000000000000000e+00 0.000000000000000000e+00 -1.017715959083886901e-02 4.081018298215912526e-03 4.081018298215909924e-03 2.887115183162604435e-03
-8.392682844520542176e+02 2.332518619340685291e+03 9.555349593207844805e+01 0.000000000000000000e+00 0.000000000000000000e+00 -1.137477580155632495e-02 4.081018298215912526e-03 4.081018298215909924e-03 2.887114914885188961e-03
-8.690760668432859575e+02 2.601002352716258883e+03 1.132861726529416444e+02 0.000000000000000000e+00 0.000000000000000000e+00 -1.247138287014593061e-02 4.081018298215912526e-03 4.081018298215909924e-03 2.887450200271436326e-03
-8.691841394526393287e+02 2.601077538185493268e+03 1.132938531201809127e+02 0.000000000000000000e+00 0.000000000000000000e+00 -7.698254034636420329e-03 4.081018298215912526e-03 4.081018298215909924e-03 2.887450355727545249e-03
-8.692033022764238694e+02 2.600959857877648119e+03 1.132864019851888315e+02 0.000000000000000000e+00 0.000000000000000000e+00 2.190416225872127143e-03 4.081018298215912526e-03 4.081018298215909924e-03 2.887450217061907250e-03
-5.407021368523575120e+02 2.627890239608269894e+03 1.086417025633309663e+02 0.000000000000000000e+00 0.000000000000000000e+00 -2.425721011189807541e-02 4.081018298215912526e-03 4.081018298215909924e-03 2.887336263627969177e-03
-5.406795856389796882e+02 2.627976001717353029e+03 1.086471769031491874e+02 0.000000000000000000e+00 0.000000000000000000e+00 -3.343266955198487267e-02 4.081018298215912526e-03 4.081018298215909924e-03 2.887336364361335703e-03
-5.406187871373315375e+02 2.627861927606207246e+03 1.086385259491524664e+02 0.000000000000000000e+00 0.000000000000000000e+00 -4.475738462886624802e-02 4.081018298215912526e-03 4.081018298215909924e-03 2.887336198983661041e-03
-6.933100824427071984e+02 2.847911376300588472e+03 1.269128547529412998e+02 0.000000000000000000e+00 0.000000000000000000e+00 -5.497434250244737086e-02 4.081018298215912526e-03 4.081018298215909924e-03 2.887691251727579275e-03
-1.380551527037283222e+03 2.839263789248584544e+03 1.463910198595387158e+02 0.000000000000000000e+00 0.000000000000000000e+00 -4.609337490535381221e-04 4.081018298215912526e-03 4.081018298215909924e-03 2.888150712494264461e-03
-1.380839750987933712e+03 2.839415792377588787e+03 1.464136674677002361e+02 0.000000000000000000e+00 0.000000000000000000e+00 3.701427813024338320e-02 4.081018298215912526e-03 4.081018298215909924e-03 2.888151199684896916e-03
-1.380524684003299853e+03 2.839316308127903994e+03 1.463939019118771228e+02 0.000000000000000000e+00 0.000000000000000000e+00 -4.071727660743817978e-03 4.081018298215912526e-03 4.081018298215909924e-03 2.888150764711094279e-03
-1.601554963911870118e+03 3.010767962387518310e+03 1.690743876496281075e+02 0.000000000000000000e+00 0.000000000000000000e+00 2.094233304393355866e-02 4.081018298215912526e-03 4.081018298215909924e-03 2.888635832464656310e-03
-1.601476049321775918e+03 3.010823977672901037e+03 1.690752755617019147e+02 0.000000000000000000e+00 0.000000000000000000e+00 -2.100450043940327305e-05 4.081018298215912526e-03 4.081018298215909924e-03 2.888635835859468953e-03
-1.601514247447693606e+03 3.010863764287019421e+03 1.690802212884250935e+02 0.000000000000000000e+00 0.000000000000000000e+00 -4.145668154791337656e-03 4.081018298215912526e-03 4.081018298215909924e-03 2.888635941466648205e-03
-1.221575389236857745e+03 3.002764786513771014e+03 1.531378495913119480e+02 0.000000000000000000e+00 0.000000000000000000e+00 -2.281674952197931816e-02 4.081018298215912526e-03 4.081018298215909924e-03 2.888258112313552006e-03
-1.220994164046756168e+03 3.002611046428223290e+03 1.531054316874952974e+02 0.000000000000000000e+00 0.000000000000000000e+00 -2.569264912324342731e-03 4.081018298215912526e-03 4.081018298215909924e-03 2.888257393061346903e-03
-1.220486605351273283e+03 3.002490259639062515e+03 1.530782018099694426e+02 0.000000000000000000e+00 0.000000000000000000e+00 -5.307419444505967476e-03 4.081018298215912526e-03 4.081018298215909924e-03 2.888256786049998165e-03
-1.221879561293194001e+03 2.660786906272366650e+03 1.276983946449857115e+02 0.000000000000000000e+00 0.000000000000000000e+00 4.806961192439018760e-02 4.081018298215912526e-03 4.081018298215909924e-03 2.887765448020923782e-03
-1.221790853143484128e+03 2.660808366112031763e+03 1.276968410370651270e+02 0.000000000000000000e+00 0.000000000000000000e+00 3.359495690899905185e-02 4.081018298215912526e-03 4.081018298215909924e-03 2.887765406460629947e-03
-1.221730219934939896e+03 2.661002663455158199e+03 1.277082452904396916e+02 0.000000000000000000e+00 0.000000000000000000e+00 4.440761893451394826e-02 4.081018298215912526e-03 4.081018298215909924e-03 2.887765617977408432e-03
-1.581903649253206368e+03 2.668868776083432749e+03 1.424638679286278489e+02 0.000000000000000000e+00 0.000000000000000000e+00 3.233033065535551032e-02 4.081018298215912526e-03 4.081018298215909924e-03 2.888104810436876307e-03
-1.581861233091473878e+03 2.668893235567092688e+03 1.424636920754851701e+02 0.000000000000000000e+00 0.000000000000000000e+00 1.669946249097620239e-02 4.081018298215912526e-03 4.081018298215909924e-03 2.888104800428897053e-03
-1.582036814594718635e+03 2.668873302550034623e+03 1.424701266304076057e+02 0.000000000000000000e+00 0.000000000000000000e+00 3.919124107957827619e-02 4.081018298215912526e-03 4.081018298215909924e-03 2.888104954337621360e-03
-1.592872244041332578e+03 2.351807147715412611e+03 1.221530625012730127e+02 0.000000000000000000e+00 0.000000000000000000e+00 -3.242803662159587930e-02 4.081018298215912526e-03 4.081018298215909924e-03 2.887707624331068389e-03
-1.593108552383239157e+03 2.351768899969418271e+03 1.221612197380987510e+02 0.000000000000000000e+00 0.000000000000000000e+00 1.388406631248528811e-02 4.081018298215912526e-03 4.081018298215909924e-03 2.887707814903221065e-03
-1.593108374218757717e+03 2.351740955034038052e+03 1.221595052868106563e+02 0.000000000000000000e+00 0.000000000000000000e+00 -1.354643743954397905e-02 4.081018298215912526e-03 4.081018298215909924e-03 2.887707781350808481e-03
-1.199635767142483928e+03 2.356485477005642224e+03 1.071677729271671922e+02 0.000000000000000000e+00 0.000000000000000000e+00 -1.894951166843839019e-02 4.081018298215912526e-03 4.081018298215909924e-03 2.887369856831173594e-03
-1.199521155237787980e+03 2.356502363046645769e+03 1.071649819420317158e+02 0.000000000000000000e+00 0.000000000000000000e+00 -1.767720716993892438e-02 4.081018298215912526e-03 4.081018298215909924e-03 2.887369790688786887e-03
-1.198838962443908713e+03 2.356311730649498259e+03 1.071307223675520106e+02 0.000000000000000000e+00 0.000000000000000000e+00 -1.196249006218863542e-02 4.081018298215912526e-03 4.081018298215909924e-03 2.887369061337564241e-03
-1.383232782532974397e+03 2.200696089542061145e+03 1.046105904439511960e+02 0.000000000000000000e+00 0.000000000000000000e+00 5.180649558369054830e-03 4.081018298215912526e-03 4.081018298215909924e-03 2.887342114889661793e-03
-1.383171212443978220e+03 2.200877048578824997e+03 1.046184611534347368e+02 0.000000000000000000e+00 0.000000000000000000e+00 -1.100941929993837221e-02 4.081018298215912526e-03 4.081018298215909924e-03 2.887342258725140911e-03
-1.383248841065515762e+03 2.200861499783090039e+03 1.046205512626099363e+02 0.000000000000000000e+00 0.000000000000000000e+00 1.013589174930018544e-02 4.081018298215912526e-03 4.081018298215909924e-03 2.887342307691248122e-03
-1.554040616193560936e+03 1.936203452348027668e+03 9.751345216365201907e+01 0.000000000000000000e+00 0.000000000000000000e+00 4.231197764676153383e-02 4.081018298215912526e-03 4.081018298215909924e-03 2.887224170618577727e-03
-1.554189107123380836e+03 1.936325878313140265e+03 9.752584088044898181e+01 0.000000000000000000e+00 0.000000000000000000e+00 3.554776031913320367e-02 4.081018298215912526e-03 4.081018298215909924e-03 2.887224425031976495e-03
-1.554067524329776234e+03 1.936316577378594502e+03 9.752019366984509929e+01 0.000000000000000000e+00 0.000000000000000000e+00 1.985660738570516060e-02 4.081018298215912526e-03 4.081018298215909924e-03 2.887224303599102756e-03
-1.204793075679532649e+03 1.967839009283569339e+03 8.587974568168266387e+01 0.000000000000000000e+00 0.000000000000000000e+00 4.513753842975631869e-02 4.081018298215912526e-03 4.081018298215909924e-03 2.886967729273450054e-03
-1.204928327384064005e+03 1.967981419384654146e+03 8.589130455465665648e+01 0.000000000000000000e+00 0.000000000000000000e+00 4.245848104505967058e-02 4.081018298215912526e-03 4.081018298215909924e-03 2.886967959480186540e-03
-1.204461799368983975e+03 1.967912296395224530e+03 8.587247869707559289e+01 0.000000000000000000e+00 0.000000000000000000e+00 3.307430737194749781e-03 4.081018298215912526e-03 4.081018298215909924e-03 2.886967561217958222e-03
-1.215704929653979207e+03 1.631534220737167516e+03 7.100054142417121739e+01 0.000000000000000000e+00 0.000000000000000000e+00 -3.671739582887312281e-02 4.081018298215912526e-03 4.081018298215909924e-03 2.886689877439120068e-03
-1.215742992500327546e+03 1.631561490258680806e+03 7.100290654793148803e+01 0.000000000000000000e+00 0.000000000000000000e+00 -1.322485127072070554e-02 4.081018298215912526e-03 4.081018298215909924e-03 2.886689924591751260e-03
-1.215725791932677794e+03 1.631665919251632204e+03 7.100660356767528469e+01 0.000000000000000000e+00 0.000000000000000000e+00 -3.949550076585239822e-02 4.081018298215912526e-03 4.081018298215909924e-03 2.886689992267609667e-03
-1.583653789029306836e+03 1.656282485618177589e+03 8.599776320417237230e+01 0.000000000000000000e+00 0.000000000000000000e+00 6.336652349659743777e-03 4.081018298215912526e-03 4.081018298215909924e-03 2.887004527659680145e-03
-1.583642485611561142e+03 1.656422239492434528e+03 8.600313714104581209e+01 0.000000000000000000e+00 0.000000000000000000e+00 -3.191719108896506896e-02 4.081018298215912526e-03 4.081018298215909924e-03 2.887004630485892100e-03
-1.583570763793997003e+03 1.656405370218239568e+03 8.599933949345677320e+01 0.000000000000000000e+00 0.000000000000000000e+00 -3.886749168603387261e-02 4.081018298215912526e-03 4.081018298215909924e-03 2.887004551344324668e-03
-1.380844518855830984e+03 1.493429385006579878e+03 7.139551297270381269e+01 0.000000000000000000e+00 0.000000000000000000e+00 -2.722077138378153904e-02 4.081018298215912526e-03 4.081018298215909924e-03 2.886709891595517358e-03
-1.380844638304724185e+03 1.493507559915792172e+03 7.139843870004975201e+01 0.000000000000000000e+00 0.000000000000000000e+00 -3.492202405361410911e-02 4.081018298215912526e-03 4.081018298215909924e-03 2.886709946914980344e-03
-1.380805966112213810e+03 1.493548194415155649e+03 7.139851602144335629e+01 0.000000000000000000e+00 0.000000000000000000e+00 -3.639168105736700909e-02 4.081018298215912526e-03 4.081018298215909924e-03 2.886709945567595467e-03
-1.572397971515394829e+03 1.238350912175396616e+03 7.029384605367664562e+01 0.000000000000000000e+00 0.000000000000000000e+00 1.716791992123489763e-05 4.081018298215912526e-03 4.081018298215909924e-03 2.886700875929013640e-03
-1.572350395121311294e+03 1.238424478583640848e+03 7.029411714024226399e+01 0.000000000000000000e+00 0.000000000000000000e+00 -2.684155875029148319e-02 4.081018298215912526e-03 4.081018298215909924e-03 2.886700878809505058e-03
-1.194331682660129218e+03 1.249292580961818885e+03 5.662389501353239041e+01 0.000000000000000000e+00 0.000000000000000000e+00 2.798722562206990006e-02 4.081018298215912526e-03 4.081018298215909924e-03 2.886421003582979525e-03
-1.194079787294835342e+03 1.249084304185512337e+03 5.660943468044052196e+01 0.000000000000000000e+00 0.000000000000000000e+00 5.468516132619782866e-02 4.081018298215912526e-03 4.081018298215909924e-03 2.886420720574938911e-03
-1.206753989614487637e+03 9.245790173242286301e+02 4.834358677904985768e+01 0.000000000000000000e+00 0.000000000000000000e+00 -1.388767515819466780e-02 4.081018298215912526e-03 4.081018298215909924e-03 2.886268036393845396e-03
-1.206530316613775540e+03 9.245246399357523615e+02 4.833521178225676351e+01 0.000000000000000000e+00 0.000000000000000000e+00 -3.965316634394611128e-02 4.081018298215912526e-03 4.081018298215909924e-03 2.886267871446532209e-03
-1.206810751160304790e+03 9.245725042012866197e+02 4.834525239487825843e+01 0.000000000000000000e+00 0.000000000000000000e+00 -1.248637452599865583e-02 4.081018298215912526e-03 4.081018298215909924e-03 2.886268069705633620e-03
-1.571815710065487110e+03 9.321310094286003505e+02 6.197647083860169914e+01 0.000000000000000000e+00 0.000000000000000000e+00 3.669801658114124621e-02 4.081018298215912526e-03 4.081018298215909924e-03 2.886539715304870923e-03
-1.572219377604220426e+03 9.320992770339674962e+02 6.199261922733848706e+01 0.000000000000000000e+00 0.000000000000000000e+00 3.402000814971728460e-02 4.081018298215912526e-03 4.081018298215909924e-03 2.886540038537846898e-03
-1.572320296790060411e+03 9.322614145704840212e+02 6.200060509415413179e+01 0.000000000000000000e+00 0.000000000000000000e+00 4.607198055504824197e-02 4.081018298215912526e-03 4.081018298215909924e-03 2.886540196315106038e-03
-1.383388767210080005e+03 7.794524928201602734e+02 5.135638484349911437e+01 0.000000000000000000e+00 0.000000000000000000e+00 1.705151451900377424e-02 4.081018298215912526e-03 4.081018298215909924e-03 2.886330578552646648e-03
-1.381700658426571636e+03 7.788081787039163828e+02 5.128234629664464705e+01 0.000000000000000000e+00 0.000000000000000000e+00 -1.119901785896360025e-02 4.081018298215912526e-03 4.081018298215909924e-03 2.886329126078768931e-03
-1.381806421710873337e+03 7.788441088998786199e+02 5.128689716742399440e+01 0.000000000000000000e+00 0.000000000000000000e+00 -1.043938868776450590e-02 4.081018298215912526e-03 4.081018298215909924e-03 2.886329215393682469e-03
-1.211506879860982735e+03 5.260816816218850818e+02 4.142958247580649100e+01 0.000000000000000000e+00 0.000000000000000000e+00 -1.125232767974182480e-02 4.081018298215912526e-03 4.081018298215909924e-03 2.886138572179118653e-03
-1.211342689281052571e+03 5.262067230721424949e+02 4.142598278409166568e+01 0.000000000000000000e+00 0.000000000000000000e+00 -2.368437812809531806e-02 4.081018298215912526e-03 4.081018298215909924e-03 2.886138502248853082e-03
-1.211420440721600926e+03 5.261281092459133788e+02 4.142743758819077016e+01 0.000000000000000000e+00 0.000000000000000000e+00 1.121675790938070350e-02 4.081018298215912526e-03 4.081018298215909924e-03 2.886138530600815353e-03
-1.555402343072851863e+03 4.689137332648773508e+02 5.320588400160187348e+01 0.000000000000000000e+00 0.000000000000000000e+00 5.640280962343524607e-02 4.081018298215912526e-03 4.081018298215909924e-03 2.886365840688783456e-03
-1.555262304779226270e+03 4.688822604865150652e+02 5.319978863441874495e+01 0.000000000000000000e+00 0.000000000000000000e+00 1.590276525626421744e-02 4.081018298215912526e-03 4.081018298215909924e-03 2.886365722334033410e-03
-1.555445828792767088e+03 4.688785224061779218e+02 5.320724633019168692e+01 0.000000000000000000e+00 0.000000000000000000e+00 5.504179699171629636e-02 4.081018298215912526e-03 4.081018298215909924e-03 2.886365866509508354e-03
-1.567508553956688957e+03 1.880653360500529061e+02 5.133434886257793295e+01 0.000000000000000000e+00 0.000000000000000000e+00 -3.933980277636806022e-02 4.081018298215912526e-03 4.081018298215909924e-03 2.886323887397021851e-03
-1.567619276169235491e+03 1.879804652998678876e+02 5.133845087308874611e+01 0.000000000000000000e+00 0.000000000000000000e+00 -1.230133686902235013e-02 4.081018298215912526e-03 4.081018298215909924e-03 2.886323963015384551e-03
-1.567687112666010535e+03 1.879664611013978401e+02 5.134115723921967600e+01 0.000000000000000000e+00 0.000000000000000000e+00 -1.810403025643836372e-04 4.081018298215912526e-03 4.081018298215909924e-03 2.886324014057332129e-03
-1.236833154617300352e+03 2.019363047660455379e+02 3.932378057216504885e+01 0.000000000000000000e+00 0.000000000000000000e+00 -1.302260245758191104e-03 4.081018298215912526e-03 4.081018298215909924e-03 2.886096466018056930e-03
-1.236838593753356918e+03 2.022358718043527688e+02 3.932549774604054704e+01 0.000000000000000000e+00 0.000000000000000000e+00 -1.785358545878068526e-02 4.081018298215912526e-03 4.081018298215909924e-03 2.886096502517511864e-03
-1.236819084995962385e+03 2.020167339199845173e+02 3.932374208362195134e+01 0.000000000000000000e+00 0.000000000000000000e+00 5.149333939031919272e-02 4.081018298215912526e-03 4.081018298215909924e-03 2.886096466369234784e-03
-1.385018892882918863e+03 5.469891352624490821e+01 4.386075499019847257e+01 0.000000000000000000e+00 0.000000000000000000e+00 1.962135968483380566e-02 4.081018298215912526e-03 4.081018298215909924e-03 2.886179181527251131e-03
-1.385055226547440725e+03 5.478672308376839339e+01 4.386221890627776787e+01 0.000000000000000000e+00 0.000000000000000000e+00 1.034722037860547061e-02 4.081018298215912526e-03 4.081018298215909924e-03 2.886179211199024416e-03
-1.385067749533894130e+03 5.483211371298309444e+01 4.386275060731460229e+01 0.000000000000000000e+00 0.000000000000000000e+00 8.581489717499835024e-03 4.081018298215912526e-03 4.081018298215909924e-03 2.886179222307968476e-03
-1.189262553277790630e+03 -1.622300773223869612e+02 3.751566042606039986e+01 0.000000000000000000e+00 0.000000000000000000e+00 -1.305376679204073298e-02 4.081018298215912526e-03 4.081018298215909924e-03 2.886055424949482504e-03
-1.188267840110391717e+03 -1.624674392707216271e+02 3.748597271599685143e+01 0.000000000000000000e+00 0.000000000000000000e+00 3.957003721865248735e-03 4.081018298215912526e-03 4.081018298215909924e-03 2.886054869439780898e-03
-1.188213070693157078e+03 -1.624278981018979664e+02 3.748416049030809916e+01 0.000000000000000000e+00 0.000000000000000000e+00 -1.294626039316426613e-02 4.081018298215912526e-03 4.081018298215909924e-03 2.886054836881550480e-03
-1.585973092438782942e+03 -1.690850223330668314e+02 5.177680036465247326e+01 0.000000000000000000e+00 0.000000000000000000e+00 -4.699754451182514003e-02 4.081018298215912526e-03 4.081018298215909924e-03 2.886320093994634069e-03
-1.585244347909776934e+03 -1.690861382364539622e+02 5.174682649181835359e+01 0.000000000000000000e+00 0.000000000000000000e+00 -9.126229530480145513e-03 4.081018298215912526e-03 4.081018298215909924e-03 2.886319535362406787e-03
-1.564651611437468318e+03 -4.883453974497584795e+02 5.313696411586812474e+01 0.000000000000000000e+00 0.000000000000000000e+00 -6.200140433008982654e-03 4.081018298215912526e-03 4.081018298215909924e-03 2.886331612308665369e-03
-1.564916379137444665e+03 -4.882520312733893206e+02 5.314665904414310660e+01 0.000000000000000000e+00 0.000000000000000000e+00 4.008812860482180440e-02 4.081018298215912526e-03 4.081018298215909924e-03 2.886331794548134978e-03
-1.564650089887724562e+03 -4.882463536950034495e+02 5.313584718833712373e+01 0.000000000000000000e+00 0.000000000000000000e+00 1.195255016903473688e-02 4.081018298215912526e-03 4.081018298215909924e-03 2.886331596312381211e-03
-1.253859821213015266e+03 -5.006664168632677274e+02 4.199970603279726333e+01 0.000000000000000000e+00 0.000000000000000000e+00 -7.278125542782731827e-03 4.081018298215912526e-03 4.081018298215909924e-03 2.886127301658647330e-03
-1.254051170857876514e+03 -5.005532785211925102e+02 4.200460901270096770e+01 0.000000000000000000e+00 0.000000000000000000e+00 -6.556024243259628292e-03 4.081018298215912526e-03 4.081018298215909924e-03 2.886127395181368148e-03
-1.253894482919800112e+03 -5.006756176595118859e+02 4.200092366998815407e+01 0.000000000000000000e+00 0.000000000000000000e+00 1.287408319831939707e-02 4.081018298215912526e-03 4.081018298215909924e-03 2.886127323535440676e-03
-1.388706052414978785e+03 -6.621620417513323673e+02 4.865584485324357900e+01 0.000000000000000000e+00 0.000000000000000000e+00 -3.444729586088612905e-02 4.081018298215912526e-03 4.081018298215909924e-03 2.886242027215115812e-03
-1.388669066834787145e+03 -6.622684052327155086e+02 4.865609045256780973e+01 0.000000000000000000e+00 0.000000000000000000e+00 -1.869479384232874963e-02 4.081018298215912526e-03 4.081018298215909924e-03 2.886242027053199759e-03
-1.388771850854051536e+03 -6.623323594784935722e+02 4.866069426868898518e+01 0.000000000000000000e+00 0.000000000000000000e+00 -2.810097950040102432e-02 4.081018298215912526e-03 4.081018298215909924e-03 2.886242107936227898e-03
-1.192985001782330073e+03 -8.795437058720899586e+02 4.592613322893575400e+01 0.000000000000000000e+00 0.000000000000000000e+00 -1.114066731095419982e-02 4.081018298215912526e-03 4.081018298215909924e-03 2.886183267343021049e-03
-1.193034063414218053e+03 -8.793730461797082398e+02 4.592427120732237711e+01 0.000000000000000000e+00 0.000000000000000000e+00 -4.572978366169877518e-03 4.081018298215912526e-03 4.081018298215909924e-03 2.886183241225345319e-03
-1.571228082992121244e+03 -8.817033658309637758e+02 5.935549677596850415e+01 0.000000000000000000e+00 0.000000000000000000e+00 -5.772990477586859015e-02 4.081018298215912526e-03 4.081018298215909924e-03 2.886425585869645954e-03
-1.571188309430295249e+03 -8.820549619099767824e+02 5.936078122108636279e+01 0.000000000000000000e+00 0.000000000000000000e+00 2.525436513551682083e-02 4.081018298215912526e-03 4.081018298215909924e-03 2.886425663168113061e-03
-1.571342590483080130e+03 -8.820066186110248054e+02 5.936606087174994428e+01 0.000000000000000000e+00 0.000000000000000000e+00 6.349980089495943503e-03 4.081018298215912526e-03 4.081018298215909924e-03 2.886425761373529082e-03
-1.555014921321115253e+03 -1.212407040814542142e+03 6.641777646637467569e+01 0.000000000000000000e+00 0.000000000000000000e+00 3.658389502884062949e-02 4.081018298215912526e-03 4.081018298215909924e-03 2.886534869688763341e-03
-1.554728638467285691e+03 -1.212045456532969411e+03 6.639659421381696802e+01 0.000000000000000000e+00 0.000000000000000000e+00 -5.816757482662637813e-03 4.081018298215912526e-03 4.081018298215909924e-03 2.886534509332796920e-03
-1.554555268431326567e+03 -1.212163576642195721e+03 6.639288196785044249e+01 0.000000000000000000e+00 0.000000000000000000e+00 -4.504952082342583708e-03 4.081018298215912526e-03 4.081018298215909924e-03 2.886534435752492311e-03
-1.234263424160806153e+03 -1.214057108275190785e+03 5.503242127167089137e+01 0.000000000000000000e+00 0.000000000000000000e+00 8.619762748928394558e-03 4.081018298215912526e-03 4.081018298215909924e-03 2.886330626902922254e-03
-1.234283143035457442e+03 -1.213976712889270857e+03 5.503086002272251420e+01 0.000000000000000000e+00 0.000000000000000000e+00 -1.431996307181293560e-02 4.081018298215912526e-03 4.081018298215909924e-03 2.886330603126336519e-03
-1.234202192520217977e+03 -1.214004936052447647e+03 5.502907993352556559e+01 0.000000000000000000e+00 0.000000000000000000e+00 -1.001077015583717866e-02 4.081018298215912526e-03 4.081018298215909924e-03 2.886330569871283728e-03
-1.373409510431077479e+03 -1.348018405695168212e+03 6.349315953489496422e+01 0.000000000000000000e+00 0.000000000000000000e+00 3.021372485950024611e-02 4.081018298215912526e-03 4.081018298215909924e-03 2.886474667317573146e-03
-1.373468589116257590e+03 -1.347982913724953505e+03 6.349416207906881482e+01 0.000000000000000000e+00 0.000000000000000000e+00 2.649204032898211381e-02 4.081018298215912526e-03 4.081018298215909924e-03 2.886474687265681849e-03
-1.373504621794981404e+03 -1.348002297454932432e+03 6.349600893738452356e+01 0.000000000000000000e+00 0.000000000000000000e+00 4.013559844418068678e-02 4.081018298215912526e-03 4.081018298215909924e-03 2.886474719211729219e-03
-1.532090026682040843e+03 -1.613707100381946248e+03 7.817356390542401812e+01 0.000000000000000000e+00 0.000000000000000000e+00 3.442746612327596267e-02 4.081018298215912526e-03 4.081018298215909924e-03 2.886721453821681268e-03
-1.532012299199804602e+03 -1.613797955076457583e+03 7.817379259402864022e+01 0.000000000000000000e+00 0.000000000000000000e+00 3.695094793891939844e-02 4.081018298215912526e-03 4.081018298215909924e-03 2.886721452000145290e-03
-1.217699326260025373e+03 -1.637598381523910348e+03 6.800850098725189241e+01 0.000000000000000000e+00 0.000000000000000000e+00 1.194555944351805010e-02 4.081018298215912526e-03 4.081018298215909924e-03 2.886538161956958819e-03
-1.217790316077598391e+03 -1.637554790682312841e+03 6.800972674695380249e+01 0.000000000000000000e+00 0.000000000000000000e+00 4.457509661069991580e-02 4.081018298215912526e-03 4.081018298215909924e-03 2.886538186500486186e-03
-1.217735648625040767e+03 -1.920040056792360247e+03 7.923491150240431580e+01 0.000000000000000000e+00 0.000000000000000000e+00 4.490915732537814620e-02 4.081018298215912526e-03 4.081018298215909924e-03 2.886719635305101325e-03
-1.373461443828293341e+03 -2.064931177490990194e+03 9.084103057713593898e+01 0.000000000000000000e+00 0.000000000000000000e+00 4.966306281072263573e-02 4.081018298215912526e-03 4.081018298215909924e-03 2.886916762710921118e-03
-1.373450188460807567e+03 -2.064881200918060131e+03 9.083832553159859913e+01 0.000000000000000000e+00 0.000000000000000000e+00 7.162270259598813027e-03 4.081018298215912526e-03 4.081018298215909924e-03 2.886916718000953185e-03
-1.373566374815197378e+03 -2.064871220016630105e+03 9.084194475801236024e+01 0.000000000000000000e+00 0.000000000000000000e+00 5.974875721088324099e-02 4.081018298215912526e-03 4.081018298215909924e-03 2.886916783839462743e-03
-1.194003700710844441e+03 -2.298577190373891426e+03 9.636567306126842425e+01 0.000000000000000000e+00 0.000000000000000000e+00 3.753490716326268739e-02 4.081018298215912526e-03 4.081018298215909924e-03 2.886996700909600071e-03
-1.194038134093251983e+03 -2.298525317548513613e+03 9.636405332068794394e+01 0.000000000000000000e+00 0.000000000000000000e+00 4.111335408471461506e-02 4.081018298215912526e-03 4.081018298215909924e-03 2.886996676341036742e-03
-1.194044883148141025e+03 -2.298578318334548385e+03 9.636698750231343524e+01 0.000000000000000000e+00 0.000000000000000000e+00 6.948619823830881614e-03 4.081018298215912526e-03 4.081018298215909924e-03 2.886996724492829191e-03
-1.541762325628440976e+03 -2.329795315209210457e+03 1.101798355529116549e+02 0.000000000000000000e+00 0.000000000000000000e+00 -4.066946071729660162e-02 4.081018298215912526e-03 4.081018298215909924e-03 2.887243903861201871e-03
-1.541687043340705259e+03 -2.329691734969211211e+03 1.101714301412535946e+02 0.000000000000000000e+00 0.000000000000000000e+00 -6.103392971027687963e-02 4.081018298215912526e-03 4.081018298215909924e-03 2.887243760487064655e-03
-1.541581170730082931e+03 -2.329837607125545219e+03 1.101748664874739632e+02 0.000000000000000000e+00 0.000000000000000000e+00 2.714296727688747524e-02 4.081018298215912526e-03 4.081018298215909924e-03 2.887243809687024300e-03
-1.562141255917792932e+03 -1.970139062053472117e+03 9.365098416814143434e+01 0.000000000000000000e+00 0.000000000000000000e+00 -1.031009726091269840e-02 4.081018298215912526e-03 4.081018298215909924e-03 2.886974640313151944e-03
-1.562165315302803037e+03 -1.970043631162341171e+03 9.364773794195693313e+01 0.000000000000000000e+00 0.000000000000000000e+00 -1.076491439346227708e-02 4.081018298215912526e-03 4.081018298215909924e-03 2.886974589046946253e-03
-1.561929431213205589e+03 -1.970139068720043269e+03 9.364249966237289868e+01 0.000000000000000000e+00 0.000000000000000000e+00 -1.880251353777850909e-02 4.081018298215912526e-03 4.081018298215909924e-03 2.886974487396281805e-03
-1.569633110311376186e+03 -2.610105615285041040e+03 1.268790764740576833e+02 0.000000000000000000e+00 0.000000000000000000e+00 -1.730054605738473583e-02 4.081018298215912526e-03 4.081018298215909924e-03 2.887521493198465673e-03
-1.569742143385660711e+03 -2.610115625544117393e+03 1.268840866894108501e+02 0.000000000000000000e+00 0.000000000000000000e+00 -5.903331585955129412e-03 4.081018298215912526e-03 4.081018298215909924e-03 2.887521584244247697e-03
-1.569762402584787196e+03 -2.610127599971614927e+03 1.268856130159958440e+02 0.000000000000000000e+00 0.000000000000000000e+00 -8.093009819091889767e-03 4.081018298215912526e-03 4.081018298215909924e-03 2.887521611025227041e-03
-1.175237114769760865e+03 -2.611384012485775202e+03 1.130207819917699226e+02 0.000000000000000000e+00 0.000000000000000000e+00 -3.427885491267090856e-02 4.081018298215912526e-03 4.081018298215909924e-03 2.887267666952911954e-03
-1.175432561214464158e+03 -2.611556304610136067e+03 1.130367833137357678e+02 0.000000000000000000e+00 0.000000000000000000e+00 1.835455120509266180e-02 4.081018298215912526e-03 4.081018298215909924e-03 2.887267939837579508e-03
-1.347046529529143982e+03 -2.776309468443157584e+03 1.285957176369592787e+02 0.000000000000000000e+00 0.000000000000000000e+00 5.284171679295468493e-02 4.081018298215912526e-03 4.081018298215909924e-03 2.887534228463289280e-03
-1.347024126662216986e+03 -2.776242168745511663e+03 1.285907245762957700e+02 0.000000000000000000e+00 0.000000000000000000e+00 2.404009542175344905e-02 4.081018298215912526e-03 4.081018298215909924e-03 2.887534144537554862e-03
-1.347077749345453867e+03 -2.776191773254407508e+03 1.285894319713525817e+02 0.000000000000000000e+00 0.000000000000000000e+00 -7.006811810583712941e-03 4.081018298215912526e-03 4.081018298215909924e-03 2.887534126782320947e-03
-1.528643264301265617e+03 -3.017521504559276764e+03 1.511707538162735887e+02 0.000000000000000000e+00 0.000000000000000000e+00 -3.010837541978617082e-03 4.081018298215912526e-03 4.081018298215909924e-03 2.887922581716462992e-03
-1.528881313677444496e+03 -3.017438116639010786e+03 1.511745057066252116e+02 0.000000000000000000e+00 0.000000000000000000e+00 2.222438773731028050e-02 4.081018298215912526e-03 4.081018298215909924e-03 2.887922663711672226e-03
-1.186468593586716906e+03 -3.003280367959177056e+03 1.381564883669289543e+02 0.000000000000000000e+00 0.000000000000000000e+00 -4.549758185760310880e-03 4.081018298215912526e-03 4.081018298215909924e-03 2.887681548409428128e-03
-1.186607779119447741e+03 -3.003517244237417799e+03 1.381768429828629792e+02 0.000000000000000000e+00 0.000000000000000000e+00 -1.203081477208911565e-02 4.081018298215912526e-03 4.081018298215909924e-03 2.887681893350979145e-03
-1.909087028661535669e+03 -2.306872905688131141e+03 1.253475146657943640e+02 0.000000000000000000e+00 0.000000000000000000e+00 -2.255169244759258618e-02 4.081018298215912526e-03 4.081018298215912526e-03 2.887523004759751533e-03
-1.909062178796765693e+03 -2.307036204463178819e+03 1.253547757949771153e+02 0.000000000000000000e+00 0.000000000000000000e+00 -3.120058346583221009e-02 4.081018298215912526e-03 4.081018298215912526e-03 2.887523123308220752e-03
-1.907931681861469087e+03 -2.307106938546714446e+03 1.253025331133307105e+02 0.000000000000000000e+00 0.000000000000000000e+00 -1.165979612110845665e-02 4.081018298215912526e-03 4.081018298215912526e-03 2.887522158325400972e-03
-2.216077550483030336e+03 -2.325615890852120174e+03 1.428067825982975876e+02 0.000000000000000000e+00 0.000000000000000000e+00 -4.948955875391902737e-02 4.081018298215912526e-03 4.081018298215912526e-03 2.887843358480312889e-03
-2.216002651600418631e+03 -2.325802439567458350e+03 1.428122628799594906e+02 0.000000000000000000e+00 0.000000000000000000e+00 4.005700446131754688e-02 4.081018298215912526e-03 4.081018298215912526e-03 2.887843443220227627e-03
-2.140036069382689220e+03 -2.111375886670635737e+03 1.277564876928567656e+02 0.000000000000000000e+00 0.000000000000000000e+00 2.518507939888081637e-02 4.081018298215912526e-03 4.081018298215912526e-03 2.887584160978804836e-03
-2.139975130985406850e+03 -2.111184024530899023e+03 1.277439674112760457e+02 0.000000000000000000e+00 0.000000000000000000e+00 -2.988494206778113949e-02 4.081018298215912526e-03 4.081018298215912526e-03 2.887583946878753346e-03
-2.139978497445771609e+03 -2.111230786080054258e+03 1.277463792929356572e+02 0.000000000000000000e+00 0.000000000000000000e+00 3.260250475754844501e-02 4.081018298215912526e-03 4.081018298215912526e-03 2.887583987302038292e-03
-2.253467074836747543e+03 -1.915922092675881686e+03 1.253845523073365484e+02 0.000000000000000000e+00 0.000000000000000000e+00 -1.956274448849626424e-02 4.081018298215912526e-03 4.081018298215912526e-03 2.887556544437177523e-03
-2.253483943940881545e+03 -1.916322182805385637e+03 1.254027846581337826e+02 0.000000000000000000e+00 0.000000000000000000e+00 3.128476209577968348e-02 4.081018298215912526e-03 4.081018298215912526e-03 2.887556847457506837e-03
-2.252379871740949056e+03 -1.916487763293225271e+03 1.253450980742233867e+02 0.000000000000000000e+00 0.000000000000000000e+00 2.105676266084799408e-02 4.081018298215912526e-03 4.081018298215912526e-03 2.887555773888488431e-03
-1.936268480616277657e+03 -1.939819632931803653e+03 1.091719751242179655e+02 0.000000000000000000e+00 0.000000000000000000e+00 -3.301842483649863880e-02 4.081018298215912526e-03 4.081018298215912526e-03 2.887258101974295946e-03
-1.936632787337999844e+03 -1.939770993305787215e+03 1.091880947844346110e+02 0.000000000000000000e+00 0.000000000000000000e+00 -9.840581345756049814e-03 4.081018298215912526e-03 4.081018298215912526e-03 2.887258399170591731e-03
-1.931886034131831138e+03 -1.657256214823350092e+03 9.756543476011609073e+01 0.000000000000000000e+00 0.000000000000000000e+00 -4.793868030670012104e-02 4.081018298215912526e-03 4.081018298215912526e-03 2.887068352829618833e-03
-2.216130851802377038e+03 -1.619762523334813750e+03 1.114653685522123823e+02 0.000000000000000000e+00 0.000000000000000000e+00 -3.232320501064123164e-02 4.081018298215912526e-03 4.081018298215912526e-03 2.887324407257502168e-03
-2.216107971002578779e+03 -1.619758570830711278e+03 1.114639067611801551e+02 0.000000000000000000e+00 0.000000000000000000e+00 -2.931288708306567514e-02 4.081018298215912526e-03 4.081018298215912526e-03 2.887324380805982374e-03
-2.215444755103629177e+03 -1.619670220035963439e+03 1.114224924644949652e+02 0.000000000000000000e+00 0.000000000000000000e+00 -2.211415310594588846e-02 4.081018298215912526e-03 4.081018298215912526e-03 2.887323629614889971e-03
-2.104609576906559141e+03 -1.406470718643516193e+03 9.800013398337371484e+01 0.000000000000000000e+00 0.000000000000000000e+00 -7.671308565150525283e-03 4.081018298215912526e-03 4.081018298215912526e-03 2.887094254195099637e-03
-1.945569815917273445e+03 -1.251329151013176215e+03 8.507272527383474880e+01 0.000000000000000000e+00 0.000000000000000000e+00 1.998760469795968220e-02 4.081018298215912526e-03 4.081018298215912526e-03 2.886869757689054100e-03
-1.945486529076990337e+03 -1.251193052500187378e+03 8.506474903580561886e+01 0.000000000000000000e+00 0.000000000000000000e+00 -5.694866319818459033e-02 4.081018298215912526e-03 4.081018298215912526e-03 2.886869621877983811e-03
-1.945680896690637155e+03 -1.251286471653475701e+03 8.507711948306331351e+01 0.000000000000000000e+00 0.000000000000000000e+00 -4.953265120292371648e-03 4.081018298215912526e-03 4.081018298215912526e-03 2.886869840389699477e-03
-2.259959152485776940e+03 -9.404813109277588410e+02 9.468665268577134952e+01 0.000000000000000000e+00 0.000000000000000000e+00 -4.594762862049606156e-02 4.081018298215912526e-03 4.081018298215912526e-03 2.887067633257928406e-03
-2.260177028259139206e+03 -9.405685674792961208e+02 9.470129686649497103e+01 0.000000000000000000e+00 0.000000000000000000e+00 5.659696338260289394e-02 4.081018298215912526e-03 4.081018298215912526e-03 2.887067896697304188e-03
-2.260098240810768402e+03 -9.405032279130695088e+02 9.469530316722755003e+01 0.000000000000000000e+00 0.000000000000000000e+00 -6.008751101603593270e-03 4.081018298215912526e-03 4.081018298215912526e-03 2.887067791089416736e-03
-1.971071319412672665e+03 -9.265322864573569177e+02 7.851803396482515041e+01 0.000000000000000000e+00 0.000000000000000000e+00 -2.190470483748185870e-02 4.081018298215912526e-03 4.081018298215912526e-03 2.886771754565159269e-03
-1.970976347617818419e+03 -9.265699540723529708e+02 7.851395715223605976e+01 0.000000000000000000e+00 0.000000000000000000e+00 -3.774372733111874822e-02 4.081018298215912526e-03 4.081018298215912526e-03 2.886771677576008537e-03
-1.971114887664027265e+03 -9.266090659613887510e+02 7.852182839830734906e+01 0.000000000000000000e+00 0.000000000000000000e+00 1.429164038549401994e-02 4.081018298215912526e-03 4.081018298215912526e-03 2.886771818955225031e-03
-2.096988583300546452e+03 -6.504246466350128912e+02 8.040099498693152213e+01 0.000000000000000000e+00 0.000000000000000000e+00 1.841691489107688540e-02 4.081018298215912526e-03 4.081018298215912526e-03 2.886824678902689782e-03
-2.097372703292607639e+03 -6.503331339715907689e+02 8.042068562115483132e+01 0.000000000000000000e+00 0.000000000000000000e+00 4.636857984822029266e-02 4.081018298215912526e-03 4.081018298215912526e-03 2.886825049189278500e-03
-2.097508468540573631e+03 -6.502218961595785913e+02 8.042653708726881234e+01 0.000000000000000000e+00 0.000000000000000000e+00 -2.292736179515486583e-02 4.081018298215912526e-03 4.081018298215912526e-03 2.886825164910766881e-03
-1.965918379007714066e+03 -5.391941035257714248e+02 7.204748229117880953e+01 0.000000000000000000e+00 0.000000000000000000e+00 3.982295332517082898e-02 4.081018298215912526e-03 4.081018298215912526e-03 2.886677373760567888e-03
-1.966101633969338536e+03 -5.389024652194395912e+02 7.205347163503512320e+01 0.000000000000000000e+00 0.000000000000000000e+00 -1.813908161085464599e-02 4.081018298215912526e-03 4.081018298215912526e-03 2.886677502432151259e-03
-2.241596938036438587e+03 -5.037605539215782073e+02 8.678459882675001325e+01 0.000000000000000000e+00 0.000000000000000000e+00 1.680097828419491179e-02 4.081018298215912526e-03 4.081018298215912526e-03 2.886953562303326126e-03
-2.240232961114140380e+03 -5.037473378078223050e+02 8.670444341282350820e+01 0.000000000000000000e+00 0.000000000000000000e+00 -2.252424353754634012e-02 4.081018298215912526e-03 4.081018298215912526e-03 2.886952067486040115e-03
-2.246044898166525854e+03 -1.893750092243248275e+02 8.487908635549655401e+01 0.000000000000000000e+00 0.000000000000000000e+00 -4.755886539264508883e-02 4.081018298215912526e-03 4.081018298215912526e-03 2.886940435024069017e-03
-1.945004206659642705e+03 -1.723922794802824399e+02 6.828970463417928727e+01 0.000000000000000000e+00 0.000000000000000000e+00 -1.973670598877674820e-02 4.081018298215912526e-03 4.081018298215912526e-03 2.886628870686862042e-03
-1.944953977468758012e+03 -1.723022669727080540e+02 6.828687542376773933e+01 0.000000000000000000e+00 0.000000000000000000e+00 -2.579301188566773817e-02 4.081018298215912526e-03 4.081018298215912526e-03 2.886628822507833567e-03
-1.945156475032546041e+03 -1.723841396909411969e+02 6.829741730327113203e+01 0.000000000000000000e+00 0.000000000000000000e+00 1.730117519414875460e-03 4.081018298215912526e-03 4.081018298215912526e-03 2.886629015983194733e-03
-2.050564328944915815e+03 2.272053515298629733e+01 7.367185477056908383e+01 0.000000000000000000e+00 0.000000000000000000e+00 -2.750767621481031711e-02 4.081018298215912526e-03 4.081018298215912526e-03 2.886741473440777861e-03
-2.050707268396477502e+03 2.278835195525088508e+01 7.367966715873534156e+01 0.000000000000000000e+00 0.000000000000000000e+00 -1.496158926177315607e-02 4.081018298215912526e-03 4.081018298215912526e-03 2.886741625830106014e-03
-2.050609877862986650e+03 2.270820558642239462e+01 7.367428917087515572e+01 0.000000000000000000e+00 0.000000000000000000e+00 -1.154326455896637071e-02 4.081018298215912526e-03 4.081018298215912526e-03 2.886741519038912070e-03
-1.908095958455757000e+03 1.637161866506443175e+02 6.671746714625162156e+01 0.000000000000000000e+00 0.000000000000000000e+00 3.569261458447670066e-02 4.081018298215912526e-03 4.081018298215912526e-03 2.886616101333128355e-03
-1.908079421474636092e+03 1.639141515407898169e+02 6.671759445115799281e+01 0.000000000000000000e+00 0.000000000000000000e+00 -3.420563820895949902e-02 4.081018298215912526e-03 4.081018298215912526e-03 2.886616112679820604e-03
-1.908361438798705649e+03 1.638494422064452181e+02 6.673141960540928608e+01 0.000000000000000000e+00 0.000000000000000000e+00 4.892429247917107205e-03 4.081018298215912526e-03 4.081018298215912526e-03 2.886616373886840160e-03
-2.242683714520746889e+03 2.176492876080980352e+02 8.534309348779657967e+01 0.000000000000000000e+00 0.000000000000000000e+00 -1.163440923953373840e-02 4.081018298215912526e-03 4.081018298215912526e-03 2.886976793373479191e-03
-2.241147181341415944e+03 2.177985698226226816e+02 8.525279704422105453e+01 0.000000000000000000e+00 0.000000000000000000e+00 -5.956973788825337124e-02 4.081018298215912526e-03 4.081018298215912526e-03 2.886975058919018493e-03
-2.277689741946874165e+03 4.777855461442456999e+02 8.996249164560079237e+01 0.000000000000000000e+00 0.000000000000000000e+00 -3.914011671039929752e-02 4.081018298215912526e-03 4.081018298215912526e-03 2.887082495839415983e-03
-2.277694622977880044e+03 4.777797488635512764e+02 8.996271348711620419e+01 0.000000000000000000e+00 0.000000000000000000e+00 2.294437308258068242e-02 4.081018298215912526e-03 4.081018298215912526e-03 2.887082499862266179e-03
-2.277108494655271443e+03 4.778374080362652876e+02 8.992786134673858101e+01 0.000000000000000000e+00 0.000000000000000000e+00 -5.171564568877329293e-02 4.081018298215912526e-03 4.081018298215912526e-03 2.887081818869042561e-03
-2.276856230098620927e+03 4.778538276459910321e+02 8.991275618411586379e+01 0.000000000000000000e+00 0.000000000000000000e+00 -2.235791885188120887e-02 4.081018298215912526e-03 4.081018298215912526e-03 2.887081523231526357e-03
-1.956324911991400313e+03 4.868746942964589834e+02 7.199851441808328900e+01 0.000000000000000000e+00 0.000000000000000000e+00 2.266331643696162246e-03 4.081018298215912526e-03 4.081018298215912526e-03 2.886731337590567499e-03
-1.956580300573601562e+03 4.869741226665091745e+02 7.201300828501010187e+01 0.000000000000000000e+00 0.000000000000000000e+00 -7.989860962140937772e-03 4.081018298215912526e-03 4.081018298215912526e-03 2.886731623935675280e-03
-1.957087313271901394e+03 4.869003402452594855e+02 7.203835033873211557e+01 0.000000000000000000e+00 0.000000000000000000e+00 -2.753771944935579086e-02 4.081018298215912526e-03 4.081018298215912526e-03 2.886732115651983142e-03
-2.039044676044763719e+03 7.420736162746075024e+02 8.043990820060380997e+01 0.000000000000000000e+00 0.000000000000000000e+00 1.095062464435159200e-02 4.081018298215912526e-03 4.081018298215912526e-03 2.886906014235132018e-03
-1.954358734904291168e+03 8.819724690061351566e+02 7.882501141192960858e+01 0.000000000000000000e+00 0.000000000000000000e+00 5.156829543182084308e-03 4.081018298215912526e-03 4.081018298215912526e-03 2.886876925384258396e-03
-1.954514767932254472e+03 8.817193922877795558e+02 7.882748878902566503e+01 0.000000000000000000e+00 0.000000000000000000e+00 4.833418769682396032e-02 4.081018298215912526e-03 4.081018298215912526e-03 2.886876971145892461e-03
-1.954273017899895194e+03 8.815639722207098430e+02 7.881136286351807030e+01 0.000000000000000000e+00 0.000000000000000000e+00 1.628396279764388055e-02 4.081018298215912526e-03 4.081018298215912526e-03 2.886876645482965281e-03
-2.246292814788041596e+03 9.105450049748717447e+02 9.594063687141775176e+01 0.000000000000000000e+00 0.000000000000000000e+00 1.543593790034947233e-02 4.081018298215912526e-03 4.081018298215912526e-03 2.887222098895187231e-03
-2.245907096145216656e+03 9.107028482775588145e+02 9.592103032529411166e+01 0.000000000000000000e+00 0.000000000000000000e+00 -3.492288413924882207e-02 4.081018298215912526e-03 4.081018298215912526e-03 2.887221708292434397e-03
-2.245505624484104828e+03 9.103062391263819109e+02 9.588738741849056169e+01 0.000000000000000000e+00 0.000000000000000000e+00 4.222851448815845288e-03 4.081018298215912526e-03 4.081018298215912526e-03 2.887221014787342936e-03
-2.251272497243523048e+03 1.186824538408676972e+03 1.037392520737390953e+02 0.000000000000000000e+00 0.000000000000000000e+00 1.112649602839610452e-02 4.081018298215912526e-03 4.081018298215912526e-03 2.887388586478498859e-03
-2.251183907078157517e+03 1.186781385054519887e+03 1.037325152911933799e+02 0.000000000000000000e+00 0.000000000000000000e+00 4.349973205047774627e-02 4.081018298215912526e-03 4.081018298215912526e-03 2.887388446832404258e-03
-2.251209113276200696e+03 1.186893503401613543e+03 1.037374954465840347e+02 0.000000000000000000e+00 0.000000000000000000e+00 2.514590823010109943e-02 4.081018298215912526e-03 4.081018298215912526e-03 2.887388551415790480e-03
-1.954658506798031567e+03 1.193009793472010870e+03 8.704749821128321230e+01 0.000000000000000000e+00 0.000000000000000000e+00 -1.365452021613577926e-02 4.081018298215912526e-03 4.081018298215912526e-03 2.887045251916560071e-03
-1.954753939293763779e+03 1.193140302833281112e+03 8.705649384142725467e+01 0.000000000000000000e+00 0.000000000000000000e+00 -7.446412416030057102e-03 4.081018298215912526e-03 4.081018298215912526e-03 2.887045435614387853e-03
-1.954741528761605878e+03 1.193241779144228531e+03 8.705892009322289482e+01 0.000000000000000000e+00 0.000000000000000000e+00 -1.091821714931029419e-02 4.081018298215912526e-03 4.081018298215912526e-03 2.887045484703642650e-03
-2.082338382724614803e+03 1.420534644997175747e+03 1.016351010033821183e+02 0.000000000000000000e+00 0.000000000000000000e+00 -2.505750513421389769e-02 4.081018298215912526e-03 4.081018298215912526e-03 2.887344994074439539e-03
-2.082220720290751615e+03 1.420426612008895518e+03 1.016244873246614588e+02 0.000000000000000000e+00 0.000000000000000000e+00 3.347964242284717784e-02 4.081018298215912526e-03 4.081018298215912526e-03 2.887344773699109142e-03
-2.082106752127873733e+03 1.420458985519072712e+03 1.016192057686083245e+02 0.000000000000000000e+00 0.000000000000000000e+00 9.423358285872041051e-03 4.081018298215912526e-03 4.081018298215912526e-03 2.887344662577197123e-03
-1.945243175145023997e+03 1.586364197580807058e+03 1.005003825320685991e+02 0.000000000000000000e+00 0.000000000000000000e+00 1.552917563785172206e-03 4.081018298215912526e-03 4.081018298215912526e-03 2.887316035598507229e-03
-1.945379939211860346e+03 1.586440029575845074e+03 1.005107284980010149e+02 0.000000000000000000e+00 0.000000000000000000e+00 1.753972068617315472e-02 4.081018298215912526e-03 4.081018298215912526e-03 2.887316251251334856e-03
-1.945284780906640208e+03 1.586442730402014831e+03 1.005057837033035355e+02 0.000000000000000000e+00 0.000000000000000000e+00 7.027330182154400973e-04 4.081018298215912526e-03 4.081018298215912526e-03 2.887316146435777147e-03
-2.232107883751910776e+03 1.643435892149844221e+03 1.192977578333364477e+02 0.000000000000000000e+00 0.000000000000000000e+00 -5.264119804181177642e-02 4.081018298215912526e-03 4.081018298215912526e-03 2.887713851061518653e-03
-2.232270505805855009e+03 1.643393361590478662e+03 1.193059268177811845e+02 0.000000000000000000e+00 0.000000000000000000e+00 -1.127167830340169985e-02 4.081018298215912526e-03 4.081018298215912526e-03 2.887714026758549796e-03
-2.232299117264939468e+03 1.643187648832949435e+03 1.192989043044838837e+02 0.000000000000000000e+00 0.000000000000000000e+00 3.100244999244239352e-02 4.081018298215912526e-03 4.081018298215912526e-03 2.887713882125668603e-03
-2.251659619207326159e+03 1.893656786054136319e+03 1.320397423947795232e+02 0.000000000000000000e+00 0.000000000000000000e+00 -1.864986713081862035e-02 4.081018298215912526e-03 4.081018298215912526e-03 2.887979125225939581e-03
-2.250961833821433629e+03 1.893573487763589810e+03 1.319920430094367703e+02 0.000000000000000000e+00 0.000000000000000000e+00 -3.168486253622404547e-02 4.081018298215912526e-03 4.081018298215912526e-03 2.887978088690195191e-03
-2.250825894680708188e+03 1.893435632363047944e+03 1.319767306541397431e+02 0.000000000000000000e+00 0.000000000000000000e+00 -6.224334775879469817e-03 4.081018298215912526e-03 4.081018298215912526e-03 2.887977761951680475e-03
-1.930786608763482718e+03 1.894944484712657186e+03 1.135450825163913464e+02 0.000000000000000000e+00 0.000000000000000000e+00 7.337687586542074314e-03 4.081018298215912526e-03 4.081018298215912526e-03 2.887576339679535139e-03
-1.930812508264689313e+03 1.895090014957113453e+03 1.135535826171194884e+02 0.000000000000000000e+00 0.000000000000000000e+00 5.410022404362280213e-03 4.081018298215912526e-03 4.081018298215912526e-03 2.887576512219697418e-03
-1.930927790445066648e+03 1.895098385003774638e+03 1.135601302206706720e+02 0.000000000000000000e+00 0.000000000000000000e+00 2.589176645901147822e-02 4.081018298215912526e-03 4.081018298215912526e-03 2.887576653754084927e-03
-2.093424759506004648e+03 2.126842613023094600e+03 1.347404368053479971e+02 0.000000000000000000e+00 0.000000000000000000e+00 4.266911731428990606e-02 4.081018298215912526e-03 4.081018298215912526e-03 2.888020633340458027e-03
-2.093134045526420778e+03 2.126836474697526683e+03 1.347231326793010737e+02 0.000000000000000000e+00 0.000000000000000000e+00 5.491112394327046786e-02 4.081018298215912526e-03 4.081018298215912526e-03 2.888020249631623355e-03
-2.093140795718288700e+03 2.127033174376350871e+03 1.347344732090595585e+02 0.000000000000000000e+00 0.000000000000000000e+00 3.974147460752419647e-02 4.081018298215912526e-03 4.081018298215912526e-03 2.888020481563539302e-03
-1.933379553647152761e+03 2.294909184380076113e+03 1.354675329525057350e+02 0.000000000000000000e+00 0.000000000000000000e+00 3.382899753648871410e-02 4.081018298215912526e-03 4.081018298215912526e-03 2.888016432993075183e-03
-1.933302748791802514e+03 2.294826482664525884e+03 1.354584138729031224e+02 0.000000000000000000e+00 0.000000000000000000e+00 3.033572969707165612e-02 4.081018298215912526e-03 4.081018298215912526e-03 2.888016239707369599e-03
-1.933322531956022885e+03 2.295036517237248518e+03 1.354720985192427634e+02 0.000000000000000000e+00 0.000000000000000000e+00 3.622948013656923649e-03 4.081018298215912526e-03 4.081018298215912526e-03 2.888016517495451633e-03
-2.231820457628901750e+03 2.302173397947322428e+03 1.533345067891799545e+02 0.000000000000000000e+00 0.000000000000000000e+00 3.334154490329410692e-02 4.081018298215912526e-03 4.081018298215912526e-03 2.888418294103687819e-03
-2.231595319683657181e+03 2.302166885306172389e+03 1.533199823371409991e+02 0.000000000000000000e+00 0.000000000000000000e+00 1.915953219440780231e-02 4.081018298215912526e-03 4.081018298215912526e-03 2.888417966631591938e-03
-2.993113585315158161e+03 -1.671753023604852160e+03 1.666541484415548098e+02 0.000000000000000000e+00 0.000000000000000000e+00 1.919009913680724821e-02 4.081018298215912526e-03 4.081018298215912526e-03 2.888345123254000384e-03
-2.993120038602511613e+03 -1.671804283448800334e+03 1.666565913584827001e+02 0.000000000000000000e+00 0.000000000000000000e+00 4.510383941035911448e-02 4.081018298215912526e-03 4.081018298215912526e-03 2.888345164706574830e-03
-2.636008079330307737e+03 -1.660457117698609864e+03 1.396135119996082778e+02 0.000000000000000000e+00 0.000000000000000000e+00 1.076023222469757457e-02 4.081018298215912526e-03 4.081018298215912526e-03 2.887840209045495782e-03
-2.635739907681622299e+03 -1.660516775405322278e+03 1.395971263071796784e+02 0.000000000000000000e+00 0.000000000000000000e+00 -2.163330865545276538e-02 4.081018298215912526e-03 4.081018298215912526e-03 2.887839899678699279e-03
-2.777747630105377993e+03 -1.422298028558171154e+03 1.415199427575849711e+02 0.000000000000000000e+00 0.000000000000000000e+00 9.166384110613989833e-03 4.081018298215912526e-03 4.081018298215912526e-03 2.887896026507629898e-03
-2.777573400990448135e+03 -1.422366200381679619e+03 1.415093115591860453e+02 0.000000000000000000e+00 0.000000000000000000e+00 -1.548195678552133359e-02 4.081018298215912526e-03 4.081018298215912526e-03 2.887895822098398603e-03
-2.777613074395432704e+03 -1.422512798725503899e+03 1.415168739885880882e+02 0.000000000000000000e+00 0.000000000000000000e+00 2.399718720798205140e-02 4.081018298215912526e-03 4.081018298215912526e-03 2.887895950369615602e-03
-2.966189508736169955e+03 -1.269284891580250360e+03 1.512947224295734827e+02 0.000000000000000000e+00 0.000000000000000000e+00 4.298321729967824467e-02 4.081018298215912526e-03 4.081018298215912526e-03 2.888093170143006452e-03
-2.668595115296666791e+03 -1.222748797333288394e+03 1.278119148610713012e+02 0.000000000000000000e+00 0.000000000000000000e+00 3.239776963849294589e-02 4.081018298215912526e-03 4.081018298215912526e-03 2.887658041279028351e-03
-2.668601728411048043e+03 -1.222921288539843090e+03 1.278170482519934410e+02 0.000000000000000000e+00 0.000000000000000000e+00 2.796364812920160148e-02 4.081018298215912526e-03 4.081018298215912526e-03 2.887658121805615052e-03
-2.668573437859442492e+03 -1.222885772039979202e+03 1.278140976256112538e+02 0.000000000000000000e+00 0.000000000000000000e+00 5.440037256491336848e-02 4.081018298215912526e-03 4.081018298215912526e-03 2.887658069985989638e-03
-2.974862934497997685e+03 -9.500982108854317403e+02 1.442113048458826938e+02 0.000000000000000000e+00 0.000000000000000000e+00 -1.564672879331396871e-02 4.081018298215912526e-03 4.081018298215912526e-03 2.887991194983770358e-03
-2.974794162350244733e+03 -9.500972601821807757e+02 1.442058348810100767e+02 0.000000000000000000e+00 0.000000000000000000e+00 -6.069289868415239653e-02 4.081018298215912526e-03 4.081018298215912526e-03 2.887991091750033695e-03
-2.974913273007956832e+03 -9.501847458508536874e+02 1.442170746914850952e+02 0.000000000000000000e+00 0.000000000000000000e+00 1.433858567853008026e-02 4.081018298215912526e-03 4.081018298215912526e-03 2.887991295142842366e-03
-2.639581953974173302e+03 -9.372000844360918563e+02 1.190037223074614587e+02 0.000000000000000000e+00 0.000000000000000000e+00 2.834633475445968998e-02 4.081018298215912526e-03 4.081018298215912526e-03 2.887519033341517331e-03
-2.639525778184956835e+03 -9.369853489695468625e+02 1.189954297534833074e+02 0.000000000000000000e+00 0.000000000000000000e+00 -3.404975511632812868e-02 4.081018298215912526e-03 4.081018298215912526e-03 2.887518897620739832e-03
-2.789537762184332223e+03 -7.157554628952525491e+02 1.258287260731900830e+02 0.000000000000000000e+00 0.000000000000000000e+00 4.109122202724790895e-02 4.081018298215912526e-03 4.081018298215912526e-03 2.887667756205055617e-03
-2.789723549146315690e+03 -7.154166996072005986e+02 1.258373452483626664e+02 0.000000000000000000e+00 0.000000000000000000e+00 -5.386324767120242996e-02 4.081018298215912526e-03 4.081018298215912526e-03 2.887667951939821686e-03
-2.789974364920846710e+03 -7.153437170661349001e+02 1.258548027678466212e+02 0.000000000000000000e+00 0.000000000000000000e+00 -5.763077435980790142e-02 4.081018298215912526e-03 4.081018298215912526e-03 2.887668288380157780e-03
-2.963958436510652518e+03 -5.479186745625163439e+02 1.369880791974609053e+02 0.000000000000000000e+00 0.000000000000000000e+00 3.850357777540125426e-02 4.081018298215912526e-03 4.081018298215912526e-03 2.887896770156259552e-03
-2.963971425034433196e+03 -5.477788303356677488e+02 1.369875639366878772e+02 0.000000000000000000e+00 0.000000000000000000e+00 1.862664887639198241e-02 4.081018298215912526e-03 4.081018298215912526e-03 2.887896775599074588e-03
-2.963921422605672433e+03 -5.476793987622254463e+02 1.369825069467865433e+02 0.000000000000000000e+00 0.000000000000000000e+00 -1.036477679758718295e-02 4.081018298215912526e-03 4.081018298215912526e-03 2.887896690015764184e-03
-2.641869353110706470e+03 -5.440997364936450822e+02 1.129443139017468951e+02 0.000000000000000000e+00 0.000000000000000000e+00 3.970100696714951027e-02 4.081018298215912526e-03 4.081018298215912526e-03 2.887441079976007727e-03
-2.641942805546882937e+03 -5.440722211259584356e+02 1.129491390391884238e+02 0.000000000000000000e+00 0.000000000000000000e+00 -4.475280277729609679e-02 4.081018298215912526e-03 4.081018298215912526e-03 2.887441173543124889e-03
-2.953388788058757655e+03 -2.149705028193306759e+02 1.337984834503365335e+02 0.000000000000000000e+00 0.000000000000000000e+00 3.553216767051026181e-02 4.081018298215912526e-03 4.081018298215912526e-03 2.887872671975000912e-03
-2.953325238048710162e+03 -2.148187803219966838e+02 1.337929838070851360e+02 0.000000000000000000e+00 0.000000000000000000e+00 -4.046669681846992717e-02 4.081018298215912526e-03 4.081018298215912526e-03 2.887872582960452142e-03
-2.953425591043048826e+03 -2.147156274922009800e+02 1.338006150802060574e+02 0.000000000000000000e+00 0.000000000000000000e+00 2.669398139320833252e-02 4.081018298215912526e-03 4.081018298215912526e-03 2.887872741841975965e-03
-2.658771523724542931e+03 -2.167055567507856892e+02 1.117317887116312107e+02 0.000000000000000000e+00 0.000000000000000000e+00 -4.463478038279333759e-02 4.081018298215912526e-03 4.081018298215912526e-03 2.887448702436078846e-03
-2.658687939799568085e+03 -2.167459744255201599e+02 1.117260208408614091e+02 0.000000000000000000e+00 0.000000000000000000e+00 -3.501071545819911535e-02 4.081018298215912526e-03 4.081018298215912526e-03 2.887448588384377603e-03
-2.658646073035537938e+03 -2.167750026002592278e+02 1.117231620361409767e+02 0.000000000000000000e+00 0.000000000000000000e+00 -2.665153293912680965e-02 4.081018298215912526e-03 4.081018298215912526e-03 2.887448531007984470e-03
-2.793481269817921657e+03 -5.488847577752350659e+00 1.213528429483022819e+02 0.000000000000000000e+00 0.000000000000000000e+00 8.289003209441148101e-03 4.081018298215912526e-03 4.081018298215912526e-03 2.887654664394321159e-03
-2.793519792415322172e+03 -5.262618120319617177e+00 1.213561302095983336e+02 0.000000000000000000e+00 0.000000000000000000e+00 -4.684529563508021965e-02 4.081018298215912526e-03 4.081018298215912526e-03 2.887654751308551745e-03
-2.794523531196537988e+03 -5.050191196965180040e+00 1.214315994580069287e+02 0.000000000000000000e+00 0.000000000000000000e+00 -1.365536102191811096e-02 4.081018298215912526e-03 4.081018298215912526e-03 2.887656235650925152e-03
-2.957712410156800161e+03 1.615938649252020696e+02 1.347033085941906450e+02 0.000000000000000000e+00 0.000000000000000000e+00 -6.167265474564942451e-02 4.081018298215912526e-03 4.081018298215912526e-03 2.887933213167797296e-03
-2.958886750174754070e+03 1.618283838264219980e+02 1.347984797631202412e+02 0.000000000000000000e+00 0.000000000000000000e+00 -3.073301104279835272e-02 4.081018298215912526e-03 4.081018298215912526e-03 2.887935109055415200e-03
-2.621645498917129771e+03 1.546951221882364393e+02 1.094899111485591447e+02 0.000000000000000000e+00 0.000000000000000000e+00 6.505289526245405796e-03 4.081018298215912526e-03 4.081018298215912526e-03 2.887439850527190235e-03
-2.620684513598733702e+03 1.547564899851957421e+02 1.094229442001570760e+02 0.000000000000000000e+00 0.000000000000000000e+00 -5.635506404999546248e-03 4.081018298215912526e-03 4.081018298215912526e-03 2.887438554266163766e-03
-2.620478133927088493e+03 1.548086905453236568e+02 1.094087787600399651e+02 0.000000000000000000e+00 0.000000000000000000e+00 -2.058845959204802512e-02 4.081018298215912526e-03 4.081018298215912526e-03 2.887438283574415235e-03
-2.980270947324923782e+03 4.786897237871102107e+02 1.396930275648507518e+02 0.000000000000000000e+00 0.000000000000000000e+00 5.314904668588837922e-02 4.081018298215912526e-03 4.081018298215912526e-03 2.888068173507139791e-03
-2.980293248439136278e+03 4.789065798329841073e+02 1.396978646846017114e+02 0.000000000000000000e+00 0.000000000000000000e+00 5.608400502580934699e-02 4.081018298215912526e-03 4.081018298215912526e-03 2.888068294644293918e-03
-2.980174138433001190e+03 4.788876616481549036e+02 1.396879559042648395e+02 0.000000000000000000e+00 0.000000000000000000e+00 9.817866706072209126e-03 4.081018298215912526e-03 4.081018298215912526e-03 2.888068094342554747e-03
-2.621056191240295448e+03 4.737510145074251113e+02 1.124317786168184057e+02 0.000000000000000000e+00 0.000000000000000000e+00 -1.408009473428251113e-02 4.081018298215912526e-03 4.081018298215912526e-03 2.887525221986700450e-03
-2.620952345092036012e+03 4.735079289883511819e+02 1.124212334583760509e+02 0.000000000000000000e+00 0.000000000000000000e+00 8.259786637552224420e-03 4.081018298215912526e-03 4.081018298215912526e-03 2.887524993071374519e-03
-2.621081813586315548e+03 4.736911022581152793e+02 1.124327895230997854e+02 0.000000000000000000e+00 0.000000000000000000e+00 2.328578859646768251e-03 4.081018298215912526e-03 4.081018298215912526e-03 2.887525237032587296e-03
-3.002284485040486288e+03 8.683981227889488537e+02 1.488609954568519527e+02 0.000000000000000000e+00 0.000000000000000000e+00 1.297940628197125079e-02 4.081018298215912526e-03 4.081018298215912526e-03 2.888296397598548969e-03
-3.002336725460972502e+03 8.685614709016577990e+02 1.488692007338151200e+02 0.000000000000000000e+00 0.000000000000000000e+00 -2.941785583487899203e-03 4.081018298215912526e-03 4.081018298215912526e-03 2.888296582854293307e-03
-3.002451213154116431e+03 8.685716448074718983e+02 1.488788715095786017e+02 0.000000000000000000e+00 0.000000000000000000e+00 3.700459909822484406e-03 4.081018298215912526e-03 4.081018298215912526e-03 2.888296782234126264e-03
-2.636433136442790783e+03 8.837672843462225956e+02 1.210714376712215596e+02 0.000000000000000000e+00 0.000000000000000000e+00 8.832443698665315424e-03 4.081018298215912526e-03 4.081018298215912526e-03 2.887730154007149292e-03
-2.636343959668820389e+03 8.838706816718233767e+02 1.210674906309672849e+02 0.000000000000000000e+00 0.000000000000000000e+00 -6.122646286245014835e-02 4.081018298215912526e-03 4.081018298215912526e-03 2.887730080844957276e-03
-2.636483468389430072e+03 8.836781879772522643e+02 1.210729404843876864e+02 0.000000000000000000e+00 0.000000000000000000e+00 1.895150046010485312e-03 4.081018298215912526e-03 4.081018298215912526e-03 2.887730178436679306e-03
-3.001181147987219447e+03 1.183316208148297846e+03 1.575783500098007153e+02 0.000000000000000000e+00 0.000000000000000000e+00 2.416637262109588846e-02 4.081018298215912526e-03 4.081018298215912526e-03 2.888507759579578282e-03
-3.001079517021941683e+03 1.183327714729985928e+03 1.575702867174223059e+02 0.000000000000000000e+00 0.000000000000000000e+00 -9.657276241199497235e-03 4.081018298215912526e-03 4.081018298215912526e-03 2.888507591611333934e-03
-3.002448431189010535e+03 1.183506398581535223e+03 1.576896253977571973e+02 0.000000000000000000e+00 0.000000000000000000e+00 -6.263403821236579461e-03 4.081018298215912526e-03 4.081018298215912526e-03 2.888510108731235336e-03
-2.645366545879074238e+03 1.195985990363147948e+03 1.303351727578001089e+02 0.000000000000000000e+00 0.000000000000000000e+00 3.169667558333344459e-02 4.081018298215912526e-03 4.081018298215912526e-03 2.887939778819784229e-03
-2.645493959734546934e+03 1.196006970177921858e+03 1.303450713335910507e+02 0.000000000000000000e+00 0.000000000000000000e+00 1.215809929493616437e-02 4.081018298215912526e-03 4.081018298215912526e-03 2.887939985835177338e-03
-2.645441210327902809e+03 1.195911493248416264e+03 1.303382255926647701e+02 0.000000000000000000e+00 0.000000000000000000e+00 1.473755204804660934e-02 4.081018298215912526e-03 4.081018298215912526e-03 2.887939838475306505e-03
-2.797696585392114230e+03 1.422651025499092157e+03 1.496386657198794126e+02 0.000000000000000000e+00 0.000000000000000000e+00 9.874175053056433171e-03 4.081018298215912526e-03 4.081018298215912526e-03 2.888357189591425709e-03
-2.797752071956894724e+03 1.422760182967440414e+03 1.496471063916802677e+02 0.000000000000000000e+00 0.000000000000000000e+00 2.526701453717805634e-02 4.081018298215912526e-03 4.081018298215912526e-03 2.888357374353503742e-03
-2.797726761247942250e+03 1.422681920396461919e+03 1.496421752966959389e+02 0.000000000000000000e+00 0.000000000000000000e+00 2.058953581166633739e-02 4.081018298215912526e-03 4.081018298215912526e-03 2.888357265678191069e-03
-2.967545758283145005e+03 1.590992599860193877e+03 1.700582658724472935e+02 0.000000000000000000e+00 0.000000000000000000e+00 3.970846737863098497e-02 4.081018298215912526e-03 4.081018298215912526e-03 2.888803430473929623e-03
-2.968209621492114820e+03 1.591099100597420602e+03 1.701178845772427906e+02 0.000000000000000000e+00 0.000000000000000000e+00 1.087557449352516414e-03 4.081018298215912526e-03 4.081018298215912526e-03 2.888804723704804442e-03
-2.968266897188469102e+03 1.591097897422705273e+03 1.701225831916568154e+02 0.000000000000000000e+00 0.000000000000000000e+00 3.530351286528343735e-02 4.081018298215912526e-03 4.081018298215912526e-03 2.888804825088605536e-03
-2.631928320690419696e+03 1.577831766874457571e+03 1.433638037552704816e+02 0.000000000000000000e+00 0.000000000000000000e+00 5.808800757591825459e-02 4.081018298215912526e-03 4.081018298215912526e-03 2.888228901956498701e-03
-2.631975823308961481e+03 1.577945530039690084e+03 1.433720155276118930e+02 0.000000000000000000e+00 0.000000000000000000e+00 5.521683818869860261e-02 4.081018298215912526e-03 4.081018298215912526e-03 2.888229080052014033e-03
