# x y z x_res y_res z_res x_res_err y_res_err z_res_err
-2.999124848538523565e+03 -1.662695063755984165e+03 1.667941868623543655e+02 0.000000000000000000e+00 0.000000000000000000e+00 8.317659500249874327e-03 8.990308634492403736e-03 1.421843624390936416e-02 9.938226218154863623e-03
-2.999227635795110928e+03 -1.662632405850710029e+03 1.668000568114407827e+02 0.000000000000000000e+00 0.000000000000000000e+00 2.590055701631399643e-02 8.990473298964293120e-03 1.421831353217213080e-02 9.938150046257511472e-03
-2.999182572208408146e+03 -1.662601500534145316e+03 1.667952997802455002e+02 0.000000000000000000e+00 0.000000000000000000e+00 2.152183239493865585e-02 8.990364554630921740e-03 1.421828893587794712e-02 9.938137147431325494e-03
-2.621504449082736301e+03 -1.652341076298266216e+03 1.383083902025852012e+02 0.000000000000000000e+00 0.000000000000000000e+00 6.001659916080370749e-03 8.261761810643591594e-03 1.424160115438653264e-02 9.949903841850821218e-03
-2.621605250876204991e+03 -1.652252751505643346e+03 1.383120695031790035e+02 0.000000000000000000e+00 0.000000000000000000e+00 4.470400537371688188e-03 8.261884338596410179e-03 1.424148698721317691e-02 9.949840529654120636e-03
-2.621567299545219157e+03 -1.652381821252186228e+03 1.383142361743188644e+02 0.000000000000000000e+00 0.000000000000000000e+00 1.235777154008133039e-02 8.261909245146187644e-03 1.424163308847445179e-02 9.949919740049698383e-03
-2.792422729510082263e+03 -1.421462649778761033e+03 1.425741478677928171e+02 0.000000000000000000e+00 0.000000000000000000e+00 -1.357064625395310031e-02 8.438880661592368729e-03 1.394972729698915927e-02 9.781445734595415470e-03
-2.792331984288904096e+03 -1.421435228383750882e+03 1.425665771761879626e+02 0.000000000000000000e+00 0.000000000000000000e+00 1.068846856773575382e-02 8.438690481906591448e-03 1.394965433291907482e-02 9.781395696035590295e-03
-2.792418546828181661e+03 -1.421433187785365135e+03 1.425729052509184100e+02 0.000000000000000000e+00 0.000000000000000000e+00 1.030318379673644813e-02 8.438859152187536822e-03 1.394964469999816943e-02 9.781389769111420093e-03
-2.622366468512461779e+03 -1.248403610623634449e+03 1.252937947900114466e+02 0.000000000000000000e+00 0.000000000000000000e+00 1.513666244677835948e-02 8.011972593217640826e-03 1.376676621037185334e-02 9.673053911768808924e-03
-2.622302549078151515e+03 -1.248305021165230528e+03 1.252866569459412034e+02 0.000000000000000000e+00 0.000000000000000000e+00 9.755145623032035473e-03 8.011796325619572820e-03 1.376667224413680515e-02 9.672999012330112459e-03
-2.622196698821112932e+03 -1.248300097767712032e+03 1.252792176920517591e+02 0.000000000000000000e+00 0.000000000000000000e+00 6.193985407264790410e-03 8.011587046050998653e-03 1.376668293303419388e-02 9.673007253707836817e-03
-2.960602244422447711e+03 -1.226313746378845053e+03 1.496682524199850661e+02 0.000000000000000000e+00 0.000000000000000000e+00 2.315296828015789288e-03 8.677290530551343140e-03 1.371119776378888766e-02 9.636034103300288381e-03
-2.960526024568635421e+03 -1.226226244925359651e+03 1.496598792560154152e+02 0.000000000000000000e+00 0.000000000000000000e+00 5.976622395422737100e-03 8.677096211311735932e-03 1.371110055163695177e-02 9.635973966341356695e-03
-2.960515996625647404e+03 -1.226287211925369775e+03 1.496607413147959278e+02 0.000000000000000000e+00 0.000000000000000000e+00 4.977887417737747455e-02 8.677107582103544062e-03 1.371107866967029125e-02 9.635950415077063763e-03
-2.999730278880706010e+03 -9.498322229456213108e+02 1.461857372054034840e+02 0.000000000000000000e+00 0.000000000000000000e+00 -5.929087332617655193e-03 8.653328812846826368e-03 1.341141074201973940e-02 9.445505152662651491e-03
-2.999639848581821752e+03 -9.499655951873447748e+02 1.461812460594220511e+02 0.000000000000000000e+00 0.000000000000000000e+00 1.806695405548452982e-02 8.653183370221816800e-03 1.341150613788183454e-02 9.445565106765892519e-03
-2.999634984932538373e+03 -9.499009530036161095e+02 1.461795282041907740e+02 0.000000000000000000e+00 0.000000000000000000e+00 9.826718704829318085e-03 8.653152196652280290e-03 1.341145756409310372e-02 9.445534787647036357e-03
-2.638555868344689770e+03 -9.239334190359360264e+02 1.186635181856831593e+02 0.000000000000000000e+00 0.000000000000000000e+00 6.823724715403045593e-03 7.904072235704889468e-03 1.341735840111024820e-02 9.454733972204483472e-03
-2.638523749752714593e+03 -9.238064934590020130e+02 1.186587320087654405e+02 0.000000000000000000e+00 0.000000000000000000e+00 -6.251767072527059099e-03 7.903963045335218179e-03 1.341725873164437317e-02 9.454672179036983926e-03
-2.638688618529408814e+03 -9.237266101594115071e+02 1.186685943291862202e+02 0.000000000000000000e+00 0.000000000000000000e+00 -1.891054304792305629e-03 7.904266318588870632e-03 1.341715430129641548e-02 9.454601740807245386e-03
-2.812732419423243755e+03 -7.155078135185061683e+02 1.275490988517073845e+02 0.000000000000000000e+00 0.000000000000000000e+00 -1.864733720987032939e-02 8.199962152857452266e-03 1.319629110978367235e-02 9.305684046139838309e-03
-2.812635849986142148e+03 -7.155313744414341954e+02 1.275422447303681395e+02 0.000000000000000000e+00 0.000000000000000000e+00 -2.130739453046714971e-02 8.199767503913270653e-03 1.319632778977267683e-02 9.305710755039577758e-03
-2.812732000218362373e+03 -7.155444792888412167e+02 1.275496221039057190e+02 0.000000000000000000e+00 0.000000000000000000e+00 -1.348027209253643832e-02 8.199969771525967774e-03 1.319631509079284386e-02 9.305699941036216574e-03
-3.013858510400909836e+03 -5.389851738518449338e+02 1.408787716627521149e+02 0.000000000000000000e+00 0.000000000000000000e+00 -2.663730444965040078e-03 8.589526689072628923e-03 1.301447856424878431e-02 9.176146590282088442e-03
-3.013820340922715332e+03 -5.389595506752732490e+02 1.408754165515233865e+02 0.000000000000000000e+00 0.000000000000000000e+00 -8.897537640848440788e-04 8.589442077356408689e-03 1.301445540063974823e-02 9.176130808748121648e-03
-3.013838155985363755e+03 -5.389160665882824333e+02 1.408763844900543347e+02 0.000000000000000000e+00 0.000000000000000000e+00 -6.663026233184154989e-03 8.589473654282265766e-03 1.301442736116398095e-02 9.176110643908216152e-03
-2.630332369446653047e+03 -5.206245944929017924e+02 1.118830655054056535e+02 0.000000000000000000e+00 0.000000000000000000e+00 1.370058830389098148e-03 7.789885180988749026e-03 1.303071189539845888e-02 9.193788719090059680e-03
-2.630401719759736807e+03 -5.204708545652886187e+02 1.118862515080573274e+02 0.000000000000000000e+00 0.000000000000000000e+00 5.293180772824257474e-03 7.790004617690811373e-03 1.303056060461994445e-02 9.193680358963540397e-03
-2.630414116222668326e+03 -5.204669729146302188e+02 1.118870726743801356e+02 0.000000000000000000e+00 0.000000000000000000e+00 2.024473746736532576e-02 7.790029151334742878e-03 1.303052359248594964e-02 9.193653932757759467e-03
-2.978868985471597625e+03 -2.404286325543554028e+02 1.359114718662699488e+02 0.000000000000000000e+00 0.000000000000000000e+00 -2.892792856445680627e-02 8.491031325374105709e-03 1.276594326905502140e-02 8.994158392218204456e-03
-2.978733347511305055e+03 -2.404254633883014662e+02 1.359006202608017020e+02 0.000000000000000000e+00 0.000000000000000000e+00 -2.269187761734769992e-02 8.490745244175477643e-03 1.276593892604976042e-02 8.994157414573208248e-03
-2.978629195763055122e+03 -2.404217732496637723e+02 1.358922834492258573e+02 0.000000000000000000e+00 0.000000000000000000e+00 -6.927569428881952263e-03 8.490525032838813768e-03 1.276591025500330157e-02 8.994138838734566654e-03
-2.636499553354379259e+03 -1.998515311475501619e+02 1.101099853471540655e+02 0.000000000000000000e+00 0.000000000000000000e+00 -2.822950943736657337e-02 7.783590151215161006e-03 1.276113557561886318e-02 8.994009874338034990e-03
-2.636490599025345091e+03 -1.999614920785422498e+02 1.101096945023323173e+02 0.000000000000000000e+00 0.000000000000000000e+00 2.368057112391852570e-02 7.783565877602527210e-03 1.276110686283824826e-02 8.993996657052340249e-03
-2.636290515150874398e+03 -1.999106556260574052e+02 1.100955234261043358e+02 0.000000000000000000e+00 0.000000000000000000e+00 -1.888793991344073220e-02 7.783165520846120448e-03 1.276117573281369648e-02 8.994044778530699627e-03
-2.794368554473799577e+03 9.153903979584784523e+00 1.214480706174146150e+02 0.000000000000000000e+00 0.000000000000000000e+00 -1.836982304540413224e-02 8.117373028441508473e-03 1.259444941390009017e-02 8.859313825033529946e-03
-2.794352416357219226e+03 9.257399242384362736e+00 1.214470853500626930e+02 0.000000000000000000e+00 0.000000000000000000e+00 -2.649005880762445031e-02 8.117351297319302939e-03 1.259439612460597387e-02 8.859267207396250010e-03
-2.794221082894962365e+03 9.272672182114035877e+00 1.214372901460624945e+02 0.000000000000000000e+00 0.000000000000000000e+00 -2.576746585022249292e-02 8.117084797720721182e-03 1.259439345765969200e-02 8.859265492514725032e-03
-2.606645898117011257e+03 1.599932762876126731e+02 1.084715738338783524e+02 0.000000000000000000e+00 0.000000000000000000e+00 -1.787625869918940680e-02 7.763137181733360814e-03 1.250503802389065812e-02 8.782677264535498560e-03
-2.606717031742925428e+03 1.601169554625435012e+02 1.084772147634694903e+02 0.000000000000000000e+00 0.000000000000000000e+00 -1.270922042691324805e-02 7.763300667730122818e-03 1.250494161257998012e-02 8.782594466402544528e-03
-2.606808754399669851e+03 1.602372417126985056e+02 1.084842709535248417e+02 0.000000000000000000e+00 0.000000000000000000e+00 -5.195842830858055095e-03 7.763503616829489987e-03 1.250484085178207687e-02 8.782508934860610433e-03
-2.952513010989760005e+03 1.728796163903405159e+02 1.343588939208334807e+02 0.000000000000000000e+00 0.000000000000000000e+00 -2.144052888107239596e-02 8.460817044512772625e-03 1.247276233247473012e-02 8.756285159753147279e-03
-2.952452858959195055e+03 1.729198546285241207e+02 1.343543572139928983e+02 0.000000000000000000e+00 0.000000000000000000e+00 -7.232655666484788526e-03 8.460697432514929783e-03 1.247270925046323718e-02 8.756244275149750039e-03
-2.952364638713281693e+03 1.729964572976247155e+02 1.343478156354334203e+02 0.000000000000000000e+00 0.000000000000000000e+00 -1.093427098581400969e-02 8.460527808422985477e-03 1.247267575377691839e-02 8.756212806107711161e-03
-2.981673117031343736e+03 4.691985544605296354e+02 1.396750460054801977e+02 0.000000000000000000e+00 0.000000000000000000e+00 2.141322003458867584e-02 8.576790774182933841e-03 1.229919908307735600e-02 8.596217238399093616e-03
-2.981756182227184127e+03 4.693919559186064134e+02 1.396844320586959896e+02 0.000000000000000000e+00 0.000000000000000000e+00 1.107532005059397306e-02 8.577005364341687421e-03 1.229911651045569737e-02 8.596130651400120046e-03
-2.981740885339288525e+03 4.693849785053428150e+02 1.396830971263882759e+02 0.000000000000000000e+00 0.000000000000000000e+00 1.421202212225125550e-02 8.576972547486048232e-03 1.229911404454476880e-02 8.596129962306955571e-03
-2.638262679961694630e+03 5.013168940470297912e+02 1.140248759710515856e+02 0.000000000000000000e+00 0.000000000000000000e+00 -1.676208246574617533e-02 7.917371185814181186e-03 1.230407757477297234e-02 8.591223938167297583e-03
-2.638341765770148868e+03 5.013568377820315618e+02 1.140310516328121651e+02 0.000000000000000000e+00 0.000000000000000000e+00 -3.379752211714048826e-04 7.917531075651526931e-03 1.230401512097169768e-02 8.591174601147845077e-03
-2.638274596847666544e+03 5.013589590856432778e+02 1.140263105498720222e+02 0.000000000000000000e+00 0.000000000000000000e+00 -1.178090110059315521e-02 7.917407119021733011e-03 1.230404382785403594e-02 8.591193220221858551e-03
-2.805020564258957620e+03 7.170604066391281322e+02 1.299280760104634567e+02 0.000000000000000000e+00 0.000000000000000000e+00 1.876582253322567340e-02 8.312019768344239279e-03 1.219364053887444545e-02 8.475605166604774018e-03
-2.805371993911503523e+03 7.166553770489260842e+02 1.299469039912409585e+02 0.000000000000000000e+00 0.000000000000000000e+00 1.689001262982969820e-02 8.312524397632636841e-03 1.219379697643231675e-02 8.475805096115328688e-03
-2.805463703531990632e+03 7.167508818656034464e+02 1.299557732791927833e+02 0.000000000000000000e+00 0.000000000000000000e+00 1.241279569137532235e-02 8.312735034534118536e-03 1.219376184064511863e-02 8.475763245579002320e-03
-2.980167315691635849e+03 8.642717883672873995e+02 1.469488969580554567e+02 0.000000000000000000e+00 0.000000000000000000e+00 -1.794348612565954681e-02 8.697630043220428570e-03 1.212644020755384092e-02 8.404149273235793013e-03
-2.980101713408041178e+03 8.644017352748334133e+02 1.469466247614469694e+02 0.000000000000000000e+00 0.000000000000000000e+00 6.767932054742686887e-03 8.697549252199452893e-03 1.212634074132923345e-02 8.404051589402912817e-03
-2.980000954551243012e+03 8.643945812575077525e+02 1.469382256346959252e+02 0.000000000000000000e+00 0.000000000000000000e+00 -5.505349708386120255e-03 8.697361645820416917e-03 1.212637750832338580e-02 8.404073492693264411e-03
-2.632359269227394634e+03 8.902038994051855525e+02 1.209322511721035482e+02 0.000000000000000000e+00 0.000000000000000000e+00 -5.560159348632964793e-03 8.074417759902634273e-03 1.213436892301686561e-02 8.390299436727517365e-03
-2.632358508690077542e+03 8.902780857182118552e+02 1.209339586968994809e+02 0.000000000000000000e+00 0.000000000000000000e+00 5.405884434964036700e-03 8.074450764114362439e-03 1.213431709089655627e-02 8.390245824662570170e-03
-2.632270230831336448e+03 8.902455751784486893e+02 1.209268737966554426e+02 0.000000000000000000e+00 0.000000000000000000e+00 4.272784317365108109e-03 8.074277780554450432e-03 1.213433491093476001e-02 8.390263133150575869e-03
-2.992575799350000580e+03 1.178852523738065429e+03 1.567226151764468796e+02 0.000000000000000000e+00 0.000000000000000000e+00 1.879955213098583044e-03 8.857629141542741613e-03 1.203471720696014206e-02 8.267346353927604308e-03
-2.992560366906638137e+03 1.178967429550918723e+03 1.567250092900077902e+02 0.000000000000000000e+00 0.000000000000000000e+00 -9.907143911505045253e-04 8.857659571410235466e-03 1.203469902243722335e-02 8.267302543620333455e-03
-2.992486686073818419e+03 1.178941517368840096e+03 1.567180879047706412e+02 0.000000000000000000e+00 0.000000000000000000e+00 -9.968314685266932429e-03 8.857521067346810564e-03 1.203472901588396350e-02 8.267323435331539946e-03
-2.609581224220462445e+03 1.185475963322425287e+03 1.274298208132542101e+02 0.000000000000000000e+00 0.000000000000000000e+00 -3.707244514032481675e-03 8.207660165368911576e-03 1.204773018517208208e-02 8.247902948503308546e-03
-2.609631302492142368e+03 1.185477074959210086e+03 1.274334316970310397e+02 0.000000000000000000e+00 0.000000000000000000e+00 5.210370642174666500e-04 8.207741735177812026e-03 1.204771867517356876e-02 8.247898065255231809e-03
-2.609567115221794666e+03 1.185447112184101115e+03 1.274279098817880680e+02 0.000000000000000000e+00 0.000000000000000000e+00 6.454087207941938686e-03 8.207613483337917321e-03 1.204771380506330404e-02 8.247900387521987439e-03
-2.801705507511422184e+03 1.434763588624612112e+03 1.504112127599159976e+02 0.000000000000000000e+00 0.000000000000000000e+00 1.150292488435411542e-02 8.684982545968342529e-03 1.199785622146698483e-02 8.150079337899955589e-03
-2.801804801292852062e+03 1.434835636111064332e+03 1.504216755169811961e+02 0.000000000000000000e+00 0.000000000000000000e+00 2.199571799903310421e-02 8.685184227464151988e-03 1.199782046521310347e-02 8.150042202159432994e-03
-2.801598392274802336e+03 1.434833879811067618e+03 1.504055941630776090e+02 0.000000000000000000e+00 0.000000000000000000e+00 2.078620334683023430e-02 8.684853469169397100e-03 1.199782919178539638e-02 8.150028004110423940e-03
-2.978929425405053735e+03 1.575923931632911945e+03 1.703604946365321950e+02 0.000000000000000000e+00 0.000000000000000000e+00 1.279954946113548431e-03 9.059436045949114877e-03 1.198049128664933384e-02 8.112424372516323368e-03
-2.978800944164076100e+03 1.575851077814188102e+03 1.703467058113902795e+02 0.000000000000000000e+00 0.000000000000000000e+00 -1.714536875283556583e-03 9.059187838388649966e-03 1.198050584781706028e-02 8.112440908921471350e-03
-2.978841326388435846e+03 1.576230298289082839e+03 1.703661869544571914e+02 0.000000000000000000e+00 0.000000000000000000e+00 4.170889761780927074e-04 9.059493995063519489e-03 1.198047954917828666e-02 8.112304545112499279e-03
-2.632288091574559530e+03 1.607977757084621317e+03 1.446608103573285575e+02 0.000000000000000000e+00 0.000000000000000000e+00 3.457355276924545251e-02 8.552910741162935218e-03 1.198603447022108387e-02 8.062740926972547864e-03
-2.632365636873434596e+03 1.607939596246022575e+03 1.446648441903889477e+02 0.000000000000000000e+00 0.000000000000000000e+00 4.071885963671206810e-02 8.552990376842917880e-03 1.198602133355851189e-02 8.062755765895221818e-03
-2.632396744768940152e+03 1.607980734334041927e+03 1.446688648238543919e+02 0.000000000000000000e+00 0.000000000000000000e+00 3.499065441971538348e-02 8.553073037055681019e-03 1.198603191536974297e-02 8.062750204660785319e-03
-2.326819532983186491e+03 2.308539851349863056e+03 1.598183805421808756e+02 0.000000000000000000e+00 0.000000000000000000e+00 -6.740996437798685292e-03 8.886080173881738195e-03 1.204449193333646632e-02 7.727076868271034321e-03
-2.325562850399039235e+03 2.309217983631430343e+03 1.597775756248169330e+02 0.000000000000000000e+00 0.000000000000000000e+00 -1.072979754297875843e-03 8.885585682391051315e-03 1.204459786211687679e-02 7.726539920589289845e-03
-2.325810857743275847e+03 2.309441042410208411e+03 1.598075028020725483e+02 0.000000000000000000e+00 0.000000000000000000e+00 -2.777021184556360822e-03 8.886124134347831924e-03 1.204465910589094801e-02 7.726499450992025363e-03
-1.943849660783138006e+03 2.303313579013272829e+03 1.365410813117333078e+02 0.000000000000000000e+00 0.000000000000000000e+00 -2.103370701718176861e-04 8.497745863875440925e-03 1.203027449106961085e-02 7.660084164996118494e-03
-1.943783650992847697e+03 2.303239301449036248e+03 1.365330115085449165e+02 0.000000000000000000e+00 0.000000000000000000e+00 -8.038493176286465314e-03 8.497586936436643187e-03 1.203027407326098808e-02 7.660119674814541875e-03
-1.943731658709212525e+03 2.303210154145368506e+03 1.365284263073457964e+02 0.000000000000000000e+00 0.000000000000000000e+00 1.003896601332598948e-03 8.497490620911023890e-03 1.203024526246559804e-02 7.660111749405311074e-03
-2.066074013215926698e+03 2.179539871952786598e+03 1.361238458866172607e+02 0.000000000000000000e+00 0.000000000000000000e+00 1.034347277104075147e-02 8.450627980312720375e-03 1.201163321595494562e-02 7.737334079405302871e-03
-2.065977839853761452e+03 2.179509167142570277e+03 1.361165476709863356e+02 0.000000000000000000e+00 0.000000000000000000e+00 2.817394751559731958e-03 8.450495027239967802e-03 1.201164236131749968e-02 7.737344109949267738e-03
-2.065824143400412140e+03 2.179386290087310499e+03 1.361006729218364342e+02 0.000000000000000000e+00 0.000000000000000000e+00 4.153955708829926152e-03 8.450176375804712217e-03 1.201161441070164836e-02 7.737374724664524556e-03
-1.945643466758788918e+03 1.921248416076289459e+03 1.156364502276662449e+02 0.000000000000000000e+00 0.000000000000000000e+00 5.974645619431839805e-03 7.993049674812643599e-03 1.198051654306180741e-02 7.844248934791865288e-03
-1.945531660900087445e+03 1.921142964790404221e+03 1.156252067841361963e+02 0.000000000000000000e+00 0.000000000000000000e+00 -3.452355010310270700e-03 7.992802195401778331e-03 1.198052994765988130e-02 7.844302078832611491e-03
-1.945461064346686044e+03 1.920900594614098736e+03 1.156093765753422673e+02 0.000000000000000000e+00 0.000000000000000000e+00 1.730364584673793615e-03 7.992417613867271176e-03 1.198050383749373234e-02 7.844405669591731495e-03
-2.317989709995154954e+03 1.902304546938870999e+03 1.366768485282596544e+02 0.000000000000000000e+00 0.000000000000000000e+00 -2.288313930313279343e-02 8.405470031624961286e-03 1.198672036365313297e-02 7.899102954013128772e-03
-2.318270332325397703e+03 1.902015432481141715e+03 1.366804995568813865e+02 0.000000000000000000e+00 0.000000000000000000e+00 4.668742323872265843e-04 8.405489091027082069e-03 1.198665344694567307e-02 7.899233835735406523e-03
-2.318269708460387847e+03 1.901969663253996941e+03 1.366781763023123801e+02 0.000000000000000000e+00 0.000000000000000000e+00 -3.973199819625961027e-03 8.405441915902759492e-03 1.198666106011567374e-02 7.899260490464700066e-03
-2.329060438593439812e+03 1.616211422439560010e+03 1.242281198651502194e+02 0.000000000000000000e+00 0.000000000000000000e+00 -6.362381244713333217e-03 8.128303419828361229e-03 1.198764239463040622e-02 8.029721727361960673e-03
-2.329073797686389298e+03 1.615387660177661928e+03 1.241942719040042533e+02 0.000000000000000000e+00 0.000000000000000000e+00 2.436817731449991697e-03 8.127528253770562039e-03 1.198767429374288443e-02 8.030091154182196142e-03
-2.328858465702236572e+03 1.615334923778626944e+03 1.241782417113397941e+02 0.000000000000000000e+00 0.000000000000000000e+00 3.421364449451402834e-03 8.127181599238413046e-03 1.198767539254713167e-02 8.030094361310339060e-03
-1.934719963861533643e+03 1.602914139832338606e+03 1.006188702485168420e+02 0.000000000000000000e+00 0.000000000000000000e+00 5.620921510285370459e-04 7.601428940631733445e-03 1.198549483241028411e-02 8.003205771627322149e-03
-1.934610190386739077e+03 1.602682379053648219e+03 1.006035545508231337e+02 0.000000000000000000e+00 0.000000000000000000e+00 -4.726838819763656829e-03 7.601037245909527708e-03 1.198552472040604472e-02 8.003324283891931692e-03
-1.934494387555259664e+03 1.602579363917910996e+03 1.005932067457138146e+02 0.000000000000000000e+00 0.000000000000000000e+00 -6.799672801875544792e-03 7.600780959731489282e-03 1.198553630800625568e-02 8.003371457845485926e-03
-2.110431535752646141e+03 1.476563658002487500e+03 1.053276616339809948e+02 0.000000000000000000e+00 0.000000000000000000e+00 -6.425674616124865679e-03 7.693969852423584131e-03 1.200076001855126216e-02 8.079877133209900641e-03
-2.110277497145055804e+03 1.476550020855112052e+03 1.053182702030694458e+02 0.000000000000000000e+00 0.000000000000000000e+00 -1.100571564548147308e-02 7.693750752121690517e-03 1.200077182104424163e-02 8.079880575900229636e-03
-2.110200886742796229e+03 1.476465824151327979e+03 1.053106573613850401e+02 0.000000000000000000e+00 0.000000000000000000e+00 2.435042900117423414e-04 7.693556865971307515e-03 1.200075638348171297e-02 8.079900696981064112e-03
-2.309550452532891086e+03 1.245045848328363263e+03 1.091847203708334604e+02 0.000000000000000000e+00 0.000000000000000000e+00 -1.010385982108630287e-02 7.773210925247306738e-03 1.204048225435453388e-02 8.206440760103664647e-03
-2.309378664970637601e+03 1.244924434512469361e+03 1.091700002891327586e+02 0.000000000000000000e+00 0.000000000000000000e+00 -2.515747675890622759e-02 7.772858667227773577e-03 1.204054622498757637e-02 8.206516352081022828e-03
-2.309290007633049299e+03 1.244741087308203987e+03 1.091585070252450862e+02 0.000000000000000000e+00 0.000000000000000000e+00 -2.586182084888832833e-02 7.772576524032630448e-03 1.204058947036086569e-02 8.206604573574019165e-03
-1.941821180379692350e+03 1.239799431963241886e+03 8.782032697116859765e+01 0.000000000000000000e+00 0.000000000000000000e+00 1.640019280934268409e-02 7.232878875820957301e-03 1.204346034110965850e-02 8.193878687996107926e-03
-1.941636445079540181e+03 1.239576845772335218e+03 8.780361637805087582e+01 0.000000000000000000e+00 0.000000000000000000e+00 1.715210801117450501e-02 7.232411676309172949e-03 1.204351044379867001e-02 8.193989514380791914e-03
-1.941549849989042059e+03 1.239513168250651461e+03 8.779706626014511528e+01 0.000000000000000000e+00 0.000000000000000000e+00 2.028939587583522552e-02 7.232229852823382835e-03 1.204351788729019455e-02 8.194015449029638798e-03
-1.924911368407221062e+03 9.285710978136008862e+02 7.836895834607651068e+01 0.000000000000000000e+00 0.000000000000000000e+00 1.146608894762835007e-02 6.936122805691166855e-03 1.213692961342466986e-02 8.363433710683548447e-03
-1.924873776653887717e+03 9.285549970984832271e+02 7.836664176758468159e+01 0.000000000000000000e+00 0.000000000000000000e+00 8.093258437952499662e-03 6.936055434415029121e-03 1.213694353061633806e-02 8.363447395972934545e-03
-1.924814144123817869e+03 9.286324698321209326e+02 7.836539588918800803e+01 0.000000000000000000e+00 0.000000000000000000e+00 4.595970841378971272e-03 6.936029672978766270e-03 1.213692376105976294e-02 8.363408890024856893e-03
-2.307944337286921382e+03 9.389457707897914815e+02 1.004076624231828987e+02 0.000000000000000000e+00 0.000000000000000000e+00 2.374007188910809418e-02 7.546970780543266373e-03 1.212751003090205455e-02 8.362457727154862588e-03
-2.307866974697842124e+03 9.389514379851116246e+02 1.004029820330721066e+02 0.000000000000000000e+00 0.000000000000000000e+00 2.854642822113362399e-02 7.546844867427703919e-03 1.212749875345765435e-02 8.362446451009851803e-03
-2.307791243163459058e+03 9.390172239677232255e+02 1.003998719342206130e+02 0.000000000000000000e+00 0.000000000000000000e+00 2.564917887720241652e-02 7.546764443121903830e-03 1.212748435196836679e-02 8.362415560419736438e-03
-2.133440619211447938e+03 7.664237756585370107e+02 8.617752662253299434e+01 0.000000000000000000e+00 0.000000000000000000e+00 8.327177860110168695e-03 7.147825201835662778e-03 1.219806888426577980e-02 8.454517419024509470e-03
-2.133390521247637935e+03 7.663853657561031696e+02 8.617390500128422559e+01 0.000000000000000000e+00 0.000000000000000000e+00 4.426485218701259328e-03 7.147720067760412500e-03 1.219809522858653593e-02 8.454544730368726904e-03
-2.133387047046101998e+03 7.664313267588411236e+02 8.617461709449734997e+01 0.000000000000000000e+00 0.000000000000000000e+00 8.517958028846805973e-03 7.147741838968092905e-03 1.219806635809749309e-02 8.454513031734663814e-03
-2.322729343568459626e+03 5.035667519855215915e+02 9.306811519126669907e+01 0.000000000000000000e+00 0.000000000000000000e+00 -2.482371501675117997e-02 7.334245792346199590e-03 1.231724900258044340e-02 8.598347440936439379e-03
-2.322431933747754556e+03 5.034869071895004708e+02 9.304858234468662204e+01 0.000000000000000000e+00 0.000000000000000000e+00 -1.265541628413302533e-02 7.333672703513325133e-03 1.231727412171847863e-02 8.598380167242992977e-03
-2.322144355339897629e+03 5.032854584215165232e+02 9.302801294528993026e+01 0.000000000000000000e+00 0.000000000000000000e+00 -2.324420144162786528e-03 7.333065077970994834e-03 1.231736680531673490e-02 8.598483642368646637e-03
-1.944419712315231436e+03 5.033058081786276716e+02 7.159492007168869065e+01 0.000000000000000000e+00 0.000000000000000000e+00 -2.387890876596543421e-02 6.681719787714113581e-03 1.232816454815664764e-02 8.605708774715815912e-03
-1.944054453105087759e+03 5.034539929072616360e+02 7.157804443622605106e+01 0.000000000000000000e+00 0.000000000000000000e+00 -1.187571586595481676e-02 6.681195774138732300e-03 1.232806492529514054e-02 8.605609326292550446e-03
-1.944066961392888516e+03 5.036695577333222218e+02 7.158150524508681656e+01 0.000000000000000000e+00 0.000000000000000000e+00 -1.534088591760962572e-02 6.681334058803872072e-03 1.232795744312955785e-02 8.605488961298882189e-03
-1.934733000983914053e+03 2.016244865393075827e+02 6.826363719033489019e+01 0.000000000000000000e+00 0.000000000000000000e+00 1.849311479627147037e-02 6.530841436672235600e-03 1.250715831107804266e-02 8.784362938286148850e-03
-1.934613691955228887e+03 2.015068702321094349e+02 6.825688768356303626e+01 0.000000000000000000e+00 0.000000000000000000e+00 2.274740058361146566e-02 6.530595051879959680e-03 1.250722836860268007e-02 8.784430323935886117e-03
-1.934532789896112945e+03 2.014347500740030057e+02 6.825235529452388050e+01 0.000000000000000000e+00 0.000000000000000000e+00 1.877815631100077098e-02 6.530432346794949605e-03 1.250728645097754291e-02 8.784482072116794882e-03
-2.262821724073572568e+03 1.903992223131882042e+02 8.637658317488350690e+01 0.000000000000000000e+00 0.000000000000000000e+00 2.784979544058785450e-02 7.112880863223632576e-03 1.250301469723771527e-02 8.780144262236829616e-03
-2.262913568475460124e+03 1.903713582486074927e+02 8.638192580052728431e+01 0.000000000000000000e+00 0.000000000000000000e+00 2.693337868061007612e-02 7.113043384839532954e-03 1.250303085980096311e-02 8.780158561747198817e-03
-2.262918191230093726e+03 1.904183263364191134e+02 8.638247837081810587e+01 0.000000000000000000e+00 0.000000000000000000e+00 2.536838809341190881e-02 7.113065293818838196e-03 1.250300382704248175e-02 8.780133169901716689e-03
-2.133162826603519989e+03 3.415960128393241746e+01 7.823753150191740247e+01 0.000000000000000000e+00 0.000000000000000000e+00 7.290748502001065390e-03 6.836170720893574790e-03 1.261433276964312768e-02 8.878511876667471645e-03
-2.133246168465608207e+03 3.355169003998716448e+01 7.824101491370504391e+01 0.000000000000000000e+00 0.000000000000000000e+00 5.644789724357224259e-04 6.836198744955300499e-03 1.261477516299177107e-02 8.878886356835096957e-03
-2.133488203233937384e+03 3.325346065500429660e+01 7.825402685448631246e+01 0.000000000000000000e+00 0.000000000000000000e+00 -4.000721178357480312e-03 6.836580665877519877e-03 1.261498699838769881e-02 8.879064007149887333e-03
-2.328994035435790011e+03 -1.907979478471633286e+02 8.987914523592138494e+01 0.000000000000000000e+00 0.000000000000000000e+00 -1.046991712409806041e-02 7.176041189877442952e-03 1.277314707326556928e-02 9.006452484989590015e-03
-2.328961615361140957e+03 -1.910522853026101870e+02 8.987795880428409134e+01 0.000000000000000000e+00 0.000000000000000000e+00 2.735607410461682321e-02 7.175962472046252053e-03 1.277326450105367196e-02 9.006551709098050904e-03
-2.329134312270738064e+03 -1.912913383514669476e+02 8.988931550384317859e+01 0.000000000000000000e+00 0.000000000000000000e+00 1.600506093882358982e-02 7.176284730700803471e-03 1.277346814611460615e-02 9.006707087859418606e-03
-1.941387243333009110e+03 -1.976819239006506450e+02 6.819147205917531096e+01 0.000000000000000000e+00 0.000000000000000000e+00 8.092463552742401589e-03 6.457267514444310109e-03 1.279605354784649207e-02 9.028327815380163615e-03
-1.941208677943889370e+03 -1.977669522410151615e+02 6.818273259195751734e+01 0.000000000000000000e+00 0.000000000000000000e+00 1.118525716208296217e-04 6.456945945510115907e-03 1.279614535756322911e-02 9.028399909483744712e-03
-1.941274712598657743e+03 -1.976457361285573597e+02 6.818563470925062120e+01 0.000000000000000000e+00 0.000000000000000000e+00 -5.384362480427284936e-03 6.457072638008871761e-03 1.279605874991750908e-02 9.028330531307908469e-03
-1.929562487190772117e+03 -4.996923916173890348e+02 6.976705666984372556e+01 0.000000000000000000e+00 0.000000000000000000e+00 -2.446116923266572485e-03 6.445908868003555510e-03 1.305261316687963621e-02 9.218751586175397139e-03
-1.929513773890610082e+03 -4.997586177895894934e+02 6.976532222377736048e+01 0.000000000000000000e+00 0.000000000000000000e+00 -1.911666399308842301e-03 6.445831733569848052e-03 1.305267354143241181e-02 9.218794835978224786e-03
-1.929370099727056186e+03 -4.998309263748371905e+02 6.975889160674061884e+01 0.000000000000000000e+00 0.000000000000000000e+00 -1.887066702705908483e-02 6.445587719696495126e-03 1.305278147317220222e-02 9.218872864890204077e-03
-2.112345548857438644e+03 -6.495837393219294427e+02 8.123100052451121655e+01 0.000000000000000000e+00 0.000000000000000000e+00 -2.145975508564390566e-02 6.805381667529655787e-03 1.318234985766911053e-02 9.306425499388891465e-03
-2.112337510215136717e+03 -6.496635784616850060e+02 8.123167869861825352e+01 0.000000000000000000e+00 0.000000000000000000e+00 -1.101006366407375481e-02 6.805385660721810330e-03 1.318240313243428455e-02 9.306461032522859653e-03
-2.112390411208058595e+03 -6.496170782225063931e+02 8.123393708318872086e+01 0.000000000000000000e+00 0.000000000000000000e+00 -6.441679003089006983e-03 6.805472583814847938e-03 1.318234655327185818e-02 9.306421587776397483e-03
-2.274141328534792137e+03 -5.380683920604008108e+02 8.908451341337057272e+01 0.000000000000000000e+00 0.000000000000000000e+00 -9.018456506311167686e-03 7.088484467443018251e-03 1.307018916380916877e-02 9.226798930953123215e-03
-2.274108284069980982e+03 -5.379911863910327838e+02 8.908166963747513023e+01 0.000000000000000000e+00 0.000000000000000000e+00 -1.863024514177880064e-02 7.088409195900632898e-03 1.307014207917888207e-02 9.226766430333280256e-03
-2.274007400200213851e+03 -5.380454998220357083e+02 8.907627740119315263e+01 0.000000000000000000e+00 0.000000000000000000e+00 1.302651135517862713e-03 7.088224028899186603e-03 1.307015372539446600e-02 9.226775690547616912e-03
-2.298874753916788904e+03 -8.912556161147641660e+02 9.601303710464243579e+01 0.000000000000000000e+00 0.000000000000000000e+00 -3.610977144728622079e-02 7.228660039453402818e-03 1.340879290209138520e-02 9.453635081792022971e-03
-2.298819981370400910e+03 -8.912498662400374769e+02 9.600963668306474119e+01 0.000000000000000000e+00 0.000000000000000000e+00 -4.336185240055101531e-02 7.228553431141526535e-03 1.340880599068296035e-02 9.453645372062243965e-03
-2.298843946816554308e+03 -8.911058698384465515e+02 9.600826689008427195e+01 0.000000000000000000e+00 0.000000000000000000e+00 -5.406942863081098949e-02 7.228545004257938902e-03 1.340868057791288863e-02 9.453566259142988371e-03
-1.935071247729525112e+03 -9.102848998178471902e+02 7.636851342771007012e+01 0.000000000000000000e+00 0.000000000000000000e+00 4.056918248323881926e-03 6.573109188641098125e-03 1.344859511805005479e-02 9.482771293660664444e-03
-1.935057453402517922e+03 -9.102857458936715602e+02 7.636783970262339949e+01 0.000000000000000000e+00 0.000000000000000000e+00 8.492034272691739716e-03 6.573085911589155936e-03 1.344858723763923784e-02 9.482765563160513653e-03
-1.934932084095928076e+03 -9.103334092743324391e+02 7.636252029461492441e+01 0.000000000000000000e+00 0.000000000000000000e+00 -6.101639053682106351e-03 6.572887182854586854e-03 1.344867324999848499e-02 9.482823897079660155e-03
-1.929769064773033051e+03 -1.207186091062156265e+03 8.307448101729806922e+01 0.000000000000000000e+00 0.000000000000000000e+00 -1.757071118746011962e-03 6.722793644617380653e-03 1.376742872521044547e-02 9.677532287045919127e-03
-1.929735683192817078e+03 -1.207179435848923504e+03 8.307263857794295348e+01 0.000000000000000000e+00 0.000000000000000000e+00 -1.161014280967265222e-02 6.722731686028466692e-03 1.376744345417454073e-02 9.677544097995134306e-03
-1.929735396580254474e+03 -1.207154306714921177e+03 8.307194951081839918e+01 0.000000000000000000e+00 0.000000000000000000e+00 -8.234851716707680680e-03 6.722715741291099452e-03 1.376740843094599771e-02 9.677522378284442867e-03
-2.323693651720271646e+03 -1.201049647791606503e+03 1.046568137763211723e+02 0.000000000000000000e+00 0.000000000000000000e+00 -7.611665604073891700e-03 7.417889658741613768e-03 1.373683836115169137e-02 9.657223639358331405e-03
-2.323683734020688462e+03 -1.201091492442619710e+03 1.046573269131601620e+02 0.000000000000000000e+00 0.000000000000000000e+00 -5.658510637843505720e-03 7.417894527765464541e-03 1.373688142282288374e-02 9.657249087508095950e-03
-2.323713851621748290e+03 -1.201032810992289342e+03 1.046575899270658994e+02 0.000000000000000000e+00 0.000000000000000000e+00 -7.471416824657239886e-03 7.417917920330716584e-03 1.373681799069324631e-02 9.657211201988754462e-03
-2.136482346557944311e+03 -1.373954909207987839e+03 9.874525221868046287e+01 0.000000000000000000e+00 0.000000000000000000e+00 2.299559035800768925e-02 7.188269168104558654e-03 1.394530731740382598e-02 9.780776929919262827e-03
-2.136457727709499977e+03 -1.374011254359649456e+03 9.874561288469536180e+01 0.000000000000000000e+00 0.000000000000000000e+00 3.183410151831367330e-02 7.188267101315498446e-03 1.394535610782120412e-02 9.780802078425627002e-03
-2.136516397689205405e+03 -1.374018681792797679e+03 9.874909263878195986e+01 0.000000000000000000e+00 0.000000000000000000e+00 2.734328825438581134e-02 7.188373616622886937e-03 1.394537023327386237e-02 9.780811669649835949e-03
-2.290381578610340057e+03 -1.597229220131158399e+03 1.150089458409795498e+02 0.000000000000000000e+00 0.000000000000000000e+00 1.667149873125595150e-02 7.622688342901470966e-03 1.420033636414927414e-02 9.925463655222899195e-03
-2.290251732047650421e+03 -1.597237528147005378e+03 1.150014945054700064e+02 0.000000000000000000e+00 0.000000000000000000e+00 1.163697264594532044e-02 7.622466694429019113e-03 1.420036585583578544e-02 9.925481556722482238e-03
-2.290281101062277685e+03 -1.597271396443770072e+03 1.150044575465053356e+02 0.000000000000000000e+00 0.000000000000000000e+00 1.553384955953163171e-02 7.622545526434394009e-03 1.420039714934707986e-02 9.925497604373348381e-03
-1.922216429477273778e+03 -1.603733688763270266e+03 9.513260197443858601e+01 0.000000000000000000e+00 0.000000000000000000e+00 -3.374255961023209238e-02 7.014582104385816072e-03 1.423176887020983356e-02 9.940981574103682772e-03
-1.922079591751401040e+03 -1.603920202333807765e+03 9.513250217646287865e+01 0.000000000000000000e+00 0.000000000000000000e+00 -1.274620526127989706e-02 7.014538257214862974e-03 1.423196229414336322e-02 9.941077516553058560e-03
-1.922218680648267764e+03 -1.603634849366353365e+03 9.512916954567918992e+01 0.000000000000000000e+00 0.000000000000000000e+00 -2.364270866081596978e-02 7.014499908706275585e-03 1.423162770990065579e-02 9.940900232197442607e-03
-1.910494408725216999e+03 -1.916294421125214967e+03 1.068732589209948998e+02 0.000000000000000000e+00 0.000000000000000000e+00 7.240696792351286604e-03 7.305409037656190353e-03 1.462636184041867828e-02 1.015041238965676794e-02
-1.910408121045561074e+03 -1.916343938413653859e+03 1.068711292332570508e+02 0.000000000000000000e+00 0.000000000000000000e+00 -9.088480110506225174e-03 7.305329928210601426e-03 1.462646300608760018e-02 1.015047148345487107e-02
-1.910386673909741376e+03 -1.916261839085367001e+03 1.068665417418256709e+02 0.000000000000000000e+00 0.000000000000000000e+00 4.063191219543682564e-03 7.305213882930494847e-03 1.462633202612649216e-02 1.015039686266414054e-02
-2.298252852376256669e+03 -1.907299270540538146e+03 1.276716700928505190e+02 0.000000000000000000e+00 0.000000000000000000e+00 6.824922193445104313e-03 7.905918065393058650e-03 1.458905255694824786e-02 1.013667054715670923e-02
-2.298101630356899932e+03 -1.907468170482334926e+03 1.276698493811923498e+02 0.000000000000000000e+00 0.000000000000000000e+00 2.862511110457433006e-02 7.905833584382866014e-03 1.458923959353477205e-02 1.013675741733784975e-02
-2.297995180010677359e+03 -1.907463942208953313e+03 1.276632851039665013e+02 0.000000000000000000e+00 0.000000000000000000e+00 2.178672380713919665e-02 7.905650851041180413e-03 1.458925536387129657e-02 1.013676740620848837e-02
-2.123659963873878496e+03 -2.096392174407110360e+03 1.261382148444080116e+02 0.000000000000000000e+00 0.000000000000000000e+00 -8.121558189955635498e-03 7.822260348789447995e-03 1.485023295369675145e-02 1.026914424409675931e-02
-2.123564002941495801e+03 -2.096399014390889079e+03 1.261332385288264533e+02 0.000000000000000000e+00 0.000000000000000000e+00 -4.271905869046577209e-04 7.822124205434415750e-03 1.485023389744276508e-02 1.026913869683013583e-02
-2.123561190950767468e+03 -2.096424141966793741e+03 1.261342697265730806e+02 0.000000000000000000e+00 0.000000000000000000e+00 -7.937671604167917394e-03 7.822145260867862868e-03 1.485028210166371154e-02 1.026916705089007259e-02
-1.924621007743608061e+03 -2.311302303810218746e+03 1.263499969375008902e+02 0.000000000000000000e+00 0.000000000000000000e+00 -2.450923190221487857e-02 7.791964559144050687e-03 1.515583912517331176e-02 1.041624381038560969e-02
-1.924578548370923272e+03 -2.311450241210531203e+03 1.263555865632559829e+02 0.000000000000000000e+00 0.000000000000000000e+00 -2.059093576775694601e-03 7.792104933182964280e-03 1.515600447632396534e-02 1.041631013650072199e-02
-1.924464645657965320e+03 -2.311551455710342907e+03 1.263551767580585334e+02 0.000000000000000000e+00 0.000000000000000000e+00 -1.688313087571202686e-02 7.792074328741140608e-03 1.515617962256334168e-02 1.041640070586168955e-02
-2.289870367119958246e+03 -2.307235162442783803e+03 1.461913437130729392e+02 0.000000000000000000e+00 0.000000000000000000e+00 -8.727007817668663847e-03 8.314461946520095362e-03 1.512491861931047031e-02 1.041165390644112169e-02
-2.289745662924783574e+03 -2.307348065952665820e+03 1.461897669414443897e+02 0.000000000000000000e+00 0.000000000000000000e+00 2.586992272284760475e-03 8.314405473984393807e-03 1.512506287621511077e-02 1.041171601373423565e-02
-2.289622713564991955e+03 -2.307355966949713547e+03 1.461828099916834560e+02 0.000000000000000000e+00 0.000000000000000000e+00 -1.530090193838873347e-02 8.314220630214355298e-03 1.512511678888384288e-02 1.041174894561172973e-02
-1.615137528589806379e+03 -3.068980779593309308e+03 1.582709383042480340e+02 0.000000000000000000e+00 0.000000000000000000e+00 2.348979036841569723e-02 8.565718243875577662e-03 1.628009654675655754e-02 1.091896613707055673e-02
-1.615115931414113447e+03 -3.068993664901938700e+03 1.582709282840410197e+02 0.000000000000000000e+00 0.000000000000000000e+00 6.937095395898040806e-03 8.565710371921386734e-03 1.628014634777013095e-02 1.091899863156451864e-02
-1.615067479054895330e+03 -3.068945215253443166e+03 1.582655042099156333e+02 0.000000000000000000e+00 0.000000000000000000e+00 -1.431835340108023047e-02 8.565571358780553132e-03 1.628011211654619220e-02 1.091899668898154568e-02
-1.219658119898472933e+03 -3.018630425673540230e+03 1.402342244548987367e+02 0.000000000000000000e+00 0.000000000000000000e+00 -9.033630536094960917e-03 8.145690494331369810e-03 1.622334092854357118e-02 1.087483252876169336e-02
-1.220101270975543002e+03 -3.018540039886430350e+03 1.402420341600827385e+02 0.000000000000000000e+00 0.000000000000000000e+00 -5.897237784324715903e-05 8.145860013109585893e-03 1.622316789011280999e-02 1.087477259381166260e-02
-1.220041194113324309e+03 -3.018546708709147879e+03 1.402405937046404176e+02 0.000000000000000000e+00 0.000000000000000000e+00 4.984688984364993303e-03 8.145830846047781917e-03 1.622317187046247791e-02 1.087476768865569716e-02
-1.400333411490337767e+03 -2.829910082439359485e+03 1.338774133945132689e+02 0.000000000000000000e+00 0.000000000000000000e+00 4.219004728938102744e-02 7.968376783244695769e-03 1.593052843328590651e-02 1.075571880910572778e-02
-1.400235090310181249e+03 -2.830218372689355419e+03 1.338935641261373348e+02 0.000000000000000000e+00 0.000000000000000000e+00 3.252775156337861517e-02 7.968795615752260683e-03 1.593100966356604531e-02 1.075593388097457678e-02
-1.399722812909348931e+03 -2.831723081948478466e+03 1.339712565305593728e+02 0.000000000000000000e+00 0.000000000000000000e+00 4.088465810167463133e-02 7.970842062240234352e-03 1.593326111046272642e-02 1.075689969306010442e-02
-1.604024114063981870e+03 -2.663673066999938328e+03 1.314771939423376637e+02 0.000000000000000000e+00 0.000000000000000000e+00 5.668865178193982501e-03 7.901376927839442316e-03 1.567528349450336006e-02 1.064974813589590272e-02
-1.603893303361018297e+03 -2.663615248777085526e+03 1.314682883550416079e+02 0.000000000000000000e+00 0.000000000000000000e+00 -1.289610202300650599e-02 7.901140010089676563e-03 1.567523994611841678e-02 1.064973548140848297e-02
-1.603902881157304364e+03 -2.663648663975827731e+03 1.314706954218975454e+02 0.000000000000000000e+00 0.000000000000000000e+00 -4.270660985611129945e-03 7.901205793130123764e-03 1.567527246654587189e-02 1.064974492716033380e-02
-1.212643453301009004e+03 -2.675584323998529271e+03 1.179825426319955000e+02 0.000000000000000000e+00 0.000000000000000000e+00 1.378198776323813490e-02 7.552466623597488618e-03 1.571099912265760956e-02 1.065063785921255800e-02
-1.212622100065451377e+03 -2.675514742038789791e+03 1.179776896405961395e+02 0.000000000000000000e+00 0.000000000000000000e+00 1.082539435627438706e-02 7.552332594224778900e-03 1.571090351128109908e-02 1.065059641538399458e-02
-1.212619619799757174e+03 -2.675479876226018860e+03 1.179755140526590509e+02 0.000000000000000000e+00 0.000000000000000000e+00 1.549700424703814861e-02 7.552275465582617385e-03 1.571084411627073768e-02 1.065056653794083444e-02
-1.615883589931236656e+03 -2.356762304019498060e+03 1.146122718755800634e+02 0.000000000000000000e+00 0.000000000000000000e+00 -1.652073837863099470e-02 7.463269283237351781e-03 1.523651867412039763e-02 1.044597207674168027e-02
-1.615887882640909311e+03 -2.356772167743844875e+03 1.146129732870883657e+02 0.000000000000000000e+00 0.000000000000000000e+00 -9.749483531038549700e-04 7.463294947151377819e-03 1.523650314220468746e-02 1.044595529231995973e-02
-1.615915220190278433e+03 -2.356679442950596240e+03 1.146091978516381999e+02 0.000000000000000000e+00 0.000000000000000000e+00 -1.578805038236907876e-02 7.463190417928157114e-03 1.523639991688377666e-02 1.044591609019172862e-02
-1.222186362783194909e+03 -2.354095741218367493e+03 1.001294776767313124e+02 0.000000000000000000e+00 0.000000000000000000e+00 -1.626665781635949770e-02 7.050242653067237408e-03 1.525010991718137206e-02 1.044060327104635172e-02
-1.222148111069251172e+03 -2.354223988268925041e+03 1.001350479511511082e+02 0.000000000000000000e+00 0.000000000000000000e+00 1.663452927402886417e-04 7.050410629213502492e-03 1.525026024171350497e-02 1.044066181066477875e-02
-1.222092541793671899e+03 -2.354212895836158168e+03 1.001327256542965358e+02 0.000000000000000000e+00 0.000000000000000000e+00 -8.259011938250182538e-03 7.050339331831703693e-03 1.525026251805306626e-02 1.044066661736764955e-02
-1.416861852345559555e+03 -2.120810576800140552e+03 9.500865837524671065e+01 0.000000000000000000e+00 0.000000000000000000e+00 -1.070143641544518687e-02 6.912129787611307266e-03 1.492164209703794944e-02 1.028901894285889733e-02
-1.416167606236170968e+03 -2.121287149122897517e+03 9.500612129172553466e+01 0.000000000000000000e+00 0.000000000000000000e+00 6.164264308551992144e-03 6.912007625305821405e-03 1.492228158105195907e-02 1.028930499525597571e-02
-1.416270451690749269e+03 -2.120929836496714415e+03 9.499287556435882607e+01 0.000000000000000000e+00 0.000000000000000000e+00 2.267973377385601452e-03 6.911639009428788283e-03 1.492180263509013290e-02 1.028907593490882913e-02
-1.618796132164553455e+03 -1.958286053828814147e+03 9.544147851081999079e+01 0.000000000000000000e+00 0.000000000000000000e+00 2.767587824052952783e-04 6.948448076683908653e-03 1.469650771219833951e-02 1.018136964101871121e-02
-1.618794832504752776e+03 -1.958286432272976299e+03 9.544144110186448415e+01 0.000000000000000000e+00 0.000000000000000000e+00 5.814086219871228423e-03 6.948448855331283529e-03 1.469649751111831715e-02 1.018136151729092526e-02
-1.618762510498957909e+03 -1.958354373501009832e+03 9.544307807044486935e+01 0.000000000000000000e+00 0.000000000000000000e+00 1.176504555844815059e-02 6.948490403831207932e-03 1.469657652714838857e-02 1.018139774081626252e-02
-1.193390612772103168e+03 -1.959739509472722375e+03 8.020837693279909786e+01 0.000000000000000000e+00 0.000000000000000000e+00 6.326817684850993828e-02 6.461142302341091846e-03 1.471490969175563712e-02 1.018244539587167229e-02
-1.193311782504858684e+03 -1.959674827829819833e+03 8.020314741714872753e+01 0.000000000000000000e+00 0.000000000000000000e+00 5.790631778853594369e-02 6.460976007533382991e-03 1.471483741326311094e-02 1.018241096011777459e-02
-1.193269744868729504e+03 -1.959593159973415368e+03 8.019829263897193528e+01 0.000000000000000000e+00 0.000000000000000000e+00 6.525545296034351850e-02 6.460829043283571570e-03 1.471471696819643543e-02 1.018234624310262494e-02
-1.197925394870755326e+03 -1.650067720074940780e+03 6.785855078057177536e+01 0.000000000000000000e+00 0.000000000000000000e+00 2.490950896823562744e-02 6.084898178269532859e-03 1.431852678761818924e-02 9.980500118869445325e-03
-1.197521771982738528e+03 -1.650072467254232606e+03 6.784642389288519837e+01 0.000000000000000000e+00 0.000000000000000000e+00 2.435884145889133379e-02 6.084465652302349994e-03 1.431854465197251493e-02 9.980504561156434973e-03
-1.197556167970270508e+03 -1.650051339367317496e+03 6.784669328437341562e+01 0.000000000000000000e+00 0.000000000000000000e+00 2.557464503463791061e-02 6.084479452746656414e-03 1.431851504882939927e-02 9.980488893266289963e-03
-1.595492608273919132e+03 -1.658889715129899514e+03 8.236515472003448224e+01 0.000000000000000000e+00 0.000000000000000000e+00 -6.182333254528771249e-03 6.584682763747896211e-03 1.431567191357635896e-02 9.983550181980141783e-03
-1.595457672867390784e+03 -1.658798031259216259e+03 8.236032653464226883e+01 0.000000000000000000e+00 0.000000000000000000e+00 -3.885831512619120076e-03 6.584541734191345919e-03 1.431555519227581397e-02 9.983486641353031196e-03
-1.595489093422946553e+03 -1.658733439795025106e+03 8.235921620098258700e+01 0.000000000000000000e+00 0.000000000000000000e+00 -1.133587494763332870e-03 6.584519525920738865e-03 1.431546829584838011e-02 9.983439434697254089e-03
-1.390439329427548046e+03 -1.411351429456962023e+03 6.604558235908007191e+01 0.000000000000000000e+00 0.000000000000000000e+00 2.056229969966238968e-02 6.070416659866417070e-03 1.402387790494012861e-02 9.823591254952796295e-03
-1.390556877096419612e+03 -1.411164590151419134e+03 6.604386555177262608e+01 0.000000000000000000e+00 0.000000000000000000e+00 1.623697504392396240e-02 6.070397769163816785e-03 1.402366283012289327e-02 9.823474568744775676e-03
-1.390420797519473581e+03 -1.411239588068076728e+03 6.604139902015356256e+01 0.000000000000000000e+00 0.000000000000000000e+00 1.981119183072621581e-02 6.070290404565451339e-03 1.402374819568072938e-02 9.823519606294064607e-03
-1.201636585787514605e+03 -1.250011840192603586e+03 5.501031405458991230e+01 0.000000000000000000e+00 0.000000000000000000e+00 2.460299460927473092e-02 5.694122096496580070e-03 1.384191182605197176e-02 9.720446050031354701e-03
-1.603968495176154647e+03 -1.251138238031589708e+03 6.946381235948021526e+01 0.000000000000000000e+00 0.000000000000000000e+00 4.878642149411405171e-02 6.235637470854271842e-03 1.383128294188762722e-02 9.715332948547185377e-03
-1.603944587478424864e+03 -1.251172552398192011e+03 6.946378664678339021e+01 0.000000000000000000e+00 0.000000000000000000e+00 4.603144689320970429e-02 6.235626888239204600e-03 1.383132839610447078e-02 9.715360132137257007e-03
-1.603930745753011024e+03 -1.251075253744029396e+03 6.946050218924722230e+01 0.000000000000000000e+00 0.000000000000000000e+00 3.711192269993546233e-02 6.235532461185335808e-03 1.383123717200755373e-02 9.715310439295361811e-03
-1.602411453185387927e+03 -9.418470633494771391e+02 6.184545884721979547e+01 0.000000000000000000e+00 0.000000000000000000e+00 2.601808766327451394e-02 6.039682064872357696e-03 1.349472757396090114e-02 9.513973839859928353e-03
-1.602589575507542122e+03 -9.414703198373334772e+02 6.184490477476064996e+01 0.000000000000000000e+00 0.000000000000000000e+00 1.474030577062279690e-02 6.039765678081372192e-03 1.349435237298642759e-02 9.513742460748771113e-03
-1.602530219480506503e+03 -9.414377000810370646e+02 6.184177838307368091e+01 0.000000000000000000e+00 0.000000000000000000e+00 -6.889807133418912599e-04 6.039655814632094097e-03 1.349435296602712400e-02 9.513746595190785554e-03
-1.204321346920851965e+03 -9.390549384896737592e+02 4.748296695482723351e+01 0.000000000000000000e+00 0.000000000000000000e+00 3.102894916807485970e-03 5.478178023702128148e-03 1.350165735738846802e-02 9.519468751577612325e-03
-1.204226940488787932e+03 -9.389586714745717018e+02 4.747804455957169267e+01 0.000000000000000000e+00 0.000000000000000000e+00 -4.558485091017416835e-03 5.478004146624156252e-03 1.350157405371248988e-02 9.519419548356554059e-03
-1.204175275515402063e+03 -9.391231039176730064e+02 4.747990960691693374e+01 0.000000000000000000e+00 0.000000000000000000e+00 -3.858608076484415506e-03 5.478033372561936371e-03 1.350174593350392943e-02 9.519524975101518321e-03
-1.397093116998904861e+03 -7.089842173901795377e+02 4.966867837878405112e+01 0.000000000000000000e+00 0.000000000000000000e+00 4.402793357002110497e-03 5.633336505284667478e-03 1.326512039645447692e-02 9.368578816270572637e-03
-1.397037212929831185e+03 -7.090384599914470982e+02 4.966752945607044722e+01 0.000000000000000000e+00 0.000000000000000000e+00 -5.225581112313193444e-03 5.633274485607444627e-03 1.326519517574201688e-02 9.368629566685961890e-03
-1.396980681051126567e+03 -7.091450141601646919e+02 4.966718262254897098e+01 0.000000000000000000e+00 0.000000000000000000e+00 1.572273446143412912e-03 5.633229712836019393e-03 1.326528568896835625e-02 9.368688527855769527e-03
-1.603955105494818781e+03 -5.435899507300906635e+02 5.536666440758150998e+01 0.000000000000000000e+00 0.000000000000000000e+00 -2.542556429615672187e-02 5.903916710350979799e-03 1.310356821464339627e-02 9.257890313349597528e-03
-1.603962828438662882e+03 -5.435405185613617505e+02 5.536639585175990419e+01 0.000000000000000000e+00 0.000000000000000000e+00 -1.624479131388056885e-02 5.903919568700219389e-03 1.310350258830654535e-02 9.257844382712425435e-03
-1.603998248688939384e+03 -5.432863405355629993e+02 5.536483828776673022e+01 0.000000000000000000e+00 0.000000000000000000e+00 -2.525196305985843992e-02 5.903929341411204464e-03 1.310328758718529336e-02 9.257695227402535851e-03
-1.207124334680564516e+03 -5.497791312577815006e+02 4.109769460511863315e+01 0.000000000000000000e+00 0.000000000000000000e+00 -6.204113246944586990e-03 5.329113034048436719e-03 1.311629240442111106e-02 9.269811885357890496e-03
-1.206901069994472664e+03 -5.500858694661214940e+02 4.109454120404736699e+01 0.000000000000000000e+00 0.000000000000000000e+00 -8.542830549387758765e-03 5.328887945790342778e-03 1.311658439216734778e-02 9.270013962983145173e-03
-1.206860627576081924e+03 -5.501986906224319682e+02 4.109467140804511587e+01 0.000000000000000000e+00 0.000000000000000000e+00 2.393150711270664033e-03 5.328858704121351188e-03 1.311666579138511673e-02 9.270069535275329842e-03
-1.208906516337162657e+03 -2.329313794753117861e+02 3.841931602132592616e+01 0.000000000000000000e+00 0.000000000000000000e+00 1.758700148634773086e-03 5.312974740450084749e-03 1.283852780963115787e-02 9.068640416446855507e-03
-1.208813124233591680e+03 -2.329943257727184971e+02 3.841672267335749780e+01 0.000000000000000000e+00 0.000000000000000000e+00 2.488427179621055529e-03 5.312847456528338452e-03 1.283857824414887452e-02 9.068680089654460041e-03
-1.208712620790193341e+03 -2.330844836026685982e+02 3.841404445712460358e+01 0.000000000000000000e+00 0.000000000000000000e+00 -4.377120308262760773e-03 5.312709705114817757e-03 1.283866793064499315e-02 9.068748786492839345e-03
-1.595466621570336201e+03 -2.425161640649542392e+02 5.247200504291733125e+01 0.000000000000000000e+00 0.000000000000000000e+00 -8.948151188590713900e-03 5.872213145877306154e-03 1.284198974488852743e-02 9.067499195738766907e-03
-1.400821588181724792e+03 6.759107831880688089e+00 4.437309872814509504e+01 0.000000000000000000e+00 0.000000000000000000e+00 -2.147755129148265496e-02 5.622292613909858801e-03 1.265097358075615089e-02 8.915677980258884805e-03
-1.400781303809606925e+03 6.755020738947866477e+00 4.437163160727925515e+01 0.000000000000000000e+00 0.000000000000000000e+00 -3.257951290450478155e-03 5.622229483774644765e-03 1.265093591205923573e-02 8.915652906271146275e-03
-1.400564443242884181e+03 6.648235697334952121e+00 4.436367726139032186e+01 0.000000000000000000e+00 0.000000000000000000e+00 -5.290141426030459115e-03 5.621889111405753252e-03 1.265102024004372341e-02 8.915725892624307147e-03
-1.201813908179587770e+03 1.730616482472575797e+02 3.807603452556327284e+01 0.000000000000000000e+00 0.000000000000000000e+00 -4.909212722274958196e-03 5.418776594054519266e-03 1.253330991937560458e-02 8.814262395156403918e-03
-1.201786054631196976e+03 1.729384843011489750e+02 3.807461874039351102e+01 0.000000000000000000e+00 0.000000000000000000e+00 7.225454674234299546e-03 5.418680263270990449e-03 1.253336585901917988e-02 8.814320329965786086e-03
-1.201715052452151212e+03 1.728753364126113752e+02 3.807212300079808642e+01 0.000000000000000000e+00 0.000000000000000000e+00 8.869202651247576341e-03 5.418561666638841041e-03 1.253340450479364411e-02 8.814357442768020259e-03
-1.595383074434641912e+03 1.587664595897265372e+02 5.234654915816173570e+01 0.000000000000000000e+00 0.000000000000000000e+00 -6.367241099084708367e-03 5.962722785136078708e-03 1.254208518283941691e-02 8.818331449974740194e-03
-1.595437805697289377e+03 1.588704229530594318e+02 5.234928809497466062e+01 0.000000000000000000e+00 0.000000000000000000e+00 -1.068939126064805123e-02 5.962847970047538242e-03 1.254202419027234013e-02 8.818273377005858560e-03
-1.595397375600043915e+03 1.587804860917671306e+02 5.234720684403571056e+01 0.000000000000000000e+00 0.000000000000000000e+00 -1.107117193539863820e-02 5.962751416083236083e-03 1.254208619687432330e-02 8.818329876529957742e-03
-1.585539121319559854e+03 4.769687483270888606e+02 5.454608031270319657e+01 0.000000000000000000e+00 0.000000000000000000e+00 2.563966480821022742e-03 6.108840808674024375e-03 1.234648086878767197e-02 8.625348170187270222e-03
-1.585516510276495183e+03 4.769293761681437900e+02 5.454466425171753485e+01 0.000000000000000000e+00 0.000000000000000000e+00 1.099820085287461779e-02 6.108780174656912483e-03 1.234648343910394255e-02 8.625358919201788974e-03
-1.585491154329827850e+03 4.769905206448643185e+02 5.454434190079302880e+01 0.000000000000000000e+00 0.000000000000000000e+00 3.187155822530485239e-04 6.108785429048928586e-03 1.234647410225387168e-02 8.625338953923571833e-03
-1.208227795271885725e+03 4.816839207516601391e+02 4.077829431042493979e+01 0.000000000000000000e+00 0.000000000000000000e+00 -5.248887761830189902e-03 5.611549117105705739e-03 1.234177288250075735e-02 8.623679667743036625e-03
-1.208211433388208206e+03 4.817415838044221346e+02 4.077845733604731038e+01 0.000000000000000000e+00 0.000000000000000000e+00 -5.034451201993306313e-03 5.611571456645021369e-03 1.234173974288245261e-02 8.623643958384438063e-03
-1.208194962963782245e+03 4.817832530695951618e+02 4.077842834245178949e+01 0.000000000000000000e+00 0.000000000000000000e+00 8.091836345514025197e-04 5.611579628573294329e-03 1.234170269699214929e-02 8.623609342201144987e-03
-1.411867010177508746e+03 7.191094879876824280e+02 5.129224809353853232e+01 0.000000000000000000e+00 0.000000000000000000e+00 -1.293033585078973147e-02 6.049342868873392592e-03 1.222252142883040356e-02 8.480531513930640586e-03
-1.411855934654784960e+03 7.191460652487716061e+02 5.129248474752455422e+01 0.000000000000000000e+00 0.000000000000000000e+00 -1.124003169111631451e-02 6.049358815069312729e-03 1.222250043755365202e-02 8.480506973528560352e-03
-1.411811273218080942e+03 7.191811118115730324e+02 5.129144287738691332e+01 0.000000000000000000e+00 0.000000000000000000e+00 -2.486980259810422922e-03 6.049327404821574876e-03 1.222246347976578724e-02 8.480472235940936243e-03
-1.584867630949079285e+03 8.772035899339151683e+02 6.128660381065032681e+01 0.000000000000000000e+00 0.000000000000000000e+00 1.286070474414202636e-03 6.411630271282203926e-03 1.215617774348573023e-02 8.388657056001436879e-03
-1.584819178369231850e+03 8.770648532858989483e+02 6.128153160595888949e+01 0.000000000000000000e+00 0.000000000000000000e+00 -3.436559107171888172e-03 6.411445005479209092e-03 1.215624318919572219e-02 8.388744556377584691e-03
-1.584728737350989377e+03 8.769128635671085021e+02 6.127440223384007822e+01 0.000000000000000000e+00 0.000000000000000000e+00 -1.360586719435730174e-03 6.411188742205887851e-03 1.215629781502125528e-02 8.388828803951578136e-03
-1.242276413977590892e+03 8.998031670633934027e+02 4.894101403945843742e+01 0.000000000000000000e+00 0.000000000000000000e+00 -9.932895818835163482e-03 6.016749792330934425e-03 1.214181903422306696e-02 8.370553433497169779e-03
-1.242205809875860723e+03 8.997367315967661625e+02 4.893722774339990167e+01 0.000000000000000000e+00 0.000000000000000000e+00 -8.958229788504468161e-03 6.016604527683903567e-03 1.214184140920165564e-02 8.370590565964274379e-03
-1.242204934061126323e+03 8.997812371667891966e+02 4.893818062592832518e+01 0.000000000000000000e+00 0.000000000000000000e+00 -8.837762272605687031e-03 6.016648725007357409e-03 1.214182347672328882e-02 8.370563718447361634e-03
-1.602641278736078448e+03 1.193407237213229791e+03 7.021476549486652630e+01 0.000000000000000000e+00 0.000000000000000000e+00 -2.819137797867199424e-02 6.743436170030999918e-03 1.205185107000843019e-02 8.207508806956489988e-03
-1.602503003268902148e+03 1.193150964109544930e+03 7.020116782149820267e+01 0.000000000000000000e+00 0.000000000000000000e+00 -2.628210133272546045e-02 6.742993446549908239e-03 1.205191242451718846e-02 8.207646500532225775e-03
-1.602427248865006504e+03 1.192986101639623257e+03 7.019298886538183524e+01 0.000000000000000000e+00 0.000000000000000000e+00 -2.824506468034826412e-02 6.742726679098815477e-03 1.205195954731053294e-02 8.207740399392420005e-03
-1.215915047247232678e+03 1.189147600993729611e+03 5.550928368344180086e+01 0.000000000000000000e+00 0.000000000000000000e+00 -4.288992660534063361e-03 6.310323668889896223e-03 1.204333856202754148e-02 8.197926524940005871e-03
-1.215745530177302498e+03 1.189161631013106216e+03 5.550419642127963016e+01 0.000000000000000000e+00 0.000000000000000000e+00 -6.888567365805897680e-04 6.310171765731402600e-03 1.204332064213064178e-02 8.197907604792052313e-03
-1.215683458612764070e+03 1.189163118080319691e+03 5.550222679560052086e+01 0.000000000000000000e+00 0.000000000000000000e+00 -2.575939126209902952e-03 6.310113810213545567e-03 1.204332255489932481e-02 8.197907754897745813e-03
-1.435769452625273289e+03 1.442542399132188393e+03 7.161286283606338543e+01 0.000000000000000000e+00 0.000000000000000000e+00 -8.652885741739169134e-03 6.843525646578869047e-03 1.199389089683213991e-02 8.059642316125435399e-03
-1.435780423858605445e+03 1.442684759022085245e+03 7.161842741148547020e+01 0.000000000000000000e+00 0.000000000000000000e+00 -1.068150248373456179e-02 6.843716506919165186e-03 1.199387217518200349e-02 8.059565237308535107e-03
-1.435867406940930550e+03 1.442725614523879358e+03 7.162327024926156582e+01 0.000000000000000000e+00 0.000000000000000000e+00 -4.714830538418368633e-03 6.843853640028627755e-03 1.199385419299947055e-02 8.059537170208011178e-03
-1.596277477570266001e+03 1.588408680723375028e+03 8.375759802135333132e+01 0.000000000000000000e+00 0.000000000000000000e+00 1.406207411903892535e-02 7.195517757158820249e-03 1.197914009576115865e-02 7.987238144035832543e-03
-1.596381669363122228e+03 1.588480092538925646e+03 8.376498133900230414e+01 0.000000000000000000e+00 0.000000000000000000e+00 1.372602053696425628e-02 7.195719064852859788e-03 1.197913671800988726e-02 7.987206213478727918e-03
-1.596379558762972010e+03 1.588645502086225861e+03 8.377153177995818112e+01 0.000000000000000000e+00 0.000000000000000000e+00 7.771149602220361885e-03 7.195928908098559763e-03 1.197913380192526522e-02 7.987124563840892338e-03
-1.202504165383727013e+03 1.571019299034774804e+03 6.814789961233690008e+01 0.000000000000000000e+00 0.000000000000000000e+00 -1.382210987887333431e-02 6.793790015590609604e-03 1.196652435795274305e-02 7.974395837254183092e-03
-1.202633594593720773e+03 1.571368759503308411e+03 6.816580416115952801e+01 0.000000000000000000e+00 0.000000000000000000e+00 -1.517338444045890355e-02 6.794387008631843326e-03 1.196649125561136985e-02 7.974202743367915514e-03
-1.202317713248266273e+03 1.570953557415980185e+03 6.813926935215079084e+01 0.000000000000000000e+00 0.000000000000000000e+00 -1.653860008040908269e-02 6.793542326254024301e-03 1.196653022440255856e-02 7.974428306988424683e-03
-1.202044068883889395e+03 1.905323354095575041e+03 8.272624021296027763e+01 0.000000000000000000e+00 0.000000000000000000e+00 -2.740298836684473827e-03 7.281552096030990615e-03 1.194963558201947787e-02 7.783276076466615588e-03
-1.202097087586935231e+03 1.905589471287197512e+03 8.274079367341751379e+01 0.000000000000000000e+00 0.000000000000000000e+00 -1.192795136276458834e-02 7.282004296706517769e-03 1.194966502066737747e-02 7.783143425507520023e-03
-1.202017076786459029e+03 1.905502653147736510e+03 8.273398713217599720e+01 0.000000000000000000e+00 0.000000000000000000e+00 -1.061922730362141465e-02 7.281811490430221620e-03 1.194965588887328747e-02 7.783184624877515466e-03
-1.608931974162389452e+03 1.894337869029655167e+03 9.784799902233193336e+01 0.000000000000000000e+00 0.000000000000000000e+00 2.070561565004425120e-02 7.612170296854820807e-03 1.196836291587435527e-02 7.823186176697504920e-03
-1.608076308337327418e+03 1.893127772748872530e+03 9.775171225079652970e+01 0.000000000000000000e+00 0.000000000000000000e+00 1.163987142224698346e-02 7.609690208774782735e-03 1.196831736514188463e-02 7.823763456753200438e-03
-1.608042659692974667e+03 1.893008752131116580e+03 9.774447344780499236e+01 0.000000000000000000e+00 0.000000000000000000e+00 1.262351737432254595e-02 7.609493163369322570e-03 1.196831054369089375e-02 7.823822129950953885e-03
-1.405671853172427291e+03 2.137365594414600309e+03 1.019513266204616571e+02 0.000000000000000000e+00 0.000000000000000000e+00 1.715155234408882734e-02 7.791852449965519858e-03 1.197721081719959647e-02 7.672885513424660374e-03
-1.406657768954127050e+03 2.137467923601880557e+03 1.019951854140752516e+02 0.000000000000000000e+00 0.000000000000000000e+00 2.266884582944328486e-02 7.792767441620297546e-03 1.197726410478175928e-02 7.672924694247847816e-03
-1.406841559989141842e+03 2.137791309636514143e+03 1.020200348163318438e+02 0.000000000000000000e+00 0.000000000000000000e+00 2.126455278241223823e-02 7.793408111837398650e-03 1.197731704828467435e-02 7.672771420395291600e-03
-1.208949755896555416e+03 2.293854988841174873e+03 1.037356509482182219e+02 0.000000000000000000e+00 0.000000000000000000e+00 6.288010873731764150e-03 7.903142343101710390e-03 1.198926162736148847e-02 7.567198439528596485e-03
-1.208849951455761129e+03 2.293763407897974957e+03 1.037269175812861306e+02 0.000000000000000000e+00 0.000000000000000000e+00 -6.059517550994542034e-03 7.902938644875656324e-03 1.198926667140697531e-02 7.567256964210713512e-03
-1.208801975029745563e+03 2.293767637655753788e+03 1.037255609364433440e+02 0.000000000000000000e+00 0.000000000000000000e+00 3.224750131067821712e-04 7.902909952095136734e-03 1.198924967242568848e-02 7.567240170038048996e-03
-1.599866861991435826e+03 2.292584193075400890e+03 1.188966075959925064e+02 0.000000000000000000e+00 0.000000000000000000e+00 6.766578772499087790e-03 8.182835578022993467e-03 1.201209452878891117e-02 7.614125343847096862e-03
-1.599864454883725557e+03 2.292756051370102341e+03 1.189067101853450339e+02 0.000000000000000000e+00 0.000000000000000000e+00 1.091432585778306930e-02 8.183091831132464911e-03 1.201211815610447008e-02 7.614030659715958008e-03
-1.599881896913356513e+03 2.292849224729235630e+03 1.189130220015101287e+02 0.000000000000000000e+00 0.000000000000000000e+00 1.104799283906743312e-02 8.183247556089510641e-03 1.201213678104615969e-02 7.613984957455270305e-03
-1.601879140676376892e+03 2.608961006466063282e+03 1.392071076345178824e+02 0.000000000000000000e+00 0.000000000000000000e+00 -1.903279593534534797e-03 8.680726362134190410e-03 1.209389754831191252e-02 7.454376342576464129e-03
-1.601957514895886334e+03 2.608790909410481618e+03 1.391989962979167501e+02 0.000000000000000000e+00 0.000000000000000000e+00 -2.952839816458663336e-03 8.680507531309344244e-03 1.209384994917401396e-02 7.454475915230517578e-03
-1.601992499107823505e+03 2.608790479767576926e+03 1.392005442408814986e+02 0.000000000000000000e+00 0.000000000000000000e+00 -5.417196576900096261e-03 8.680533370878018226e-03 1.209385753796051767e-02 7.454485631967299950e-03
-1.211921222001801198e+03 2.607636836901798688e+03 1.237115394986627166e+02 0.000000000000000000e+00 0.000000000000000000e+00 2.318080827929236420e-02 8.434181202754145734e-03 1.206674875058410742e-02 7.397082397177850641e-03
-1.211834959029805532e+03 2.607821383310289093e+03 1.237211311180556663e+02 0.000000000000000000e+00 0.000000000000000000e+00 2.120077282388876938e-02 8.434453673325174872e-03 1.206680409467938281e-02 7.396975289832573817e-03
-1.211675393161238162e+03 2.607752403414341188e+03 1.237110345356511516e+02 0.000000000000000000e+00 0.000000000000000000e+00 2.608296560326550662e-02 8.434242423568629604e-03 1.206675975812877832e-02 7.396984663497892590e-03
-1.397342759496516237e+03 2.852367691796724557e+03 1.480352913991123103e+02 0.000000000000000000e+00 0.000000000000000000e+00 5.884278716422386424e-03 8.960402880357863989e-03 1.216933546341869565e-02 7.296757869828175702e-03
-1.397225987667229447e+03 2.852323122454092299e+03 1.480273131122690984e+02 0.000000000000000000e+00 0.000000000000000000e+00 5.139150225147659512e-03 8.960261300447787056e-03 1.216930985593086406e-02 7.296761616490403564e-03
-1.397143939633594982e+03 2.852164869405218269e+03 1.480121535096641594e+02 0.000000000000000000e+00 0.000000000000000000e+00 4.688286907509109369e-03 8.959941872699708418e-03 1.216923922880058448e-02 7.296828720877664848e-03
-1.195953954032944011e+03 3.004430171767087813e+03 1.523891746636879816e+02 0.000000000000000000e+00 0.000000000000000000e+00 1.384419203628795003e-02 9.128088597888396258e-03 1.222007874687707982e-02 7.185262089437728476e-03
-1.195895725062803876e+03 3.004327474346092004e+03 1.523790281070245669e+02 0.000000000000000000e+00 0.000000000000000000e+00 1.640737555118221280e-02 9.127873983331214955e-03 1.222002009105897444e-02 7.185302504681435713e-03
-1.195500716158044497e+03 3.003420323329647090e+03 1.522934779992807250e+02 0.000000000000000000e+00 0.000000000000000000e+00 2.112717583318612924e-02 9.126048631386631665e-03 1.221955190019616798e-02 7.185704467312094626e-03
-1.598221735513649492e+03 3.008269182330875537e+03 1.687212746121967086e+02 0.000000000000000000e+00 0.000000000000000000e+00 2.042844328161663725e-02 9.342989235477669810e-03 1.225403827546955177e-02 7.258347692656925802e-03
-1.598176676932209602e+03 3.008309128185382178e+03 1.687224226728112910e+02 0.000000000000000000e+00 0.000000000000000000e+00 1.798293159646391359e-02 9.343033794584797852e-03 1.225405947104477554e-02 7.258322317800102418e-03
-1.598176695674183293e+03 3.008344213914653210e+03 1.687252398558333084e+02 0.000000000000000000e+00 0.000000000000000000e+00 1.737730165075390687e-02 9.343094406294598364e-03 1.225407764633930190e-02 7.258306352285987667e-03
-9.326355934393826601e+02 3.033887407077878834e+03 1.467720970091787080e+02 0.000000000000000000e+00 0.000000000000000000e+00 -3.031963464971454414e-02 9.074251230897431575e-03 1.221050013472497336e-02 7.132675842714581056e-03
-9.326763783623134714e+02 3.033893201422974471e+03 1.467736418551420172e+02 0.000000000000000000e+00 0.000000000000000000e+00 -2.705986797647597086e-02 9.074273959576379181e-03 1.221049948621343723e-02 7.132672988365009251e-03
-9.326651195309763125e+02 3.033960786809706406e+03 1.467787556529176527e+02 0.000000000000000000e+00 0.000000000000000000e+00 -3.426194881942024040e-02 9.074402135512808082e-03 1.221054629347473330e-02 7.132645923738766859e-03
-5.095962359555130661e+02 3.057992474062568363e+03 1.400453348014860353e+02 0.000000000000000000e+00 0.000000000000000000e+00 -2.955474826507042962e-02 8.996545404932186629e-03 1.217991037333635528e-02 7.079726140283910084e-03
-5.095673500454194027e+02 3.058181920907971744e+03 1.400601592105105908e+02 0.000000000000000000e+00 0.000000000000000000e+00 -3.177317442376192957e-02 8.996903184949606516e-03 1.218000202770026102e-02 7.079623257341541472e-03
-5.095455181255021557e+02 3.058291172588110840e+03 1.400686339687354973e+02 0.000000000000000000e+00 0.000000000000000000e+00 -3.051588148653650023e-02 8.997106105609709720e-03 1.218004874547121488e-02 7.079559836055382069e-03
-7.112960295547360374e+02 2.910047856756435976e+03 1.319446082608783684e+02 0.000000000000000000e+00 0.000000000000000000e+00 -2.330787593680838654e-02 8.768758088199732001e-03 1.213418557978102053e-02 7.176847225230182682e-03
-7.112740056654001819e+02 2.909984777310159188e+03 1.319393610318850847e+02 0.000000000000000000e+00 0.000000000000000000e+00 -2.558176216976448814e-02 8.768635285858483036e-03 1.213416204422310823e-02 7.176883512242001641e-03
-7.105191271498493961e+02 2.909583369363558177e+03 1.318936371287612133e+02 0.000000000000000000e+00 0.000000000000000000e+00 -3.029814308396794331e-02 8.767658765888567199e-03 1.213393108120036298e-02 7.177046027205150752e-03
-8.895434377729186508e+02 2.670945339567432711e+03 1.185657731607876428e+02 0.000000000000000000e+00 0.000000000000000000e+00 -6.794573109814905365e-03 8.391483747824432515e-03 1.206109620455590899e-02 7.326014881865605330e-03
-8.896148200683423966e+02 2.670597383605082996e+03 1.185434353668729415e+02 0.000000000000000000e+00 0.000000000000000000e+00 -7.235718211589414750e-03 8.390884654099260362e-03 1.206098930878662066e-02 7.326215742313562686e-03
-8.895920538398277131e+02 2.670641648118087687e+03 1.185459359119722791e+02 0.000000000000000000e+00 0.000000000000000000e+00 -4.996437003924825149e-03 8.390953379584105074e-03 1.206099680234219360e-02 7.326185599828027341e-03
-5.238115740164324734e+02 2.674272655918550299e+03 1.115661569315545449e+02 0.000000000000000000e+00 0.000000000000000000e+00 -1.220148307494639539e-02 8.276903801119199142e-03 1.202857599351649445e-02 7.295393410827683348e-03
-5.231720160346217199e+02 2.673631592213341264e+03 1.115124903852972835e+02 0.000000000000000000e+00 0.000000000000000000e+00 -1.086378097420492850e-02 8.275553779577738897e-03 1.202830475642395827e-02 7.295717938038776169e-03
-5.230841436933488922e+02 2.673984456375016180e+03 1.115355943332269817e+02 0.000000000000000000e+00 0.000000000000000000e+00 -1.008273932936276651e-02 8.276185236744738535e-03 1.202840766844295341e-02 7.295510950149850134e-03
-5.084926188085145213e+02 2.353968696755224300e+03 9.067895061285426550e+01 0.000000000000000000e+00 0.000000000000000000e+00 -7.792659631959963917e-03 7.688445338173300475e-03 1.194530933552866159e-02 7.478775396374318790e-03
-5.084848156462204543e+02 2.353769186403398180e+03 9.066687799026104244e+01 0.000000000000000000e+00 0.000000000000000000e+00 -6.334604952755285012e-03 7.688084279257765760e-03 1.194526754868024260e-02 7.478888819282468632e-03
-5.084715929488532993e+02 2.353715774811838855e+03 9.066348989933604230e+01 0.000000000000000000e+00 0.000000000000000000e+00 -7.323810530692753673e-04 7.687980116065701829e-03 1.194524341137283285e-02 7.478910733814046925e-03
-7.019013963260907758e+02 2.200622483586559156e+03 8.502781516294739106e+01 0.000000000000000000e+00 0.000000000000000000e+00 -1.102498453195721595e-02 7.482185572750914108e-03 1.193756401880999816e-02 7.578978962840275495e-03
-7.020829712858397897e+02 2.200913914259790090e+03 8.504757855035575176e+01 0.000000000000000000e+00 0.000000000000000000e+00 -1.186236007497143419e-02 7.482762801597032248e-03 1.193761852166088343e-02 7.578821816880408277e-03
-7.029204898907082679e+02 2.201271942221376776e+03 8.508372577475077492e+01 0.000000000000000000e+00 0.000000000000000000e+00 -6.196638143734389814e-03 7.483709322932001300e-03 1.193771998840049281e-02 7.578656240529667819e-03
-9.053812241449130624e+02 2.297139223546201720e+03 9.505500165562065717e+01 0.000000000000000000e+00 0.000000000000000000e+00 -2.423747105949303204e-02 7.738682739671317451e-03 1.196832788260110761e-02 7.537697319183469039e-03
-9.050516753987305947e+02 2.296960683456212337e+03 9.503629247949788805e+01 0.000000000000000000e+00 0.000000000000000000e+00 -2.518566243830377971e-02 7.738216573968507289e-03 1.196827363514160747e-02 7.537774110899653733e-03
-9.050344148804534825e+02 2.297020212052948864e+03 9.503935243423373436e+01 0.000000000000000000e+00 0.000000000000000000e+00 -2.290564956898322180e-02 7.738308680719717739e-03 1.196827750261278411e-02 7.537735413300646579e-03
-9.051712269475382300e+02 1.972537225972972010e+03 7.747498643828606646e+01 0.000000000000000000e+00 0.000000000000000000e+00 -1.552756065066773772e-02 7.194786851160253280e-03 1.193343376437325416e-02 7.724351807896408587e-03
-9.052159915663662559e+02 1.972508375060865319e+03 7.747465919528694656e+01 0.000000000000000000e+00 0.000000000000000000e+00 -9.699244259508077448e-03 7.194760079950133884e-03 1.193342217464484108e-02 7.724362551628127967e-03
-9.050986005702386592e+02 1.972614548299033459e+03 7.747703338171967857e+01 0.000000000000000000e+00 0.000000000000000000e+00 -1.109751626597699214e-02 7.194868751193372360e-03 1.193342163830218502e-02 7.724295593440105162e-03
-5.208877940815484635e+02 1.973012720820503773e+03 7.002920476238517722e+01 0.000000000000000000e+00 0.000000000000000000e+00 1.529536054867719486e-02 7.027125375018414277e-03 1.190450197351845991e-02 7.703349064898184877e-03
-5.209574363275880842e+02 1.972962678637487443e+03 7.002771925018019772e+01 0.000000000000000000e+00 0.000000000000000000e+00 1.785752564033771250e-02 7.027060693618560061e-03 1.190450026948185192e-02 7.703377997345231543e-03
-5.208935958363989585e+02 1.972833939052826963e+03 7.002045136071694742e+01 0.000000000000000000e+00 0.000000000000000000e+00 3.138740488596170053e-02 7.026811282784675879e-03 1.190445980116492872e-02 7.703431027307344053e-03
-5.050143386326180348e+02 1.654192485196421558e+03 5.542231255329929951e+01 0.000000000000000000e+00 0.000000000000000000e+00 -1.114216992250049998e-02 6.498505664215470726e-03 1.191514108076023246e-02 7.893667161785201600e-03
-5.040183075608031800e+02 1.652369982669555384e+03 5.533435015435381388e+01 0.000000000000000000e+00 0.000000000000000000e+00 -2.943302224217347884e-03 6.495266902334403784e-03 1.191523773482361381e-02 7.894716780675773565e-03
-5.040162312414149710e+02 1.652225436835780556e+03 5.532842240404661993e+01 0.000000000000000000e+00 0.000000000000000000e+00 -6.778303133380347845e-03 6.495040084653338694e-03 1.191526170059881151e-02 7.894809802549704672e-03
-7.039986287497329158e+02 1.497875633615100014e+03 5.257962764671360389e+01 0.000000000000000000e+00 0.000000000000000000e+00 -2.216790251760158981e-02 6.343651520483406872e-03 1.195001827898815178e-02 7.995568953417298008e-03
-7.040192891291311525e+02 1.497818790231875028e+03 5.257792205074835579e+01 0.000000000000000000e+00 0.000000000000000000e+00 -1.616167664961665196e-02 6.343573103236347342e-03 1.195001496438403282e-02 7.995594785155667877e-03
-7.039957092887083263e+02 1.497836883056028455e+03 5.257814392022889649e+01 0.000000000000000000e+00 0.000000000000000000e+00 -1.524632972843420475e-02 6.343587099549983198e-03 1.195000835673564951e-02 7.995581582614662980e-03
-8.945611268366247941e+02 1.599460247626386263e+03 6.056080260906001911e+01 0.000000000000000000e+00 0.000000000000000000e+00 -2.289467617011098355e-03 6.605677779570892985e-03 1.194722887124938758e-02 7.942720749749877102e-03
-8.945728757105712248e+02 1.599561420880406786e+03 6.056509914695445218e+01 0.000000000000000000e+00 0.000000000000000000e+00 -5.229802307361808289e-03 6.605838364810494474e-03 1.194722454152237663e-02 7.942665797777968481e-03
-8.945200916671964251e+02 1.599734412196655285e+03 6.057068978516393543e+01 0.000000000000000000e+00 0.000000000000000000e+00 -3.682423078750218792e-03 6.606061610473604705e-03 1.194719759858278371e-02 7.942558463609278308e-03
-9.024099352339387679e+02 1.258269781360972047e+03 4.873360147161131550e+01 0.000000000000000000e+00 0.000000000000000000e+00 2.265063477082662757e-03 6.129043715385457287e-03 1.201188736221909734e-02 8.146902668407200385e-03
-9.024527891855802864e+02 1.258219342586230823e+03 4.873307792542691175e+01 0.000000000000000000e+00 0.000000000000000000e+00 3.896710269266634441e-03 6.129006860793943280e-03 1.201189871626219367e-02 8.146931903821659493e-03
-9.024873222416318868e+02 1.258122885907243699e+03 4.873093650316548064e+01 0.000000000000000000e+00 0.000000000000000000e+00 4.998173144294071335e-03 6.128903226830757951e-03 1.201192282497988081e-02 8.146989395987264126e-03
-5.094456355499691540e+02 1.255698915524710173e+03 4.127196689876750213e+01 0.000000000000000000e+00 0.000000000000000000e+00 -1.145926019518128669e-02 5.902625112114225775e-03 1.199019943934999562e-02 8.136196419306700525e-03
-5.093935103095013233e+02 1.255982569009026520e+03 4.127991840745237084e+01 0.000000000000000000e+00 0.000000000000000000e+00 1.410491129881563666e-03 5.902993261634188749e-03 1.199008939319238728e-02 8.136001206621872733e-03
-5.093913010807956994e+02 1.255963415158899352e+03 4.127930384947325848e+01 0.000000000000000000e+00 0.000000000000000000e+00 -2.968564392340056202e-03 5.902968640767054624e-03 1.199010462014764127e-02 8.136019611757906028e-03
-5.022720726565233349e+02 9.378185234879533709e+02 3.275326765943693630e+01 0.000000000000000000e+00 0.000000000000000000e+00 -1.341159434901584291e-02 5.482209539146871285e-03 1.209645962602168626e-02 8.331834371124868452e-03
-5.022562811017076569e+02 9.376341265090131856e+02 3.274890803451447852e+01 0.000000000000000000e+00 0.000000000000000000e+00 -1.511538991269389953e-02 5.481979729646356894e-03 1.209653650269358789e-02 8.331950771465727532e-03
-5.022649879995746005e+02 9.374672276916558076e+02 3.274526689072021668e+01 0.000000000000000000e+00 0.000000000000000000e+00 -1.652655675972880545e-02 5.481781662775445443e-03 1.209660711878989339e-02 8.332056519401241645e-03
-7.068405224458318798e+02 7.810579900954925279e+02 3.277042266509890567e+01 0.000000000000000000e+00 0.000000000000000000e+00 1.805404405423871594e-03 5.414921881093813852e-03 1.217417957711834295e-02 8.433570335380174629e-03
-7.068561800365307590e+02 7.811786003383424486e+02 3.277297306386343223e+01 0.000000000000000000e+00 0.000000000000000000e+00 -8.713920666643559798e-03 5.415067743524895269e-03 1.217414935150535303e-02 8.433512278948640875e-03
-7.067690444131849290e+02 7.812264391773892385e+02 3.277225380088675877e+01 0.000000000000000000e+00 0.000000000000000000e+00 -1.191614101263382963e-02 5.415063078733024782e-03 1.217413095639691654e-02 8.433485885491011358e-03
-8.827671094113200070e+02 8.947291939939706253e+02 3.874210827724942874e+01 0.000000000000000000e+00 0.000000000000000000e+00 -2.201813994746260050e-02 5.668699380732503817e-03 1.213243980186049301e-02 8.367149862524679224e-03
-8.831613348499041649e+02 8.949178773205611606e+02 3.875536734370849956e+01 0.000000000000000000e+00 0.000000000000000000e+00 -2.206790363833022184e-02 5.669226341479407551e-03 1.213237863176072281e-02 8.367042407359533140e-03
-8.834259821555864391e+02 8.950396193485153162e+02 3.876416455243709436e+01 0.000000000000000000e+00 0.000000000000000000e+00 -2.081550090937867026e-02 5.669573910316764477e-03 1.213233660269836915e-02 8.366971302086608289e-03
-9.147867464285143342e+02 5.358198091590695640e+02 3.330646850874136078e+01 0.000000000000000000e+00 0.000000000000000000e+00 -1.376274584920622601e-03 5.344500194803861702e-03 1.230533297948599274e-02 8.588542047635478252e-03
-9.149687336795392412e+02 5.359474112097653915e+02 3.331246069525977305e+01 0.000000000000000000e+00 0.000000000000000000e+00 -2.945910069072965598e-03 5.344774561732480028e-03 1.230527184844544021e-02 8.588467347196657511e-03
-9.157210740588843692e+02 5.362750448873298410e+02 3.333466662115479551e+01 0.000000000000000000e+00 0.000000000000000000e+00 -4.168663729124943984e-03 5.345739102748427347e-03 1.230511674206569324e-02 8.588274150875102250e-03
-5.316844154824328825e+02 5.200791804000127740e+02 2.588612340373088827e+01 0.000000000000000000e+00 0.000000000000000000e+00 -1.575508209631237833e-02 5.053597217827130415e-03 1.229977274620249438e-02 8.592603297347749594e-03
-5.317156019506771827e+02 5.198928937006780870e+02 2.588425895831606738e+01 0.000000000000000000e+00 0.000000000000000000e+00 -9.744083776190848312e-03 5.053444494791115883e-03 1.229986555184177377e-02 8.592711209939095027e-03
-5.317327037065334707e+02 5.199103007056633032e+02 2.588471008331489642e+01 0.000000000000000000e+00 0.000000000000000000e+00 -1.863514810932542787e-02 5.053473542071713204e-03 1.229987688361345796e-02 8.592714400880397882e-03
-5.086410621125860985e+02 2.244221720920284611e+02 2.297341722787881224e+01 0.000000000000000000e+00 0.000000000000000000e+00 -3.432207371137252494e-03 4.818134310890244063e-03 1.248230636724622505e-02 8.777848299378296013e-03
-5.087672676486417345e+02 2.245372545408001770e+02 2.297568563947043430e+01 0.000000000000000000e+00 0.000000000000000000e+00 -2.659662736918733117e-02 4.818280858966303773e-03 1.248228598070030317e-02 8.777813851432879691e-03
-5.087446027295106319e+02 2.245840159995351542e+02 2.297563580221040880e+01 0.000000000000000000e+00 0.000000000000000000e+00 -2.474664834682371861e-02 4.818296924466281862e-03 1.248224926571992952e-02 8.777781118245488179e-03
-7.068314968857472422e+02 7.320347723963217845e+01 2.554211152137281005e+01 0.000000000000000000e+00 0.000000000000000000e+00 3.661943717503390872e-04 4.866922465050760142e-03 1.259502045029501152e-02 8.875898171384961899e-03
-7.068870158700618731e+02 7.309809550746427931e+01 2.554292989671483838e+01 0.000000000000000000e+00 0.000000000000000000e+00 -7.370956063418532267e-03 4.866921476581220415e-03 1.259511595204831046e-02 8.875977131786784782e-03
-7.068486569862939177e+02 7.314315866434264990e+01 2.554231356343222359e+01 0.000000000000000000e+00 0.000000000000000000e+00 9.879062262818649742e-04 4.866908905634115962e-03 1.259506335621452845e-02 8.875935408582410688e-03
-8.965069576710478714e+02 1.718779528466552904e+02 2.976796806448558996e+01 0.000000000000000000e+00 0.000000000000000000e+00 -3.713612762098250641e-03 5.079327288868393415e-03 1.252985502201729891e-02 8.815187486940604528e-03
-8.965532647146608269e+02 1.717427378013018142e+02 2.976847092816391438e+01 0.000000000000000000e+00 0.000000000000000000e+00 1.761941049544191173e-03 5.079300176908836673e-03 1.252993642143181673e-02 8.815263964810053296e-03
-8.965788135838872677e+02 1.718554093185301213e+02 2.976953971983481750e+01 0.000000000000000000e+00 0.000000000000000000e+00 4.324922453857737992e-03 5.079382040240226423e-03 1.252985381988825503e-02 8.815189488100125606e-03
-9.069286365871230373e+02 -1.683914709150016051e+02 2.991997135563832089e+01 0.000000000000000000e+00 0.000000000000000000e+00 -2.007279175550991113e-02 4.971510841117356486e-03 1.278443412520576666e-02 9.029509260872078946e-03
-9.073859569767657831e+02 -1.689075056209522359e+02 2.993252848537364486e+01 0.000000000000000000e+00 0.000000000000000000e+00 -7.134807241563123625e-03 4.971880285395775291e-03 1.278482786446108119e-02 9.029815862422952560e-03
-9.072242782747184719e+02 -1.688152483053422088e+02 2.992841943180672715e+01 0.000000000000000000e+00 0.000000000000000000e+00 -7.201925696353583817e-03 4.971732977765685665e-03 1.278475147386733644e-02 9.029757532542722828e-03
-5.075218294359301012e+02 -1.735281053960259214e+02 2.269268628056465076e+01 0.000000000000000000e+00 0.000000000000000000e+00 -4.261439248536547098e-02 4.656793023162997779e-03 1.278011224795858221e-02 9.029624363099232956e-03
-5.074871561896983394e+02 -1.735067188573948442e+02 2.269215167616848206e+01 0.000000000000000000e+00 0.000000000000000000e+00 -2.507517027255445896e-02 4.656773733852479988e-03 1.278005478066627891e-02 9.029583118750537929e-03
-5.074367700423447332e+02 -1.733358470552093706e+02 2.269082678087078619e+01 0.000000000000000000e+00 0.000000000000000000e+00 -3.149988045373319778e-02 4.656779538411460161e-03 1.277992767479914360e-02 9.029483815835022409e-03
-5.077567545840819321e+02 -4.827056996624044132e+02 2.499680560692273090e+01 0.000000000000000000e+00 0.000000000000000000e+00 1.028496691562708065e-02 4.653954710187137474e-03 1.304917900440171960e-02 9.226261371610174414e-03
-5.077782257048871202e+02 -4.827417765338814206e+02 2.499747816024757086e+01 0.000000000000000000e+00 0.000000000000000000e+00 1.457620617910748706e-02 4.653972046492949391e-03 1.304920341246781391e-02 9.226278053084015565e-03
-5.077604167768644174e+02 -4.827732808929024486e+02 2.499759256774584060e+01 0.000000000000000000e+00 0.000000000000000000e+00 1.474711095516667569e-02 4.653967555227008640e-03 1.304923166869608776e-02 9.226297617749550789e-03
-7.107495761316805556e+02 -6.443198597611358309e+02 3.020468042689654453e+01 0.000000000000000000e+00 0.000000000000000000e+00 -6.698471413130846486e-03 4.830954030290557540e-03 1.320546634182829041e-02 9.331590584989351081e-03
-7.107641987515772826e+02 -6.442653423987849237e+02 3.020415289035244299e+01 0.000000000000000000e+00 0.000000000000000000e+00 -1.273132445753333286e-03 4.830947046107625896e-03 1.320540198267534243e-02 9.331547465324552260e-03
-7.107648864246746143e+02 -6.442879433063541228e+02 3.020449369724187605e+01 0.000000000000000000e+00 0.000000000000000000e+00 -1.188608482313213699e-02 4.830955434203948462e-03 1.320544676782792713e-02 9.331578311045049187e-03
-8.803226758799188474e+02 -5.238055722019122413e+02 3.205913871047390273e+01 0.000000000000000000e+00 0.000000000000000000e+00 1.999770360112052003e-02 4.949187964057651275e-03 1.309259341260209618e-02 9.255203465702724688e-03
-8.802396474713501675e+02 -5.237408565794331707e+02 3.205651041897642983e+01 0.000000000000000000e+00 0.000000000000000000e+00 1.623855064300272488e-02 4.949093618461756529e-03 1.309254109155449583e-02 9.255167993497636497e-03
-8.803269829718465189e+02 -5.236019833546525888e+02 3.205683955449644884e+01 0.000000000000000000e+00 0.000000000000000000e+00 3.104268916132468803e-03 4.949152783673741417e-03 1.309244144997073755e-02 9.255099763561831089e-03
-9.033621444226776021e+02 -8.819457296947525720e+02 3.823837861514508063e+01 0.000000000000000000e+00 0.000000000000000000e+00 2.256661950625726831e-02 5.109110341210574592e-03 1.344473564132244413e-02 9.484331297054249613e-03
-9.033407124777297668e+02 -8.818364155669081583e+02 3.823572228601295819e+01 0.000000000000000000e+00 0.000000000000000000e+00 1.649551408488036941e-02 5.109027463757707076e-03 1.344463511833010778e-02 9.484270508757670914e-03
-9.033689283390532410e+02 -8.819702936263024640e+02 3.823902077023871016e+01 0.000000000000000000e+00 0.000000000000000000e+00 1.083059095198990462e-02 5.109129800739953091e-03 1.344478601447801798e-02 9.484365170622724092e-03
-5.004697960076615004e+02 -9.330506011613622377e+02 3.210278956639373860e+01 0.000000000000000000e+00 0.000000000000000000e+00 7.461456695288859464e-03 4.838319441128007166e-03 1.349602824179896646e-02 9.514056528045820513e-03
-5.004550643949129380e+02 -9.331218390154481312e+02 3.210409905266176622e+01 0.000000000000000000e+00 0.000000000000000000e+00 1.652167763671741341e-02 4.838359898342398276e-03 1.349608450806485602e-02 9.514087967644609470e-03
-5.005404876233750997e+02 -9.331944586202256460e+02 3.210670751484484242e+01 0.000000000000000000e+00 0.000000000000000000e+00 2.916123133672954282e-03 4.838450049876424387e-03 1.349619143093224762e-02 9.514156778471581644e-03
-4.959149885719983217e+02 -1.250695501218508753e+03 3.983341438919025279e+01 0.000000000000000000e+00 0.000000000000000000e+00 3.901072054436127701e-02 5.095373582979995271e-03 1.384737043370499847e-02 9.717705803513779911e-03
-4.959081231001196670e+02 -1.250823924485750922e+03 3.983692789673519030e+01 0.000000000000000000e+00 0.000000000000000000e+00 1.119393885914377051e-02 5.095487754827171360e-03 1.384757540889631870e-02 9.717831015888104759e-03
-4.959395464052989837e+02 -1.250940924481123602e+03 3.984060144261248126e+01 0.000000000000000000e+00 0.000000000000000000e+00 2.923930317363954146e-02 5.095619708066266226e-03 1.384767315923611519e-02 9.717878858533906400e-03
-6.984527771330626820e+02 -1.352533206272614507e+03 4.586002902718975349e+01 0.000000000000000000e+00 0.000000000000000000e+00 7.822350186351911816e-03 5.314033661216764626e-03 1.396633345378171971e-02 9.785897168192935272e-03
-6.985188371271607366e+02 -1.352552901822873082e+03 4.586179256463039167e+01 0.000000000000000000e+00 0.000000000000000000e+00 1.882975108148343679e-02 5.314101871375358915e-03 1.396633393610241178e-02 9.785893589298268538e-03
-6.984661688715433456e+02 -1.352537258713078018e+03 4.586038833136854720e+01 0.000000000000000000e+00 0.000000000000000000e+00 2.851465511762540928e-02 5.314052480981805264e-03 1.396629591312088803e-02 9.785868076385052447e-03
-8.703531612778626823e+02 -1.222286041957404905e+03 4.552222485008142883e+01 0.000000000000000000e+00 0.000000000000000000e+00 -1.689894047331108595e-03 5.324994141179517290e-03 1.381508008935542278e-02 9.703215370561310213e-03
-8.704147461343109171e+02 -1.222262493200758854e+03 4.552293970110916632e+01 0.000000000000000000e+00 0.000000000000000000e+00 5.000218379347387554e-02 5.325039075446919706e-03 1.381494611303147463e-02 9.703120848545727581e-03
-8.702500032784439554e+02 -1.222293034839117354e+03 4.552013955428756731e+01 0.000000000000000000e+00 0.000000000000000000e+00 2.413308734041663683e-02 5.324914402141497222e-03 1.381503540400301835e-02 9.703179761456709462e-03
-8.998384241096799769e+02 -1.646776249918241319e+03 5.979697493211550352e+01 0.000000000000000000e+00 0.000000000000000000e+00 1.994216681798377522e-02 5.795452068633281766e-03 1.432073227548351715e-02 9.977480570309414654e-03
-9.007716629163819562e+02 -1.646488984762931523e+03 5.980770649144551498e+01 0.000000000000000000e+00 0.000000000000000000e+00 -4.667621844208014181e-02 5.795853704743883159e-03 1.432049282367181195e-02 9.977403532670113886e-03
-9.007029091190267991e+02 -1.646459392875324966e+03 5.980504874516186931e+01 0.000000000000000000e+00 0.000000000000000000e+00 -1.130479280152485444e-02 5.795773721332005135e-03 1.432038647563526647e-02 9.977329666415931178e-03
-5.046012429705278350e+02 -1.648205601691647871e+03 5.282762247613283790e+01 0.000000000000000000e+00 0.000000000000000000e+00 5.027577961556062291e-04 5.547573751235981496e-03 1.432564906321693796e-02 9.973421810654454697e-03
-5.045355792714508425e+02 -1.647818644944865355e+03 5.281254696561484252e+01 0.000000000000000000e+00 0.000000000000000000e+00 -5.200732239948990809e-03 5.547048941497783117e-03 1.432517548270604429e-02 9.973180484172399982e-03
-5.044879985751516642e+02 -1.647821874567800023e+03 5.281205954399175084e+01 0.000000000000000000e+00 0.000000000000000000e+00 1.649592364673679867e-02 5.547040686349283441e-03 1.432513637377005357e-02 9.973148370758723458e-03
-5.060920231656410238e+02 -1.964336490806750362e+03 6.558770933162981009e+01 0.000000000000000000e+00 0.000000000000000000e+00 1.597763266026674955e-02 5.984688663097312462e-03 1.473373275079840374e-02 1.017681549956156624e-02
-5.061705401176567420e+02 -1.964426396201645275e+03 6.559265329464665228e+01 0.000000000000000000e+00 0.000000000000000000e+00 1.612588655225977163e-02 5.984851904607983372e-03 1.473385134833102815e-02 1.017687471244020300e-02
-5.061714027768044843e+02 -1.964495556675865600e+03 6.559569474032333858e+01 0.000000000000000000e+00 0.000000000000000000e+00 8.218788152234424160e-03 5.984950719555090157e-03 1.473395845668189555e-02 1.017693134427661433e-02
-7.004877760017066066e+02 -2.122513231963348517e+03 7.576808964473103458e+01 0.000000000000000000e+00 0.000000000000000000e+00 -4.786384563909962253e-02 6.313420633202546962e-03 1.494427400217543563e-02 1.028252016419500293e-02
-7.006581545630376695e+02 -2.122411891436362112e+03 7.576631478672899789e+01 0.000000000000000000e+00 0.000000000000000000e+00 -7.115664666964960361e-02 6.313346759224929515e-03 1.494417806007618255e-02 1.028249341722363083e-02
-7.005682288125498189e+02 -2.122534484279409753e+03 7.577052518536181935e+01 0.000000000000000000e+00 0.000000000000000000e+00 -4.565174650713288429e-02 6.313497876176433869e-03 1.494429742328921319e-02 1.028253193893925201e-02
-8.938119173085960938e+02 -1.959978027997971594e+03 7.227036664580475644e+01 0.000000000000000000e+00 0.000000000000000000e+00 3.138381683882585094e-03 6.199636913567497382e-03 1.472296437127477986e-02 1.018023919659059168e-02
-8.937712324554959196e+02 -1.959796477166345994e+03 7.226150016207168392e+01 0.000000000000000000e+00 0.000000000000000000e+00 1.986970348521310825e-02 6.199359359581574358e-03 1.472269302866796754e-02 1.018009554825678384e-02
-8.937745366162989740e+02 -1.959786048304535143e+03 7.226111879140448480e+01 0.000000000000000000e+00 0.000000000000000000e+00 1.203251688411910436e-02 6.199343800347464038e-03 1.472269438793998540e-02 1.018010080733209276e-02
-8.910144273719126886e+02 -2.351721569612580879e+03 9.107479613933250562e+01 0.000000000000000000e+00 0.000000000000000000e+00 -6.119207004128668359e-02 6.787039380782028224e-03 1.525718867870202999e-02 1.043409450902093270e-02
-8.911642488917884748e+02 -2.352304038829662204e+03 9.110883410286568562e+01 0.000000000000000000e+00 0.000000000000000000e+00 -4.764041549320552349e-02 6.788076432494368970e-03 1.525797767153707143e-02 1.043445386786937511e-02
-8.912414673113273693e+02 -2.352579170376111961e+03 9.112506132051485963e+01 0.000000000000000000e+00 0.000000000000000000e+00 -5.149984272740937286e-02 6.788565223652327438e-03 1.525836938977750100e-02 1.043463933845620653e-02
-5.081917108197217203e+02 -2.361579394089463676e+03 8.478670073900653392e+01 0.000000000000000000e+00 0.000000000000000000e+00 -5.519470808515336557e-02 6.612404790146010798e-03 1.527834201626369383e-02 1.043247830616712314e-02
-5.076599023135873381e+02 -2.362037530591872383e+03 8.480401013889211015e+01 0.000000000000000000e+00 0.000000000000000000e+00 -5.981865029234256781e-02 6.612989161932699561e-03 1.527900437020269196e-02 1.043276728859414762e-02
-5.075828414579978585e+02 -2.362215224709342237e+03 8.481239088862055553e+01 0.000000000000000000e+00 0.000000000000000000e+00 -5.204249505172242607e-02 6.613264555811960467e-03 1.527924181485487351e-02 1.043286782184850089e-02
-5.118918449800695498e+02 -2.677766150847030076e+03 1.026500914331877254e+02 0.000000000000000000e+00 0.000000000000000000e+00 -1.054350220222488588e-02 7.161775828082151893e-03 1.573447460432150780e-02 1.063560880855104508e-02
-5.121997728492817714e+02 -2.677644874794217230e+03 1.026468371632142862e+02 0.000000000000000000e+00 0.000000000000000000e+00 -7.733418929959157140e-03 7.161652726121550162e-03 1.573428545287378771e-02 1.063553490997404087e-02
-5.127770019694978600e+02 -2.677857909370597554e+03 1.026671546123005498e+02 0.000000000000000000e+00 0.000000000000000000e+00 -6.546802917981153769e-03 7.162208696916184253e-03 1.573458689420448309e-02 1.063568521639226758e-02
-7.107986612462775611e+02 -2.761230389880710391e+03 1.108432559080132336e+02 0.000000000000000000e+00 0.000000000000000000e+00 -1.094690160952893621e-02 7.385114409759861373e-03 1.585367620000394107e-02 1.069449941880107162e-02
-7.106995358800614895e+02 -2.760986602796893749e+03 1.108263484456453369e+02 0.000000000000000000e+00 0.000000000000000000e+00 -1.734304056793689597e-02 7.384630243332301891e-03 1.585332807164911012e-02 1.069434958040742234e-02
-7.107847994894306112e+02 -2.761357354580758965e+03 1.108508717984248335e+02 0.000000000000000000e+00 0.000000000000000000e+00 -1.542979530566412905e-02 7.385333095295897911e-03 1.585387317368724611e-02 1.069458759858816013e-02
-8.951225903976911695e+02 -2.671251506277280441e+03 1.091437466863239081e+02 0.000000000000000000e+00 0.000000000000000000e+00 2.477180362970443639e-02 7.321708130901511541e-03 1.571575452461186975e-02 1.064093318210515560e-02
-8.951884927915365324e+02 -2.671379240845932145e+03 1.091529122499551363e+02 0.000000000000000000e+00 0.000000000000000000e+00 1.118529322364736345e-02 7.321959817149362344e-03 1.571596449615422775e-02 1.064103795060692727e-02
-8.952488099396513235e+02 -2.671297027277358666e+03 1.091493653787300389e+02 0.000000000000000000e+00 0.000000000000000000e+00 1.270712028882314826e-02 7.321854415465703543e-03 1.571583937643009771e-02 1.064098384624511534e-02
-9.031252849737464885e+02 -3.006139536693291575e+03 1.307143567250473666e+02 0.000000000000000000e+00 0.000000000000000000e+00 -6.232692673222572921e-04 7.923005798862240573e-03 1.621667445030460647e-02 1.085765561457109098e-02
-9.037320791570305119e+02 -3.005832560989966169e+03 1.307076544560323441e+02 0.000000000000000000e+00 0.000000000000000000e+00 1.163680428658153687e-02 7.922772676614689424e-03 1.621616396872995261e-02 1.085745655106351744e-02
-9.040298096921858360e+02 -3.005714883128619931e+03 1.307066038185255081e+02 0.000000000000000000e+00 0.000000000000000000e+00 3.961815713324767785e-03 7.922710313181769923e-03 1.621598773760181758e-02 1.085740080165856214e-02
-5.152625178752203965e+02 -3.006644484969997848e+03 1.236795014132870421e+02 0.000000000000000000e+00 0.000000000000000000e+00 -2.724008998679039451e-02 7.769115018558397923e-03 1.622847428353363028e-02 1.084653490768234044e-02
-5.152351639856192378e+02 -3.006394224603886414e+03 1.236622047887420024e+02 0.000000000000000000e+00 0.000000000000000000e+00 -2.477566422741972474e-02 7.768635803640211966e-03 1.622808757579809538e-02 1.084637016110143876e-02
-5.152159846732502047e+02 -3.006371646098385099e+03 1.236604234886287657e+02 0.000000000000000000e+00 0.000000000000000000e+00 -3.525934728500601523e-02 7.768581203100685673e-03 1.622807178585255333e-02 1.084637102791641793e-02
1.853444069065798772e+02 -3.068548195075943113e+03 1.249476965452153649e+02 0.000000000000000000e+00 0.000000000000000000e+00 -3.544495588477047932e-02 7.875343437314118872e-03 1.633283464062960585e-02 1.086481825870803941e-02
1.853694248318290647e+02 -3.068601189105008416e+03 1.249514761850590361e+02 0.000000000000000000e+00 0.000000000000000000e+00 -3.704179036199661823e-02 7.875450210658109865e-03 1.633291971140850979e-02 1.086485368644691217e-02
1.853627517382608403e+02 -3.068644844204111450e+03 1.249544600999896744e+02 0.000000000000000000e+00 0.000000000000000000e+00 -3.442945892180659939e-02 7.875534614022454416e-03 1.633298291160602267e-02 1.086487771801825097e-02
-1.937810847702467925e+02 -3.069352410203206091e+03 1.250442770696028845e+02 0.000000000000000000e+00 0.000000000000000000e+00 -2.996284851394648285e-02 7.840857588214639878e-03 1.633076345102200955e-02 1.087679523558480153e-02
-1.939417395500865666e+02 -3.069122134156347784e+03 1.250291651446055425e+02 0.000000000000000000e+00 0.000000000000000000e+00 -2.137012348019595720e-02 7.840424203615709714e-03 1.633039039590018088e-02 1.087664037092308730e-02
-1.942324449821825851e+02 -3.069058728368818720e+03 1.250262315699067983e+02 0.000000000000000000e+00 0.000000000000000000e+00 -1.929196749672712485e-02 7.840313605684394796e-03 1.633028470095700124e-02 1.087660571228890073e-02
6.236448186447366204e+00 -2.832468513228551274e+03 1.088605785987215597e+02 0.000000000000000000e+00 0.000000000000000000e+00 -9.213927635201457633e-03 7.396954990541316360e-03 1.597076658635642951e-02 1.071965846537675099e-02
5.957497700038894450e+00 -2.832514845886220883e+03 1.088634777297503007e+02 0.000000000000000000e+00 0.000000000000000000e+00 3.598249902807992839e-03 7.397020255748501180e-03 1.597081255200562960e-02 1.071967693525315533e-02
6.025604075348653943e+00 -2.832399374444885780e+03 1.088561547892971504e+02 0.000000000000000000e+00 0.000000000000000000e+00 -1.544448763580419381e-02 7.396799658326770610e-03 1.597067236962928724e-02 1.071963017366958648e-02
1.883673886177634245e+02 -2.676652324293984293e+03 9.969810292422010889e+01 0.000000000000000000e+00 0.000000000000000000e+00 -3.723249536992057074e-02 7.142196865725157322e-03 1.573765269231120270e-02 1.061461330017293703e-02
1.883961626872849990e+02 -2.676628380847340850e+03 9.969680665178452728e+01 0.000000000000000000e+00 0.000000000000000000e+00 -3.938241448891233176e-02 7.142159376046115608e-03 1.573762090278252659e-02 1.061460037476878900e-02
1.884764225225112284e+02 -2.676620244927327349e+03 9.969670423038279239e+01 0.000000000000000000e+00 0.000000000000000000e+00 -3.618267311966860689e-02 7.142166602506422497e-03 1.573760277074782304e-02 1.061458781090715911e-02
-2.039032604468498562e+02 -2.670698193518869630e+03 9.941940068902233918e+01 0.000000000000000000e+00 0.000000000000000000e+00 1.372493432515398126e-02 7.093611136398949961e-03 1.572792627855388800e-02 1.062248828575818385e-02
-2.038301194547981936e+02 -2.670832300442933956e+03 9.942703631459984592e+01 0.000000000000000000e+00 0.000000000000000000e+00 1.709369931691639977e-02 7.093852203729393048e-03 1.572811879931777096e-02 1.062256682229364112e-02
-2.042017688728854523e+02 -2.670987765761049104e+03 9.943825814571862054e+01 0.000000000000000000e+00 0.000000000000000000e+00 1.611868285796447253e-02 7.094155378535568768e-03 1.572834713301111270e-02 1.062267847009800217e-02
-2.017984989962700411e+02 -2.358813446621009916e+03 8.188318134620973865e+01 0.000000000000000000e+00 0.000000000000000000e+00 1.301676964153841709e-02 6.545343264102807673e-03 1.527661030507666481e-02 1.042271938507218464e-02
-2.023679450715803512e+02 -2.358814517312628595e+03 8.188615325939623801e+01 0.000000000000000000e+00 0.000000000000000000e+00 9.349884572543487593e-03 6.545382822383950631e-03 1.527661715584918874e-02 1.042274144794432152e-02
-2.023111629147449833e+02 -2.358828046276670193e+03 8.188657435569014353e+01 0.000000000000000000e+00 0.000000000000000000e+00 1.060447664939090373e-02 6.545402490325120427e-03 1.527663413823253727e-02 1.042274662886144045e-02
1.804127783864799426e+02 -2.348631941402272332e+03 8.124485276324615768e+01 0.000000000000000000e+00 0.000000000000000000e+00 -2.521383054329362494e-02 6.565538669165656149e-03 1.526083494025040274e-02 1.040479681745761463e-02
1.803836284652865345e+02 -2.348517184871463087e+03 8.123870531437097497e+01 0.000000000000000000e+00 0.000000000000000000e+00 1.769062342788174647e-02 6.565360673698092224e-03 1.526059242317657702e-02 1.040465859994263789e-02
1.809600548655447199e+02 -2.348850721049638196e+03 8.125882447124403996e+01 0.000000000000000000e+00 0.000000000000000000e+00 -2.631364302658312226e-02 6.566052142109256827e-03 1.526114266692051719e-02 1.040492117098877449e-02
-3.995219635666368507e+00 -2.115835375838350501e+03 6.924331635581481237e+01 0.000000000000000000e+00 0.000000000000000000e+00 4.770816359553009534e-03 6.149094058426106749e-03 1.493742527066002634e-02 1.026124921132907583e-02
-3.956526499461552770e+00 -2.115671874900462171e+03 6.923560002597736229e+01 0.000000000000000000e+00 0.000000000000000000e+00 -3.133201355367987162e-03 6.148834773062172160e-03 1.493721595757113371e-02 1.026115527525339050e-02
-3.862014360339032670e+00 -2.115588312942850735e+03 6.923164925081002252e+01 0.000000000000000000e+00 0.000000000000000000e+00 -8.922318076400870268e-04 6.148713488005418289e-03 1.493709641482504971e-02 1.026109538321011774e-02
1.969939693362622961e+02 -1.965375029274220879e+03 6.288790664065262348e+01 0.000000000000000000e+00 0.000000000000000000e+00 1.824492907958585874e-02 5.958401594893882741e-03 1.473072221263080350e-02 1.015820033938880790e-02
1.971127349829074831e+02 -1.965226339900268840e+03 6.288198198964451535e+01 0.000000000000000000e+00 0.000000000000000000e+00 2.751491348732315601e-02 5.958219827078000547e-03 1.473050275731032505e-02 1.015808655525864655e-02
1.971613208242578423e+02 -1.965422350821144391e+03 6.289081302781738003e+01 0.000000000000000000e+00 0.000000000000000000e+00 9.966575023547363799e-03 5.958520340497208689e-03 1.473079855296345782e-02 1.015823771672826580e-02
-2.047479705278826714e+02 -1.965614054642611336e+03 6.293770547342879240e+01 0.000000000000000000e+00 0.000000000000000000e+00 1.249830369665971830e-03 5.914394439085416365e-03 1.473566413560411549e-02 1.017059123484441441e-02
-2.047275697770236320e+02 -1.965449583431968676e+03 6.293039207587860062e+01 0.000000000000000000e+00 0.000000000000000000e+00 5.365082205109672486e-03 5.914147025837061464e-03 1.473543681055980610e-02 1.017047881309174860e-02
-2.047752105105149667e+02 -1.965336640361407035e+03 6.292568897458885147e+01 0.000000000000000000e+00 0.000000000000000000e+00 -6.194097956608857203e-04 5.913978568261707078e-03 1.473529799324457649e-02 1.017041675970310581e-02
-1.999470580613183870e+02 -1.651079295720626988e+03 5.022492512484004124e+01 0.000000000000000000e+00 0.000000000000000000e+00 3.014784447025675718e-02 5.470467640445376978e-03 1.432758776984652954e-02 9.968491813304355617e-03
-1.999517402881097610e+02 -1.650743140277643306e+03 5.021255867006621543e+01 0.000000000000000000e+00 0.000000000000000000e+00 2.306339343984120660e-02 5.470025847476251389e-03 1.432717840110847400e-02 9.968287002987063009e-03
-1.999177988879008865e+02 -1.650663783435323694e+03 5.020946294311521285e+01 0.000000000000000000e+00 0.000000000000000000e+00 3.690333160882630636e-02 5.469923930509387223e-03 1.432705058340565281e-02 9.968213895470996039e-03
1.929872265266266709e+02 -1.645234210623397303e+03 4.997535657213468596e+01 0.000000000000000000e+00 0.000000000000000000e+00 1.007151553208274208e-02 5.508777446204180667e-03 1.431317234384271025e-02 9.952618256101480182e-03
1.889949094310499049e+02 -1.645793786737759547e+03 4.997668517441843505e+01 0.000000000000000000e+00 0.000000000000000000e+00 1.747695160027262773e-03 5.508188225574237040e-03 1.431399783664997517e-02 9.953133153129612581e-03
1.834147998011414415e+02 -1.649820723690969771e+03 5.009863078400217518e+01 0.000000000000000000e+00 0.000000000000000000e+00 2.916894845095185929e-02 5.511623157164808294e-03 1.431918525375178511e-02 9.955877685127201629e-03
-7.686953958242521701e+00 -1.409844948102728949e+03 4.147062823190327663e+01 0.000000000000000000e+00 0.000000000000000000e+00 2.079416711815440522e-03 5.177195457008545477e-03 1.402726031765707572e-02 9.808185470240315951e-03
-7.640546149337218651e+00 -1.409714441654989059e+03 4.146650239099282942e+01 0.000000000000000000e+00 0.000000000000000000e+00 1.328109230104956850e-02 5.177057015402015266e-03 1.402707955162776216e-02 9.808082992970727429e-03
-7.643159809321728559e+00 -1.409687417989569894e+03 4.146565047055639752e+01 0.000000000000000000e+00 0.000000000000000000e+00 3.859255155269636361e-03 5.177023503191858188e-03 1.402706617508193629e-02 9.808080231193665177e-03
1.956088370651371235e+02 -1.252867033403703545e+03 3.727179549734475472e+01 0.000000000000000000e+00 0.000000000000000000e+00 -2.223270481862726911e-02 5.059988677564480723e-03 1.383550062211256690e-02 9.700391791620608523e-03
1.956791328840032236e+02 -1.252916430380446172e+03 3.727353013440159657e+01 0.000000000000000000e+00 0.000000000000000000e+00 -8.540641242795743437e-03 5.060065966204641344e-03 1.383552777862080002e-02 9.700399776966205090e-03
1.956339533873606626e+02 -1.252917182572831962e+03 3.727332814727718358e+01 0.000000000000000000e+00 0.000000000000000000e+00 -2.095047302594110761e-02 5.060047452118215071e-03 1.383555562407836129e-02 9.700421085463159857e-03
-1.983519033377761787e+02 -1.256135942987904627e+03 3.737736952397522572e+01 0.000000000000000000e+00 0.000000000000000000e+00 1.436720615705411319e-02 5.013255637426700280e-03 1.384973200155108566e-02 9.714982455358674857e-03
-1.983510929658378927e+02 -1.256155508041436406e+03 3.737791642955539828e+01 0.000000000000000000e+00 0.000000000000000000e+00 2.245015014415940868e-02 5.013276897400993463e-03 1.384973805266054292e-02 9.714982530559029480e-03
-1.983900471630685445e+02 -1.256025048785178342e+03 3.737443782412412929e+01 0.000000000000000000e+00 0.000000000000000000e+00 2.099333962258498332e-02 5.013151357176538758e-03 1.384959066905603990e-02 9.714902084645047134e-03
-1.938470202607354622e+02 -9.380181122002446727e+02 2.951272035208566535e+01 0.000000000000000000e+00 0.000000000000000000e+00 -2.013859606218915133e-03 4.744561122656324771e-03 1.349519870552581130e-02 9.510955899913162842e-03
-1.938296019085084367e+02 -9.378833231382897111e+02 2.950978590047456862e+01 0.000000000000000000e+00 0.000000000000000000e+00 -2.851829225711810523e-04 4.744466998224982843e-03 1.349505052102963239e-02 9.510866444253956303e-03
-1.938504060737779469e+02 -9.376764558133359060e+02 2.950551614816309964e+01 0.000000000000000000e+00 0.000000000000000000e+00 -5.031008198908892837e-03 4.744327479786466205e-03 1.349483992574941615e-02 9.510741804880115322e-03
2.026128621144268322e+02 -9.306521333253384682e+02 2.940157829957743019e+01 0.000000000000000000e+00 0.000000000000000000e+00 -1.596148107314832032e-02 4.794742108401873690e-03 1.347375430424790389e-02 9.493218811646131697e-03
2.027111619077355726e+02 -9.307315118396950311e+02 2.940374735963275654e+01 0.000000000000000000e+00 0.000000000000000000e+00 -8.929744759601732085e-03 4.794834806257044189e-03 1.347382079352372683e-02 9.493254982144223170e-03
2.027917465559241919e+02 -9.309513064229693100e+02 2.940877184319718651e+01 0.000000000000000000e+00 0.000000000000000000e+00 -1.789781761402409188e-02 4.795013439496211873e-03 1.347407277039985862e-02 9.493406625648830727e-03
-8.032483937577810096e+00 -6.414485530630844323e+02 2.374384431271246854e+01 0.000000000000000000e+00 0.000000000000000000e+00 -1.488916503163650873e-02 4.589206128854937325e-03 1.318449187652304989e-02 9.315688203528280087e-03
-8.008991707087620426e+00 -6.409062614902711630e+02 2.373595179140886557e+01 0.000000000000000000e+00 0.000000000000000000e+00 -1.877373624753531089e-02 4.589014424720620419e-03 1.318396581907543483e-02 9.315346648738053251e-03
-7.895303432810558242e+00 -6.406123330682077039e+02 2.373165634449693684e+01 0.000000000000000000e+00 0.000000000000000000e+00 -1.730164227713615333e-02 4.588923212961205055e-03 1.318366893098527060e-02 9.315152642439965963e-03
1.965063210605012216e+02 -5.451451069136534215e+02 2.293613491304010665e+01 0.000000000000000000e+00 0.000000000000000000e+00 -3.890156390840360245e-02 4.613888320434819321e-03 1.308158448501072456e-02 9.246538936038391221e-03
1.972503338143370968e+02 -5.454073041341933958e+02 2.294310737590732430e+01 0.000000000000000000e+00 0.000000000000000000e+00 -3.840586078906227385e-02 4.614251242398992141e-03 1.308179633048818166e-02 9.246675214164721754e-03
1.974692524055923855e+02 -5.454364536486201587e+02 2.294456694169492295e+01 0.000000000000000000e+00 0.000000000000000000e+00 -3.442787396490842866e-02 4.614345962091107901e-03 1.308180437453466613e-02 9.246678693953888639e-03
-2.013114922042337298e+02 -5.435097659755331279e+02 2.294020175672567063e+01 0.000000000000000000e+00 0.000000000000000000e+00 -6.976030958160350792e-03 4.560772760147904954e-03 1.309715828390177993e-02 9.258834125441452872e-03
-2.012811727011627170e+02 -5.433875502575644987e+02 2.293853722330520029e+01 0.000000000000000000e+00 0.000000000000000000e+00 -1.075241612496569132e-02 4.560739012871494087e-03 1.309704950944413221e-02 9.258761134061495313e-03
-2.012143409622621846e+02 -5.433172792049746249e+02 2.293732761565193101e+01 0.000000000000000000e+00 0.000000000000000000e+00 -1.346474838692302001e-02 4.560712823167166127e-03 1.309698641865090531e-02 9.258718710698679577e-03
-1.964903070112018213e+02 -2.291116486209940035e+02 2.014659172683991883e+01 0.000000000000000000e+00 0.000000000000000000e+00 -1.863685221792721336e-02 4.541320378344549866e-03 1.281495012039187385e-02 9.058316659913783625e-03
-1.963511122265385325e+02 -2.292150909626393229e+02 2.014643581858692301e+01 0.000000000000000000e+00 0.000000000000000000e+00 -2.084813582496991557e-02 4.541289183333718435e-03 1.281503647667739908e-02 9.058382142692533376e-03
-1.962726144492368405e+02 -2.294571392157256753e+02 2.014731298461735065e+01 0.000000000000000000e+00 0.000000000000000000e+00 -2.541525528149435331e-02 4.541249456284347785e-03 1.281524772785752088e-02 9.058541094798212498e-03
1.855248336199816208e+02 -2.223511781423314062e+02 2.005812140443408254e+01 0.000000000000000000e+00 0.000000000000000000e+00 -4.904615194497807806e-03 4.590181382898624735e-03 1.278974151121795196e-02 9.040916361471166771e-03
1.854236928000999569e+02 -2.225594724122802575e+02 2.005870324666108218e+01 0.000000000000000000e+00 0.000000000000000000e+00 -2.393871745163167475e-02 4.590120805149859595e-03 1.278996694443939458e-02 9.041082644899849433e-03
1.854848620475179644e+02 -2.225529899836048742e+02 2.005896011554292357e+01 0.000000000000000000e+00 0.000000000000000000e+00 -2.954797380631646320e-03 4.590139948949898720e-03 1.278991151142019195e-02 9.041043538289491449e-03
-5.253136378419252850e+00 1.083475917086803442e+01 1.905171023864864566e+01 0.000000000000000000e+00 0.000000000000000000e+00 3.256933679750773081e-03 4.603376157896490323e-03 1.261208560756169744e-02 8.899923795034885704e-03
-5.225071742096311311e+00 1.105888011775174107e+01 1.905176315357762107e+01 0.000000000000000000e+00 0.000000000000000000e+00 -3.125444332248150658e-03 4.603471115969337037e-03 1.261192661249286792e-02 8.899790498227951388e-03
-5.234017600167028661e+00 1.078498571113413540e+01 1.905169523299176504e+01 0.000000000000000000e+00 0.000000000000000000e+00 -2.890061349969386129e-03 4.603360811664908812e-03 1.261213640159198311e-02 8.899964219608079777e-03
-1.884500957648741917e+02 1.654392623660073127e+02 1.982465360667850263e+01 0.000000000000000000e+00 0.000000000000000000e+00 -1.209509838744438071e-02 4.678578391130486583e-03 1.250832659586894637e-02 8.807745387187043348e-03
-1.884039070765377346e+02 1.654224084698768422e+02 1.982436446027760724e+01 0.000000000000000000e+00 0.000000000000000000e+00 -1.629384060134952961e-02 4.678564874698701997e-03 1.250834554075699531e-02 8.807761235491507260e-03
-1.883807159627412204e+02 1.654197976456280514e+02 1.982424184435854642e+01 0.000000000000000000e+00 0.000000000000000000e+00 -1.645562893875762711e-02 4.678560613866824570e-03 1.250834653182414727e-02 8.807762481342691629e-03
2.033246652126762228e+02 1.704447652585464255e+02 1.991930632376442745e+01 0.000000000000000000e+00 0.000000000000000000e+00 -3.549473917795253897e-02 4.733543112898041388e-03 1.248084149510375954e-02 8.790853208806414382e-03
2.033706797490410452e+02 1.703809091945840919e+02 1.991929388365073805e+01 0.000000000000000000e+00 0.000000000000000000e+00 -3.747148419569157340e-02 4.733525937141424937e-03 1.248088830803450663e-02 8.790894723346711140e-03
2.034266033837163832e+02 1.701100215905987625e+02 1.991851248487093429e+01 0.000000000000000000e+00 0.000000000000000000e+00 -3.551129126850582907e-02 4.733395040337481235e-03 1.248107334936300432e-02 8.791060691903860441e-03
-1.852166151994738357e+02 4.824175396850288280e+02 2.221248194316445534e+01 0.000000000000000000e+00 0.000000000000000000e+00 -1.102263743753439940e-02 4.909127555259811329e-03 1.230302063890622959e-02 8.607731678371069797e-03
-1.851839095245230737e+02 4.827454669339234670e+02 2.221604505327209722e+01 0.000000000000000000e+00 0.000000000000000000e+00 6.383587392591039134e-04 4.909406401400881990e-03 1.230279938915996782e-02 8.607506522729362411e-03
-1.851312885481167996e+02 4.824821001811703809e+02 2.221280397591348077e+01 0.000000000000000000e+00 0.000000000000000000e+00 -1.137333085459601989e-03 4.909169359272641704e-03 1.230295495875695540e-02 8.607673313988780869e-03
1.885628435213558021e+02 4.743048517570269951e+02 2.213749378491239739e+01 0.000000000000000000e+00 0.000000000000000000e+00 -3.431011381795201487e-02 4.944481719565233489e-03 1.228223001962157335e-02 8.599888985111724810e-03
1.886434182070907184e+02 4.742856463497022332e+02 2.213767414982845239e+01 0.000000000000000000e+00 0.000000000000000000e+00 -3.028591451206708030e-02 4.944490554405609264e-03 1.228222615667523554e-02 8.599891581422637599e-03
1.886733371907874073e+02 4.745915402642299341e+02 2.214123166125659026e+01 0.000000000000000000e+00 0.000000000000000000e+00 -3.413843699478746885e-02 4.944764835248618463e-03 1.228204921330476075e-02 8.599704157595337503e-03
-1.498093179549749188e+01 7.133045154278595419e+02 2.502695744706355896e+01 0.000000000000000000e+00 0.000000000000000000e+00 1.670474307375968692e-02 5.133113125282785794e-03 1.216573492339069126e-02 8.457495202674624249e-03
-1.509053050910681826e+01 7.135735088697555284e+02 2.503154703150601179e+01 0.000000000000000000e+00 0.000000000000000000e+00 1.577259824649246411e-02 5.133393261441977426e-03 1.216561014820348972e-02 8.457332123754088271e-03
-1.512853674522309788e+01 7.136157170868419826e+02 2.503227559616420450e+01 0.000000000000000000e+00 0.000000000000000000e+00 9.289823440319366910e-03 5.133439359238787213e-03 1.216560669695198292e-02 8.457317021423218020e-03
1.826572786818833265e+02 8.763068399605955392e+02 2.854116871175341785e+01 0.000000000000000000e+00 0.000000000000000000e+00 1.155241442836185684e-02 5.354108114639882440e-03 1.207301384698340578e-02 8.348890584778757840e-03
1.827143805625126731e+02 8.764394697277911064e+02 2.854421548764167227e+01 0.000000000000000000e+00 0.000000000000000000e+00 6.130388879693526860e-03 5.354284242877515795e-03 1.207296287184589194e-02 8.348814487550383287e-03
1.827527287129307183e+02 8.765029295638238409e+02 2.854572635745181941e+01 0.000000000000000000e+00 0.000000000000000000e+00 8.441966244610910053e-03 5.354368498349695686e-03 1.207292619181258610e-02 8.348770101764598633e-03
-2.093088252655704196e+02 8.773720411018585992e+02 2.870053989436112829e+01 0.000000000000000000e+00 0.000000000000000000e+00 2.075447953178155558e-03 5.325082160741114075e-03 1.210300919602048421e-02 8.361246705948972152e-03
-2.093140623818313770e+02 8.776263936549786422e+02 2.870589471079181720e+01 0.000000000000000000e+00 0.000000000000000000e+00 -4.117136238548368965e-04 5.325388934990417031e-03 1.210290546008406347e-02 8.361092315963901400e-03
-2.093253511014682715e+02 8.776149766652714561e+02 2.870571762853086284e+01 0.000000000000000000e+00 0.000000000000000000e+00 -1.909493018079189142e-03 5.325377761633003255e-03 1.210291463538420986e-02 8.361102071848522388e-03
-2.149357960778935421e+02 1.192338528907321916e+03 3.656165891804387513e+01 0.000000000000000000e+00 0.000000000000000000e+00 -5.459135737957865331e-03 5.734956285231187015e-03 1.198749544438977577e-02 8.166196910170111720e-03
-2.149919722514567866e+02 1.192523061608685566e+03 3.656729688006041812e+01 0.000000000000000000e+00 0.000000000000000000e+00 -5.192573048006465797e-03 5.735220626735434458e-03 1.198744308072361223e-02 8.166084385651193808e-03
-2.150301720038326607e+02 1.192553606259472872e+03 3.656839485152056568e+01 0.000000000000000000e+00 0.000000000000000000e+00 -7.524308213497477027e-03 5.735269926370689664e-03 1.198744214874921526e-02 8.166070297498873726e-03
1.858833265630387643e+02 1.196458598797005834e+03 3.652630741569433326e+01 0.000000000000000000e+00 0.000000000000000000e+00 1.167455879027556875e-04 5.764678227117744393e-03 1.195213275077786075e-02 8.151106159201690002e-03
1.858712499380601741e+02 1.196608164686882446e+03 3.653057306042791907e+01 0.000000000000000000e+00 0.000000000000000000e+00 -2.067856267203183052e-03 5.764882347103900996e-03 1.195209242650528692e-02 8.151018116863886082e-03
1.859764022827400822e+02 1.196427357153933599e+03 3.652586262475855960e+01 0.000000000000000000e+00 0.000000000000000000e+00 -6.962658861908721519e-05 5.764658852140041451e-03 1.195213418468557554e-02 8.151122611492441980e-03
-6.798831537121459156e+00 1.432272603665382121e+03 4.359461933678035450e+01 0.000000000000000000e+00 0.000000000000000000e+00 8.353565357190007035e-03 6.076534455684258311e-03 1.190854288278778671e-02 8.012560754150957129e-03
-6.742332610700567663e+00 1.432228698057848760e+03 4.359307488069745773e+01 0.000000000000000000e+00 0.000000000000000000e+00 -3.376165706598044380e-03 6.076480229933969857e-03 1.190857424600059826e-02 8.012603938807575168e-03
-6.601469400418207734e+00 1.431999106595957301e+03 4.358502772568105854e+01 0.000000000000000000e+00 0.000000000000000000e+00 1.232809260098122195e-02 6.076129109453964547e-03 1.190857285257475480e-02 8.012715902523066813e-03
-2.080025825947331839e+02 1.591449119350771753e+03 5.006659585636396770e+01 0.000000000000000000e+00 0.000000000000000000e+00 3.017198832303336076e-02 6.329754215109929805e-03 1.189867783375124499e-02 7.921497701854220141e-03
-2.079471674276457236e+02 1.591558895420148247e+03 5.007058060747362305e+01 0.000000000000000000e+00 0.000000000000000000e+00 3.332699568831287706e-02 6.329918835931929930e-03 1.189865062384716683e-02 7.921424443876745949e-03
-2.079418851684643528e+02 1.591586934322212073e+03 5.007164797090043606e+01 0.000000000000000000e+00 0.000000000000000000e+00 5.422870637097787494e-03 6.329984597503331839e-03 1.189871129231249991e-02 7.921450031574066297e-03
1.960528740315631637e+02 1.593063411658982886e+03 5.006496945239263141e+01 0.000000000000000000e+00 0.000000000000000000e+00 -3.361596645042652654e-03 6.350649137811456568e-03 1.186048287723141977e-02 7.909532240787974997e-03
1.960671364760187600e+02 1.592937932683429153e+03 5.006013149485409031e+01 0.000000000000000000e+00 0.000000000000000000e+00 -4.208904137009028545e-03 6.350457181090025244e-03 1.186050164214834911e-02 7.909608813250259066e-03
1.960730380254803720e+02 1.592930318235813047e+03 5.005986443163143207e+01 0.000000000000000000e+00 0.000000000000000000e+00 -3.404235136990507726e-03 6.350445905643950159e-03 1.186050027252207387e-02 7.909612026422487355e-03
1.821948915872093835e+02 1.902334080625830438e+03 6.337185175436088969e+01 0.000000000000000000e+00 0.000000000000000000e+00 2.850637738671224497e-02 6.847998266865353706e-03 1.183716229329251704e-02 7.724866959525966865e-03
1.822244359650310059e+02 1.902593984323778159e+03 6.338431638888041419e+01 0.000000000000000000e+00 0.000000000000000000e+00 3.518766901213865594e-02 6.848431292835014360e-03 1.183713993233675640e-02 7.724702215574106266e-03
1.822052145948948692e+02 1.902648562073721223e+03 6.338680840600116539e+01 0.000000000000000000e+00 0.000000000000000000e+00 3.367365916142972537e-02 6.848520616267294442e-03 1.183714474543618063e-02 7.724672476667674217e-03
-1.972925355026748377e+02 1.903164943737293243e+03 6.348896057229673318e+01 0.000000000000000000e+00 0.000000000000000000e+00 5.976195680510443253e-03 6.839510266678069418e-03 1.187530614379440040e-02 7.733086496271193537e-03
-1.972618900440812126e+02 1.903421971338217645e+03 6.350098527458708020e+01 0.000000000000000000e+00 0.000000000000000000e+00 4.152252814463963659e-03 6.839943340578010476e-03 1.187530587143400228e-02 7.732934392598380356e-03
-1.972087510048372678e+02 1.903307640038909994e+03 6.349527888587159907e+01 0.000000000000000000e+00 0.000000000000000000e+00 7.207403370649956287e-03 6.839741757503473019e-03 1.187529456560563849e-02 7.732996617822265363e-03
7.738015414853755658e+00 2.143096809816468976e+03 7.511781421632304045e+01 0.000000000000000000e+00 0.000000000000000000e+00 4.853295880252517236e-03 7.245156432876910524e-03 1.186503068331929908e-02 7.585477333963678952e-03
7.889504499053376030e+00 2.142993785026581008e+03 7.511228824808431170e+01 0.000000000000000000e+00 0.000000000000000000e+00 5.135657067029342215e-03 7.244978892488585648e-03 1.186500470788307351e-02 7.585534879681680477e-03
7.894000808098828870e+00 2.143179267408893793e+03 7.512229650742719400e+01 0.000000000000000000e+00 0.000000000000000000e+00 -5.384719060913312205e-03 7.245313062213556109e-03 1.186504533661398957e-02 7.585441608924944380e-03
-2.017338942408505886e+02 2.289758112541245737e+03 8.388791371207013015e+01 0.000000000000000000e+00 0.000000000000000000e+00 2.083711725497039424e-02 7.514703992366584054e-03 1.190469082423621650e-02 7.504033545237248810e-03
-2.015875075650569954e+02 2.289298790662596730e+03 8.386044055945629339e+01 0.000000000000000000e+00 0.000000000000000000e+00 1.791837812385210782e-02 7.513867092960635312e-03 1.190461108630097749e-02 7.504302968693261043e-03
-2.015235685497877114e+02 2.289175741333046972e+03 8.385294470249424137e+01 0.000000000000000000e+00 0.000000000000000000e+00 2.440694217472128003e-02 7.513633995985042301e-03 1.190457055429470709e-02 7.504363414187430019e-03
1.951543979322010216e+02 2.303143634630486304e+03 8.463151779943773079e+01 0.000000000000000000e+00 0.000000000000000000e+00 6.414443551406634469e-03 7.540910492645365101e-03 1.186403724197624375e-02 7.490282118855508785e-03
1.952169591109775979e+02 2.302798848616427222e+03 8.461171178801319570e+01 0.000000000000000000e+00 0.000000000000000000e+00 1.988381763183610929e-03 7.540310296311843706e-03 1.186398679537214312e-02 7.490487599038568416e-03
1.952417606004134427e+02 2.302593594888810458e+03 8.459985588018942337e+01 0.000000000000000000e+00 0.000000000000000000e+00 4.305496484931836676e-03 7.539947243081913941e-03 1.186394684945229691e-02 7.490602445787952410e-03
-2.046107566327171696e+02 2.609059321103577076e+03 1.038804591268153672e+02 0.000000000000000000e+00 0.000000000000000000e+00 3.205008500543726768e-02 8.098109243171185481e-03 1.197604206951023882e-02 7.318959181797696570e-03
-2.045757073398275168e+02 2.609123379857078362e+03 1.038845590590888008e+02 0.000000000000000000e+00 0.000000000000000000e+00 3.641906185647769689e-02 8.098220500732849006e-03 1.197604692663451799e-02 7.318914949152903991e-03
-2.046119134563000159e+02 2.609163913930216950e+03 1.038874860532048388e+02 0.000000000000000000e+00 0.000000000000000000e+00 3.156256778109423067e-02 8.098303932349273579e-03 1.197607348512297158e-02 7.318899991690206754e-03
1.850458653837730481e+02 2.617861590529456862e+03 1.043661916631603646e+02 0.000000000000000000e+00 0.000000000000000000e+00 1.956757102293238404e-02 8.108376576619573742e-03 1.193470236388041901e-02 7.310839186791612959e-03
1.851306955270611638e+02 2.617737762186053260e+03 1.043582870941929599e+02 0.000000000000000000e+00 0.000000000000000000e+00 1.935290013689439093e-02 8.108155917996066886e-03 1.193465731227742570e-02 7.310910101311653836e-03
1.851242104034111833e+02 2.617715885264993631e+03 1.043567799140876815e+02 0.000000000000000000e+00 0.000000000000000000e+00 1.687813902667301136e-02 8.108117441200206332e-03 1.193465742845061829e-02 7.310926062912553348e-03
-9.647790965663494589e+00 2.855133899809979084e+03 1.206886422991227477e+02 0.000000000000000000e+00 0.000000000000000000e+00 -6.343752387479639765e-03 8.546363358854410994e-03 1.203739551491050941e-02 7.176818008331913024e-03
-9.563420245060314073e+00 2.855118836967025345e+03 1.206875008361598418e+02 0.000000000000000000e+00 0.000000000000000000e+00 -8.489134302493539508e-03 8.546334448949801862e-03 1.203738470783311497e-02 7.176829499019494150e-03
-9.449152863306753858e+00 2.854903201521675783e+03 1.206714563186760643e+02 0.000000000000000000e+00 0.000000000000000000e+00 1.809931855618174268e-03 8.545914709248869645e-03 1.203726524106167595e-02 7.176934273240964841e-03
-2.074294586967932048e+02 3.006463916231211897e+03 1.328738417259177140e+02 0.000000000000000000e+00 0.000000000000000000e+00 -5.131581413934327429e-03 8.848177953343493163e-03 1.212316371101032110e-02 7.094965123807424334e-03
-2.073717102396126108e+02 3.006511076680302267e+03 1.328772184493938937e+02 0.000000000000000000e+00 0.000000000000000000e+00 -2.409483513559962375e-03 8.848259394718753154e-03 1.212317233843669857e-02 7.094933605994694845e-03
-2.073228009303902581e+02 3.006454397142945254e+03 1.328724661127828597e+02 0.000000000000000000e+00 0.000000000000000000e+00 -6.568888020751728618e-03 8.848149286461716792e-03 1.212315060876210764e-02 7.094970063102346187e-03
1.947133554741969874e+02 3.013903549753317293e+03 1.333884463917904952e+02 0.000000000000000000e+00 0.000000000000000000e+00 -2.394239097370132185e-02 8.848298969911683187e-03 1.207897677625880024e-02 7.092345897674971582e-03
1.952346173794439892e+02 3.014279696033461278e+03 1.334210411415303099e+02 0.000000000000000000e+00 0.000000000000000000e+00 -1.568035658726785186e-02 8.849024972915627008e-03 1.207906195139877084e-02 7.092145833185541613e-03
1.952689827574432115e+02 3.014314958544277033e+03 1.334240172849066255e+02 0.000000000000000000e+00 0.000000000000000000e+00 -1.976403976357232750e-02 8.849096864908650648e-03 1.207908250172452964e-02 7.092133846012077698e-03
8.743432082082803163e+02 -3.006077376610487136e+03 1.300516916322904422e+02 0.000000000000000000e+00 0.000000000000000000e+00 4.430078741165743850e-03 8.070958910522500751e-03 1.623114562445619746e-02 1.080527355293869549e-02
4.931725341621487360e+02 -3.003621927646143831e+03 1.231893810358175045e+02 0.000000000000000000e+00 0.000000000000000000e+00 1.189476514093712467e-02 7.853373444230732359e-03 1.623170701379617401e-02 1.081430882348659653e-02
4.931273481653423119e+02 -3.003610889744843917e+03 1.231880634214508632e+02 0.000000000000000000e+00 0.000000000000000000e+00 8.786682341920482031e-03 7.853330933322353810e-03 1.623169561383258977e-02 1.081430779060530388e-02
4.925763184329663318e+02 -3.003656331370983935e+03 1.231841699031313055e+02 0.000000000000000000e+00 0.000000000000000000e+00 1.824446148364700093e-02 7.853181881484363677e-03 1.623175297372202522e-02 1.081433841746530511e-02
7.085957348365149073e+02 -2.832977961900222908e+03 1.153093014936504801e+02 0.000000000000000000e+00 0.000000000000000000e+00 -8.742079842406269563e-03 7.650655018725797084e-03 1.596749387510160850e-02 1.069865788807257932e-02
7.085906090676917302e+02 -2.832927232924048894e+03 1.153059800039878553e+02 0.000000000000000000e+00 0.000000000000000000e+00 -1.000581846091108673e-02 7.650559823999788026e-03 1.596741894522982555e-02 1.069862734835048956e-02
7.086076583223182297e+02 -2.832849150695398748e+03 1.153013201051138310e+02 0.000000000000000000e+00 0.000000000000000000e+00 -2.399805500176910300e-02 7.650421261009770352e-03 1.596732441210012288e-02 1.069859785355750138e-02
8.734117425797599026e+02 -2.681672989011027767e+03 1.092785826490046759e+02 0.000000000000000000e+00 0.000000000000000000e+00 8.167919608354168304e-03 7.495234875311615648e-03 1.573557770552910795e-02 1.059600217875474558e-02
8.734183070847666386e+02 -2.681614005074333818e+03 1.092751800509061013e+02 0.000000000000000000e+00 0.000000000000000000e+00 -2.863803188587610293e-02 7.495118351213299161e-03 1.573555468925678241e-02 1.059601957511218176e-02
8.735153666315749206e+02 -2.681618976434697288e+03 1.092776475384700348e+02 0.000000000000000000e+00 0.000000000000000000e+00 -1.109690371418992072e-02 7.495208455817471173e-03 1.573552858144153938e-02 1.059599312010212936e-02
5.178473751329527204e+02 -2.673609178815995165e+03 1.024791328864751705e+02 0.000000000000000000e+00 0.000000000000000000e+00 -7.620346861756388535e-03 7.260139571001088948e-03 1.573018877423958475e-02 1.060223368915452942e-02
5.178901244214945336e+02 -2.673551848990072813e+03 1.024762642819453760e+02 0.000000000000000000e+00 0.000000000000000000e+00 -1.521639107281202996e-02 7.260054552407880016e-03 1.573011635350011692e-02 1.060220708619045472e-02
5.179406905273519897e+02 -2.673531243663841451e+03 1.024756980003741091e+02 0.000000000000000000e+00 0.000000000000000000e+00 -1.202732496764724601e-02 7.260044941909713639e-03 1.573007924179731579e-02 1.060218739565732191e-02
8.734197457255834252e+02 -2.355260238289913104e+03 9.086587401254494978e+01 0.000000000000000000e+00 0.000000000000000000e+00 -2.194880581077995885e-02 6.956149415948827477e-03 1.525597076494508882e-02 1.038464140755035112e-02
8.733894477610299418e+02 -2.355420384501876470e+03 9.087363571220937786e+01 0.000000000000000000e+00 0.000000000000000000e+00 -2.237113323870687509e-02 6.956377946070154208e-03 1.525620284616257052e-02 1.038474707766236238e-02
8.734151641621646149e+02 -2.355470723089361854e+03 9.087685907099884730e+01 0.000000000000000000e+00 0.000000000000000000e+00 -2.872178053087282024e-02 6.956475427944754444e-03 1.525628613855320621e-02 1.038478841020254624e-02
5.352480596590811501e+02 -2.354284522976559856e+03 8.476076147751679457e+01 0.000000000000000000e+00 0.000000000000000000e+00 -1.584342636296298679e-02 6.721724296184791204e-03 1.526339272661614635e-02 1.039639380082256481e-02
5.353023406711623693e+02 -2.354293849258147930e+03 8.476198912577854117e+01 0.000000000000000000e+00 0.000000000000000000e+00 -1.985221901487932428e-02 6.721767909787857917e-03 1.526341234264299261e-02 1.039640399661125557e-02
5.353067908810187419e+02 -2.354207396958155641e+03 8.475750430546162306e+01 0.000000000000000000e+00 0.000000000000000000e+00 -1.521268954570587084e-02 6.721630309947193918e-03 1.526328000945851616e-02 1.039634110588738905e-02
6.790942113374934479e+02 -2.127234719248162492e+03 7.561793685603836934e+01 0.000000000000000000e+00 0.000000000000000000e+00 1.000285344161966350e-03 6.453782497977707602e-03 1.493972801517912119e-02 1.024449108686269205e-02
6.791780085209836670e+02 -2.127297067945571598e+03 7.562233946106368876e+01 0.000000000000000000e+00 0.000000000000000000e+00 1.170914732379912948e-02 6.453941770040694768e-03 1.493979174759975034e-02 1.024451172869696516e-02
6.792037428295342352e+02 -2.127379805388273326e+03 7.562671075901069173e+01 0.000000000000000000e+00 0.000000000000000000e+00 5.950291419466680054e-03 6.454082832365867078e-03 1.493991660386005151e-02 1.024457299214434972e-02
8.721740623458873642e+02 -1.974339394504683014e+03 7.241635278354249294e+01 0.000000000000000000e+00 0.000000000000000000e+00 -1.934844668582513805e-03 6.388006691052681117e-03 1.472288728343087820e-02 1.013723197208001893e-02
8.721975056645184168e+02 -1.974255745170685259e+03 7.241318461566541487e+01 0.000000000000000000e+00 0.000000000000000000e+00 -6.103101924281872925e-03 6.387910118409996334e-03 1.472278059982639296e-02 1.013718288898775473e-02
8.721596875647660454e+02 -1.974192580503437512e+03 7.240956398377478820e+01 0.000000000000000000e+00 0.000000000000000000e+00 -8.901521059584638351e-03 6.387787192773899080e-03 1.472270163499382264e-02 1.013714777276968591e-02
4.703000108348304593e+02 -1.959065753767573369e+03 6.491537026054844262e+01 0.000000000000000000e+00 0.000000000000000000e+00 -2.398967489256165209e-03 6.069000686950848378e-03 1.471597596284496788e-02 1.014417818389452830e-02
4.702431859772850657e+02 -1.958975068620489765e+03 6.491073247371242871e+01 0.000000000000000000e+00 0.000000000000000000e+00 -9.459970883199275704e-03 6.068832933115155155e-03 1.471586903375458888e-02 1.014413275456587521e-02
4.702353934738982844e+02 -1.958801509888660576e+03 6.490305702133035481e+01 0.000000000000000000e+00 0.000000000000000000e+00 -1.244336671381063297e-02 6.068573688076051714e-03 1.471564137498250664e-02 1.014402576264961456e-02
8.688601418667880125e+02 -1.651008639962051348e+03 5.925859092315755561e+01 0.000000000000000000e+00 0.000000000000000000e+00 -1.875219086684865033e-03 5.967886156691029446e-03 1.429544875256759731e-02 9.927072631353202684e-03
8.688829691248754443e+02 -1.651076301433931576e+03 5.926158819549073087e+01 0.000000000000000000e+00 0.000000000000000000e+00 -5.394585952842589904e-04 5.967989126069371021e-03 1.429553192948455204e-02 9.927113453428131409e-03
8.688708543325652727e+02 -1.651039800205987603e+03 5.925997564570702281e+01 0.000000000000000000e+00 0.000000000000000000e+00 -2.563334174283227185e-03 5.967933370020715375e-03 1.429548961163418230e-02 9.927093414164934668e-03
4.934503443719688676e+02 -1.648625191456954326e+03 5.270253682209612833e+01 0.000000000000000000e+00 0.000000000000000000e+00 1.489206046638003045e-02 5.659453225210435423e-03 1.430828501312210108e-02 9.943002931969549540e-03
4.935066792357867484e+02 -1.648552713428592597e+03 5.270057099117228461e+01 0.000000000000000000e+00 0.000000000000000000e+00 9.458717810090888634e-03 5.659395972922402589e-03 1.430820134965822728e-02 9.942962105654202035e-03
4.935061719025655407e+02 -1.648358194190931954e+03 5.269340510651844056e+01 0.000000000000000000e+00 0.000000000000000000e+00 3.404647407414529425e-03 5.659148319835777784e-03 1.430796540624897951e-02 9.942845913373566519e-03
6.837550708846579255e+02 -1.412439766930166570e+03 4.745575430417655127e+01 0.000000000000000000e+00 0.000000000000000000e+00 1.868169690116872061e-02 5.529226162171186135e-03 1.400555197566373533e-02 9.781563845820196931e-03
6.837875602423846431e+02 -1.412446671055793104e+03 4.745653431104315700e+01 0.000000000000000000e+00 0.000000000000000000e+00 2.368638757937446826e-02 5.529262824286274719e-03 1.400554875018585402e-02 9.781559008315496295e-03
6.837640235287260566e+02 -1.412361340708392618e+03 4.745343182269891713e+01 0.000000000000000000e+00 0.000000000000000000e+00 2.236033365200285061e-02 5.529152481025242927e-03 1.400544842415770916e-02 9.781506982708224399e-03
8.903456721813510057e+02 -1.255139467128152546e+03 4.687956748886465164e+01 0.000000000000000000e+00 0.000000000000000000e+00 3.774005641099620334e-02 5.579425623181803739e-03 1.380506394046017438e-02 9.668375518149075615e-03
8.903856283006134618e+02 -1.255092253415064079e+03 4.687914336602176490e+01 0.000000000000000000e+00 0.000000000000000000e+00 3.338948583059675457e-02 5.579426761473694173e-03 1.380501444174944518e-02 9.668349195110569755e-03
8.903910761398966542e+02 -1.255002323482919564e+03 4.687674020741276593e+01 0.000000000000000000e+00 0.000000000000000000e+00 3.910809135612680620e-02 5.579354554133050120e-03 1.380489592997669393e-02 9.668281656515278696e-03
4.796789327160770995e+02 -1.253971291590691862e+03 3.972519279299146433e+01 0.000000000000000000e+00 0.000000000000000000e+00 -2.169513163259040311e-02 5.211070362904005396e-03 1.382549353676863248e-02 9.689120512446500882e-03
4.797125250954896387e+02 -1.253803715149569371e+03 3.972089130360161846e+01 0.000000000000000000e+00 0.000000000000000000e+00 -1.540872840205764760e-02 5.210934999797448355e-03 1.382528252272084007e-02 9.689001262899499950e-03
4.797644466070373710e+02 -1.253703550182908202e+03 3.971870654323714689e+01 0.000000000000000000e+00 0.000000000000000000e+00 -1.689438839223100786e-02 5.210874880344615670e-03 1.382516567633609340e-02 9.688936576038685924e-03
8.891467053410337940e+02 -9.477225080712630643e+02 3.926496509973037519e+01 0.000000000000000000e+00 0.000000000000000000e+00 3.454291184375790635e-03 5.348222039870178038e-03 1.345398428341824243e-02 9.468978576219123922e-03
8.901601237331223047e+02 -9.478477809754956525e+02 3.929054172539328960e+01 0.000000000000000000e+00 0.000000000000000000e+00 8.765367689044012423e-03 5.349458583957007393e-03 1.345404085690171843e-02 9.468988261110129409e-03
8.909842619311174303e+02 -9.478565858467691214e+02 3.930938141335889213e+01 0.000000000000000000e+00 0.000000000000000000e+00 1.366509910145197182e-02 5.350408077150099750e-03 1.345398332168652733e-02 9.468934919882316184e-03
5.033809543844418499e+02 -9.351021589822141777e+02 3.218293994762105115e+01 0.000000000000000000e+00 0.000000000000000000e+00 8.911468670738997844e-03 4.971369217361767262e-03 1.346397378597389421e-02 9.482524062191481987e-03
5.022187508130404012e+02 -9.348840378724435141e+02 3.216354627373093678e+01 0.000000000000000000e+00 0.000000000000000000e+00 1.890760701426330570e-02 4.970352613717541994e-03 1.346377911974249754e-02 9.482426307123955136e-03
5.022218725497587570e+02 -9.349258544747608539e+02 3.216446596818009596e+01 0.000000000000000000e+00 0.000000000000000000e+00 1.802114011321265252e-02 4.970382104633280958e-03 1.346382617739412882e-02 9.482454429411733138e-03
6.882827272821225506e+02 -7.006288820091569960e+02 3.065863675438353653e+01 0.000000000000000000e+00 0.000000000000000000e+00 5.853973397996981021e-03 5.009398628986644862e-03 1.320585323601362535e-02 9.321617000313441037e-03
6.883322492971118436e+02 -7.007085399874114273e+02 3.066076197809591264e+01 0.000000000000000000e+00 0.000000000000000000e+00 9.326624688299034460e-03 5.009478341457495459e-03 1.320592372310130068e-02 9.321660012327514719e-03
6.883346350744775464e+02 -7.006847373811373245e+02 3.066042772183412524e+01 0.000000000000000000e+00 0.000000000000000000e+00 7.731832935881755020e-03 5.009471355145112687e-03 1.320590268050379767e-02 9.321647016369968494e-03
8.702064852956198138e+02 -5.451098891057589526e+02 3.208898894457117024e+01 0.000000000000000000e+00 0.000000000000000000e+00 2.057293587866126927e-02 5.157401962216327275e-03 1.303714219976443399e-02 9.210213059771061445e-03
8.702298421438389369e+02 -5.450506416201009188e+02 3.208878177824011857e+01 0.000000000000000000e+00 0.000000000000000000e+00 1.673192536903655991e-02 5.157416459286031686e-03 1.303709074911773083e-02 9.210179334382897001e-03
8.702643637061643176e+02 -5.451174115787447363e+02 3.209036692231736509e+01 0.000000000000000000e+00 0.000000000000000000e+00 1.960622783290233428e-02 5.157471451747147780e-03 1.303714700846637237e-02 9.210215556385341340e-03
4.956658774883693468e+02 -4.887967776580189820e+02 2.490935431781829834e+01 0.000000000000000000e+00 0.000000000000000000e+00 -4.312182623202431841e-03 4.778836843747187417e-03 1.301023731863809423e-02 9.196390821653339584e-03
4.956625038285415030e+02 -4.888416954609023151e+02 2.490980954717964835e+01 0.000000000000000000e+00 0.000000000000000000e+00 -3.596158491578904659e-03 4.778842120487312127e-03 1.301027857847539271e-02 9.196418650044042506e-03
4.956867709615855802e+02 -4.886209584561220254e+02 2.490766995177371967e+01 0.000000000000000000e+00 0.000000000000000000e+00 -3.077106236570870124e-03 4.778821684024528796e-03 1.301006657821143428e-02 9.196275255053223616e-03
8.594677458503595062e+02 -2.128990937653078106e+02 2.902998011898367636e+01 0.000000000000000000e+00 0.000000000000000000e+00 3.505296748564035170e-03 5.126038800377452111e-03 1.273174472694977091e-02 8.998199801621982463e-03
8.595252474563889109e+02 -2.129482763463406627e+02 2.903148018348404591e+01 0.000000000000000000e+00 0.000000000000000000e+00 1.240646300153969150e-02 5.126098055539653545e-03 1.273176268432118889e-02 8.998213531355849643e-03
8.594913522363340235e+02 -2.129296460634545554e+02 2.903064473872630202e+01 0.000000000000000000e+00 0.000000000000000000e+00 1.008027855583648602e-02 5.126061305484558989e-03 1.273175465705631351e-02 8.998207531019753597e-03
4.990120623404750404e+02 -2.269113088999491197e+02 2.282514529781988344e+01 0.000000000000000000e+00 0.000000000000000000e+00 5.482973765925436282e-03 4.772786132161003711e-03 1.277291498555553455e-02 9.028899458445522816e-03
4.990992532552137391e+02 -2.267841937441017706e+02 2.282560469045377260e+01 0.000000000000000000e+00 0.000000000000000000e+00 3.122247645372056013e-03 4.772868619160998936e-03 1.277280433042869354e-02 9.028817432158331435e-03
4.991074579200893595e+02 -2.266184015688217528e+02 2.282485713338086697e+01 0.000000000000000000e+00 0.000000000000000000e+00 2.124930840292194034e-03 4.772893713697140723e-03 1.277266310115457264e-02 9.028712873788004994e-03
6.905357735934777565e+02 2.277162550413247999e+01 2.518602314746488702e+01 0.000000000000000000e+00 0.000000000000000000e+00 1.986596759165237813e-02 5.000431894132357190e-03 1.255255463675196068e-02 8.859280673360109618e-03
6.905909579496704964e+02 2.275553527141718746e+01 2.518699370120651437e+01 0.000000000000000000e+00 0.000000000000000000e+00 1.131000790136127421e-02 5.000482644125075864e-03 1.255258142962589404e-02 8.859300749959896776e-03
6.906191257972146786e+02 2.279101580244433833e+01 2.518751780818089969e+01 0.000000000000000000e+00 0.000000000000000000e+00 1.034204052783138650e-02 5.000523072859058837e-03 1.255255345742385849e-02 8.859278078119545499e-03
4.849185097019105228e+02 1.736559415799195278e+02 2.243054739514727203e+01 0.000000000000000000e+00 0.000000000000000000e+00 -2.022095433154547095e-02 4.892763789665977199e-03 1.245700839528340528e-02 8.775526794268058081e-03
4.848720899333088710e+02 1.737290579626728686e+02 2.243026683404999133e+01 0.000000000000000000e+00 0.000000000000000000e+00 -3.347179813366807366e-02 4.892774546265163220e-03 1.245698942035564083e-02 8.775503536126593243e-03
4.848775438962189810e+02 1.738078935532397793e+02 2.243065873791090326e+01 0.000000000000000000e+00 0.000000000000000000e+00 -2.242438814634795108e-02 4.892816121697293220e-03 1.245690737122795259e-02 8.775436394801409620e-03
8.617038382640264444e+02 1.619726427074535309e+02 2.893587955431287639e+01 0.000000000000000000e+00 0.000000000000000000e+00 3.002529675132592502e-02 5.237811561365577490e-03 1.243121068458415135e-02 8.760561738799811302e-03
8.617334475218366379e+02 1.619321046802805029e+02 2.893637818834506703e+01 0.000000000000000000e+00 0.000000000000000000e+00 1.881290976310978635e-02 5.237830095020332491e-03 1.243126267294642102e-02 8.760602615555035041e-03
8.617443463733269482e+02 1.619254097356097191e+02 2.893659445437626232e+01 0.000000000000000000e+00 0.000000000000000000e+00 2.061987216880822871e-02 5.237838511194464232e-03 1.243126245217859686e-02 8.760603311901508580e-03
8.933192670505100068e+02 4.863755928060926408e+02 3.219243707441069802e+01 0.000000000000000000e+00 0.000000000000000000e+00 1.025331730745904224e-02 5.469506563534643276e-03 1.220941929161519640e-02 8.556091823948031375e-03
8.926640607503613865e+02 4.861908243914531340e+02 3.217502441241896349e+01 0.000000000000000000e+00 0.000000000000000000e+00 2.006098287800739399e-03 5.468663072190758923e-03 1.220962243239721683e-02 8.556259927539781179e-03
8.923771257198519606e+02 4.863041726284836841e+02 3.216967277460171459e+01 0.000000000000000000e+00 0.000000000000000000e+00 6.183508758930145177e-03 5.468433349758132153e-03 1.220957466058470928e-02 8.556201282749158546e-03
5.023725647268279317e+02 4.849935445470555351e+02 2.507441769114186769e+01 0.000000000000000000e+00 0.000000000000000000e+00 -5.066881348646745664e-03 5.117311634911420569e-03 1.224934367538538411e-02 8.578958605253660802e-03
4.996489974840980040e+02 4.849554976638798962e+02 2.503851184690991971e+01 0.000000000000000000e+00 0.000000000000000000e+00 -1.271947027168351951e-02 5.115387249326844646e-03 1.224963209928232356e-02 8.579130179167926071e-03
4.996470600994293818e+02 4.850246564649501124e+02 2.503928026105278093e+01 0.000000000000000000e+00 0.000000000000000000e+00 -1.336412323565738802e-02 5.115443049011004356e-03 1.224959202308478594e-02 8.579088032297767230e-03
6.785365230437171249e+02 7.134878861420595513e+02 3.104693198071619520e+01 0.000000000000000000e+00 0.000000000000000000e+00 -1.260323776645577709e-02 5.457181218160965172e-03 1.210391716422919497e-02 8.428111408930120951e-03
6.785204361832827544e+02 7.136578693479337971e+02 3.104954808102096564e+01 0.000000000000000000e+00 0.000000000000000000e+00 -4.036439259600399510e-03 5.457326956240964207e-03 1.210381106075881716e-02 8.427994248333802590e-03
6.785458224351935996e+02 7.138431108380449359e+02 3.105316221496114437e+01 0.000000000000000000e+00 0.000000000000000000e+00 2.457087310045125150e-03 5.457523029920818142e-03 1.210369749159278564e-02 8.427868765557233743e-03
8.769575979351562864e+02 8.871563127739469792e+02 3.844421159588729608e+01 0.000000000000000000e+00 0.000000000000000000e+00 2.040539569690480448e-02 5.808844691888429869e-03 1.199745528345672746e-02 8.311799242807000124e-03
8.769356350325474523e+02 8.872877295628592265e+02 3.844652363723704980e+01 0.000000000000000000e+00 0.000000000000000000e+00 1.536990396991200214e-02 5.808961922017736972e-03 1.199740994292338228e-02 8.311728700198854625e-03
8.769468162779601244e+02 8.873126434886993366e+02 3.844731658335790314e+01 0.000000000000000000e+00 0.000000000000000000e+00 1.659896562452445323e-02 5.808997562990561928e-03 1.199739451026547027e-02 8.311711172858506427e-03
5.219946503215240909e+02 8.764370741735526735e+02 3.168348470328195532e+01 0.000000000000000000e+00 0.000000000000000000e+00 3.043847704817181921e-02 5.512183938314367537e-03 1.204105972573186675e-02 8.335129937536270989e-03
5.220289267502244002e+02 8.766329408349340611e+02 3.168806858551749173e+01 0.000000000000000000e+00 0.000000000000000000e+00 2.894472147974980203e-02 5.512425622672225030e-03 1.204097167256509143e-02 8.335010259168508170e-03
5.220139700074930715e+02 8.767475773755688806e+02 3.169027154709385741e+01 0.000000000000000000e+00 0.000000000000000000e+00 2.676892342437398042e-02 5.512545587836089472e-03 1.204092669637031425e-02 8.334943750316601424e-03
8.796926085836659013e+02 1.186355429597262855e+03 4.604542142487659362e+01 0.000000000000000000e+00 0.000000000000000000e+00 -8.891941500628774975e-03 6.146182919774004390e-03 1.188001785297137895e-02 8.132774690001379550e-03
8.797560245600534472e+02 1.186275526192689995e+03 4.604459039375083762e+01 0.000000000000000000e+00 0.000000000000000000e+00 -8.595099741597778120e-03 6.146141613264949170e-03 1.188003566829467540e-02 8.132819033686355253e-03
8.797691468234959302e+02 1.186224706738616533e+03 4.604342552650602016e+01 0.000000000000000000e+00 0.000000000000000000e+00 -4.709905483387899494e-03 6.146089212148471079e-03 1.188004178771080201e-02 8.132842605569370192e-03
4.988004600798240062e+02 1.182031459484340303e+03 3.895066922084413363e+01 0.000000000000000000e+00 0.000000000000000000e+00 -1.565069584817990744e-02 5.870314048004101302e-03 1.192533512014149095e-02 8.149400858093418590e-03
4.987589506775083805e+02 1.181901050195110884e+03 3.894638574118980046e+01 0.000000000000000000e+00 0.000000000000000000e+00 -2.163505665679821277e-02 5.870124915465323341e-03 1.192539569015302163e-02 8.149490638607594442e-03
4.987671474849629476e+02 1.181900232828729486e+03 3.894647073434653350e+01 0.000000000000000000e+00 0.000000000000000000e+00 -2.355331406720040377e-02 5.870129674359124937e-03 1.192539953403583264e-02 8.149493799960768475e-03
7.056489065519238011e+02 1.430154151415464185e+03 5.017374631513065708e+01 0.000000000000000000e+00 0.000000000000000000e+00 1.454904350114105682e-02 6.329117676289078981e-03 1.183372315178532995e-02 7.994436721475064317e-03
7.056516199882979663e+02 1.430127664954351076e+03 5.017286770331014623e+01 0.000000000000000000e+00 0.000000000000000000e+00 1.909529184158742510e-02 6.329079560036181967e-03 1.183371818053387779e-02 7.994445284500524898e-03
7.056316445877251908e+02 1.430280071238289111e+03 5.017784123681475705e+01 0.000000000000000000e+00 0.000000000000000000e+00 1.683419749887349326e-02 6.329278261283684606e-03 1.183369173642894248e-02 7.994359470306404425e-03
8.633191268522850805e+02 1.594748216466377016e+03 5.963452460491102158e+01 0.000000000000000000e+00 0.000000000000000000e+00 1.800428774642170993e-02 6.666385460249684217e-03 1.178264475626458578e-02 7.895457988675982919e-03
8.633477449447492518e+02 1.594692474596624379e+03 5.963298725851647220e+01 0.000000000000000000e+00 0.000000000000000000e+00 2.169321216615571757e-02 6.666325234194599332e-03 1.178264118510160240e-02 7.895483815721452206e-03
8.633639449707075073e+02 1.594679397504796952e+03 5.963284718792046846e+01 0.000000000000000000e+00 0.000000000000000000e+00 2.082232763849845014e-02 6.666319252726829458e-03 1.178264315030789523e-02 7.895492380289895543e-03
4.894279711813277913e+02 1.587517554847002430e+03 5.254808857769802444e+01 0.000000000000000000e+00 0.000000000000000000e+00 1.686261292791613187e-02 6.437840060082918037e-03 1.182943427915674958e-02 7.906329110454546685e-03
4.880658225342806986e+02 1.587797202497986518e+03 5.254113989761586367e+01 0.000000000000000000e+00 0.000000000000000000e+00 1.630767575505132072e-02 6.437658922701147007e-03 1.182954844072844035e-02 7.906191604563697628e-03
4.880983286683082270e+02 1.587940756191894025e+03 5.254718038899262922e+01 0.000000000000000000e+00 0.000000000000000000e+00 2.458042168405683014e-02 6.437882629837720846e-03 1.182950349383026303e-02 7.906093157164981872e-03
4.770856749905795482e+02 1.914215121041520888e+03 6.657634680628572710e+01 0.000000000000000000e+00 0.000000000000000000e+00 -1.229921850506343617e-02 6.944266723237136132e-03 1.180358162274451964e-02 7.714834256166805924e-03
4.769918170900680252e+02 1.914033697923465297e+03 6.656645759750024638e+01 0.000000000000000000e+00 0.000000000000000000e+00 -1.359259180978256154e-02 6.943939674968902485e-03 1.180359838133390911e-02 7.714942002246678344e-03
4.769717995309155754e+02 1.914081542637416305e+03 6.656848535521459098e+01 0.000000000000000000e+00 0.000000000000000000e+00 -1.081769658958364744e-02 6.944007800356932075e-03 1.180359365901737130e-02 7.714910108825380301e-03
8.712024834281019139e+02 1.907792352762063956e+03 7.349432335537821359e+01 0.000000000000000000e+00 0.000000000000000000e+00 3.094339573449644831e-02 7.127932105011323440e-03 1.175357607360486868e-02 7.718897537172480713e-03
8.712633668616078921e+02 1.907773326448959551e+03 7.349485628293267325e+01 0.000000000000000000e+00 0.000000000000000000e+00 3.265549082799168445e-02 7.127939750242376707e-03 1.175356433798583136e-02 7.718905940487993771e-03
8.712595354192318382e+02 1.907833254634252853e+03 7.349763520835966801e+01 0.000000000000000000e+00 0.000000000000000000e+00 3.455233516855571452e-02 7.128026427264698428e-03 1.175355912490915616e-02 7.718869777684234448e-03
6.720853022856248344e+02 2.137722106012036420e+03 8.101180500943775087e+01 0.000000000000000000e+00 0.000000000000000000e+00 3.361664234660111106e-03 7.386625804027264000e-03 1.178643503985784581e-02 7.588521320476812604e-03
6.720998295773504196e+02 2.137841879726251591e+03 8.101854409814876590e+01 0.000000000000000000e+00 0.000000000000000000e+00 3.477055455164190789e-03 7.386828428228687550e-03 1.178644230099741390e-02 7.588454585973489902e-03
6.721126195983538310e+02 2.137849631010683879e+03 8.101919854323089965e+01 0.000000000000000000e+00 0.000000000000000000e+00 4.876891646333092467e-03 7.386845452175934239e-03 1.178643802360710043e-02 7.588448362319722210e-03
4.601577080589158868e+02 2.294444165806605270e+03 8.651462622946816339e+01 0.000000000000000000e+00 0.000000000000000000e+00 9.743888409730061539e-03 7.577120498946076851e-03 1.183103365619194228e-02 7.497072144134452228e-03
4.600266517744526595e+02 2.294651352057331678e+03 8.652503881140854958e+01 0.000000000000000000e+00 0.000000000000000000e+00 8.521288601684773312e-03 7.577444480959431156e-03 1.183108331823870367e-02 7.496955107760719210e-03
4.600116748853541822e+02 2.294621600169879912e+03 8.652311530573591369e+01 0.000000000000000000e+00 0.000000000000000000e+00 1.540849388436527079e-02 7.577383021081395345e-03 1.183106497101532421e-02 7.496961259570345155e-03
8.783568847409667342e+02 2.355492426217326283e+03 9.785860144863553955e+01 0.000000000000000000e+00 0.000000000000000000e+00 -1.889934149879479719e-02 7.838318729720000072e-03 1.178568255603558608e-02 7.476671457486318631e-03
8.784764674373151365e+02 2.355608307286911895e+03 9.786849230951344225e+01 0.000000000000000000e+00 0.000000000000000000e+00 -1.229479603183847303e-02 7.838560494120802927e-03 1.178567039475247012e-02 7.476606053465684361e-03
8.784498347422596680e+02 2.355688831964876044e+03 9.787269870534483118e+01 0.000000000000000000e+00 0.000000000000000000e+00 -6.263110759405776662e-03 7.838674321506962014e-03 1.178567393828677638e-02 7.476553274085397972e-03
8.604063959617485580e+02 2.620862925037712102e+03 1.144183629672049278e+02 0.000000000000000000e+00 0.000000000000000000e+00 -4.599083343492793574e-04 8.274068289156562284e-03 1.184794994375796238e-02 7.337464766986069413e-03
8.604673287375877635e+02 2.620754666766246828e+03 1.144124845375231843e+02 0.000000000000000000e+00 0.000000000000000000e+00 -7.473581023830888626e-03 8.273914185763103085e-03 1.184792681420227325e-02 7.337535094454855460e-03
8.614012100565691981e+02 2.620760430930336952e+03 1.144353415010874357e+02 0.000000000000000000e+00 0.000000000000000000e+00 -7.318563352143314660e-03 8.274293334820071247e-03 1.184779680094368189e-02 7.337599630380295911e-03
4.922487783435122992e+02 2.607325259769682816e+03 1.065560617440298188e+02 0.000000000000000000e+00 0.000000000000000000e+00 -1.598845246522273555e-02 8.135825604107757916e-03 1.189375009771358183e-02 7.324260974552731021e-03
4.921194915268138743e+02 2.607224609244156909e+03 1.065475271333354641e+02 0.000000000000000000e+00 0.000000000000000000e+00 -1.080062428266614916e-02 8.135611776310034543e-03 1.189372695094712169e-02 7.324303202809613611e-03
4.921402443018978374e+02 2.607112473211993347e+03 1.065402793738607414e+02 0.000000000000000000e+00 0.000000000000000000e+00 2.014623286584082962e-03 8.135404490175470252e-03 1.189366403051219517e-02 7.324346045389065578e-03
6.714323455809020516e+02 2.863902912791618746e+03 1.276845228463748612e+02 0.000000000000000000e+00 0.000000000000000000e+00 1.052964900210895394e-02 8.639100085223392830e-03 1.195475017443498218e-02 7.198082722760474478e-03
6.714324354144886229e+02 2.863921214466407037e+03 1.276858931023472650e+02 0.000000000000000000e+00 0.000000000000000000e+00 1.380516649284402320e-02 8.639130015492674924e-03 1.195474984228344327e-02 7.198068454532018101e-03
6.713820160161650392e+02 2.863996857738335621e+03 1.276905958870842568e+02 0.000000000000000000e+00 0.000000000000000000e+00 6.001748871838685773e-03 8.639260301497957845e-03 1.195480307622254039e-02 7.198037014355935723e-03
4.602590165317829474e+02 3.003441697707401545e+03 1.350240095453326603e+02 0.000000000000000000e+00 0.000000000000000000e+00 -1.517993603383160917e-02 8.852895245372470120e-03 1.204042308383517987e-02 7.110405545165473726e-03
4.602663937811125834e+02 3.003476882649594700e+03 1.350268778805479997e+02 0.000000000000000000e+00 0.000000000000000000e+00 -8.598617789033369263e-03 8.852955663709633286e-03 1.204042301311924329e-02 7.110377828500925174e-03
4.603025848057415601e+02 3.003464006148297358e+03 1.350263348147938132e+02 0.000000000000000000e+00 0.000000000000000000e+00 -1.197449343172252156e-02 8.852939972436189506e-03 1.204042008377618177e-02 7.110391883630815847e-03
8.834045465629656064e+02 3.071259381116943132e+03 1.485138728559199990e+02 0.000000000000000000e+00 0.000000000000000000e+00 6.269248685640604890e-03 9.067338163456775332e-03 1.201302123152291762e-02 7.115993988014802062e-03
8.834001160377039241e+02 3.071318139325323045e+03 1.485185298735418939e+02 0.000000000000000000e+00 0.000000000000000000e+00 3.095565669838151734e-03 9.067444472014126594e-03 1.201305618810242191e-02 7.115969825618594959e-03
8.834471987152642214e+02 3.071311590660828642e+03 1.485191816614454297e+02 0.000000000000000000e+00 0.000000000000000000e+00 4.211269178711063432e-04 9.067448682316337633e-03 1.201305229986333531e-02 7.115982721765450221e-03
1.591074065660713586e+03 3.002418492961799075e+03 1.679264664667040279e+02 0.000000000000000000e+00 0.000000000000000000e+00 -3.696168131901345077e-02 9.249760145980803067e-03 1.187393589526266301e-02 7.262307424703182308e-03
1.591161908844891059e+03 3.002450530180764872e+03 1.679330257185722814e+02 0.000000000000000000e+00 0.000000000000000000e+00 -2.689588943667331478e-02 9.249848721589661038e-03 1.187391347799953388e-02 7.262298963623341208e-03
1.591393743063385045e+03 3.002382952960528200e+03 1.679381554303071766e+02 0.000000000000000000e+00 0.000000000000000000e+00 -1.925280816195140687e-02 9.249866364097053539e-03 1.187382929878424281e-02 7.262360774288361548e-03
1.195444037192598671e+03 3.013727082900789810e+03 1.531123465684152052e+02 0.000000000000000000e+00 0.000000000000000000e+00 -1.907115346881482765e-03 9.076318561617795558e-03 1.194099254285700511e-02 7.186632201941053379e-03
1.195207591544708521e+03 3.014180601574381399e+03 1.531404936274549584e+02 0.000000000000000000e+00 0.000000000000000000e+00 -1.434471109405421885e-03 9.076983128757671465e-03 1.194122772777520859e-02 7.186393425517233549e-03
1.195177676837086892e+03 3.014231253952701081e+03 1.531435184995349914e+02 0.000000000000000000e+00 0.000000000000000000e+00 -6.998973950373965636e-04 9.077055281309410334e-03 1.194125302602995833e-02 7.186365233481605691e-03
1.355743624310879795e+03 2.906139083337517604e+03 1.504999067868160409e+02 0.000000000000000000e+00 0.000000000000000000e+00 -1.386726855255915325e-02 8.973203168623161349e-03 1.187115428382434952e-02 7.258839022636949176e-03
1.355777915423947206e+03 2.906127565154849435e+03 1.505003417062739572e+02 0.000000000000000000e+00 0.000000000000000000e+00 -1.319539920871193317e-02 8.973201489166277023e-03 1.187114284451682919e-02 7.258848438051821415e-03
1.355776630648199671e+03 2.906101076214995373e+03 1.504982578196593295e+02 0.000000000000000000e+00 0.000000000000000000e+00 -1.439779664812590454e-02 8.973159453833746274e-03 1.187113516726289765e-02 7.258861273448031712e-03
1.193157420390325342e+03 2.667020427862265024e+03 1.271577765494119205e+02 0.000000000000000000e+00 0.000000000000000000e+00 -1.418789040940282575e-03 8.504671617465700204e-03 1.181275447561349126e-02 7.344665199112073405e-03
1.193179980171370289e+03 2.667255799391728488e+03 1.271749005443298728e+02 0.000000000000000000e+00 0.000000000000000000e+00 -3.758974056822239618e-03 8.505064123477660068e-03 1.181282675228648854e-02 7.344560438504186065e-03
1.193190030037908400e+03 2.667157564667079896e+03 1.271684054739430536e+02 0.000000000000000000e+00 0.000000000000000000e+00 -7.501319553611551783e-03 8.504914815957683935e-03 1.181280427063862402e-02 7.344613140115188385e-03
1.565851659700011396e+03 2.679024261310248676e+03 1.424653318889304217e+02 0.000000000000000000e+00 0.000000000000000000e+00 -1.479162485227902835e-02 8.748352716692395573e-03 1.175776032486276247e-02 7.386032233980482399e-03
1.565898662811528311e+03 2.678980825267464297e+03 1.424643482063529802e+02 0.000000000000000000e+00 0.000000000000000000e+00 -1.491251575581031830e-02 8.748320995816884216e-03 1.175773970017155411e-02 7.386057020433855688e-03
1.565941419837350395e+03 2.678843319260427052e+03 1.424565509251384583e+02 0.000000000000000000e+00 0.000000000000000000e+00 -1.036557139386218296e-02 8.748144293380432160e-03 1.175768065639723990e-02 7.386113313619198026e-03
1.573731378882750732e+03 2.306168390853441451e+03 1.185521945144812150e+02 0.000000000000000000e+00 0.000000000000000000e+00 1.827972267334132539e-02 8.227292837322359650e-03 1.167248718434687506e-02 7.546584719511246001e-03
1.573710610536556942e+03 2.306308659328790327e+03 1.185596661091042563e+02 0.000000000000000000e+00 0.000000000000000000e+00 2.325651773249148846e-02 8.227461696814562797e-03 1.167249956246462633e-02 7.546513328755393921e-03
1.573718605023808550e+03 2.306312203784782923e+03 1.185602279120199398e+02 0.000000000000000000e+00 0.000000000000000000e+00 1.909119410653659088e-02 8.227476739344995876e-03 1.167250827913720972e-02 7.546518522197153030e-03
1.175760083559511941e+03 2.299773069296153608e+03 1.029889053159709107e+02 0.000000000000000000e+00 0.000000000000000000e+00 1.732904794396006309e-02 7.919242917777482432e-03 1.173394396790172593e-02 7.521207162652827211e-03
1.175790084030573325e+03 2.300109687918315558e+03 1.030097484875443712e+02 0.000000000000000000e+00 0.000000000000000000e+00 1.818809119852460299e-02 7.919773978841070441e-03 1.173398583715325877e-02 7.521039580471421994e-03
1.174662444606224426e+03 2.300184039534524345e+03 1.029774493826188717e+02 0.000000000000000000e+00 0.000000000000000000e+00 2.665007313332523609e-02 7.919142248284985128e-03 1.173414574651756616e-02 7.520922750350446905e-03
1.380118997409798340e+03 2.208218686911079203e+03 1.049174578752167264e+02 0.000000000000000000e+00 0.000000000000000000e+00 2.533598756627952753e-03 7.932796657337169710e-03 1.169141735192302106e-02 7.578267357968918039e-03
1.378141485213705209e+03 2.208204283828143161e+03 1.048412220128714409e+02 0.000000000000000000e+00 0.000000000000000000e+00 9.133778625908917093e-03 7.931201707912368185e-03 1.169171028700238812e-02 7.578147937737681264e-03
1.378147143555541561e+03 2.208275058888267722e+03 1.048454511274876353e+02 0.000000000000000000e+00 0.000000000000000000e+00 5.439284629616736311e-03 7.931309342418528530e-03 1.169172517462457525e-02 7.578119709232938352e-03
1.187336176308848280e+03 1.967557572062637973e+03 8.529440456576254803e+01 0.000000000000000000e+00 0.000000000000000000e+00 6.318731048963854846e-03 7.439085387410572167e-03 1.170834994365982200e-02 7.691378855521357333e-03
1.187463175446060859e+03 1.967818604028414029e+03 8.531153662993033038e+01 0.000000000000000000e+00 0.000000000000000000e+00 -5.196921304587931445e-03 7.439564631861205792e-03 1.170835785854463379e-02 7.691262798899594841e-03
1.187470089288974805e+03 1.967968812883571673e+03 8.531924644603303420e+01 0.000000000000000000e+00 0.000000000000000000e+00 -1.975918244156105175e-03 7.439780298315877213e-03 1.170834943922035958e-02 7.691179684970955201e-03
1.554109283677408939e+03 1.974981842966501063e+03 9.945430063543481936e+01 0.000000000000000000e+00 0.000000000000000000e+00 2.707404698745108362e-02 7.774994698168916259e-03 1.165149496717414815e-02 7.698229050818320048e-03
1.554130678470381554e+03 1.974974047439381820e+03 9.945482094028682241e+01 0.000000000000000000e+00 0.000000000000000000e+00 2.652245890894278091e-02 7.775006337965356326e-03 1.165149276346215748e-02 7.698234350668071817e-03
1.554135775820637264e+03 1.974974745509606237e+03 9.945507396409341538e+01 0.000000000000000000e+00 0.000000000000000000e+00 2.266602104317883004e-02 7.775015228823386158e-03 1.165150083140437283e-02 7.698239955576266502e-03
1.599663811468923086e+03 1.648631210988640532e+03 8.637089009117892147e+01 0.000000000000000000e+00 0.000000000000000000e+00 -1.583783384774051228e-03 7.433709519915777247e-03 1.166729000491804023e-02 7.858999589136668462e-03
1.599681898638503299e+03 1.648639850372203910e+03 8.637203800997119174e+01 0.000000000000000000e+00 0.000000000000000000e+00 2.609856623024597866e-03 7.433737199445676277e-03 1.166727613651248954e-02 7.858988817107507435e-03
1.599717753864798397e+03 1.648691961480498776e+03 8.637577445143963928e+01 0.000000000000000000e+00 0.000000000000000000e+00 2.158748840997759544e-03 7.433837609216841467e-03 1.166726396524754225e-02 7.858963134942126977e-03
1.177993741786484406e+03 1.657818372801829128e+03 7.086055904419404783e+01 0.000000000000000000e+00 0.000000000000000000e+00 -7.602140321594674788e-03 7.008582479286268839e-03 1.173044718242100860e-02 7.856574291706946642e-03
1.177750341343629543e+03 1.657834168769208190e+03 7.085345359647027408e+01 0.000000000000000000e+00 0.000000000000000000e+00 -7.704365683792957498e-03 7.008382509719584749e-03 1.173048034316326836e-02 7.856567634868003719e-03
1.177186006106389186e+03 1.657809360741352066e+03 7.083443768981686617e+01 0.000000000000000000e+00 0.000000000000000000e+00 2.885469056079159600e-02 7.007811105190028637e-03 1.173048003853286239e-02 7.856529683645748635e-03
1.348943251016207569e+03 1.475800286891075984e+03 6.956659392741039483e+01 0.000000000000000000e+00 0.000000000000000000e+00 1.002209498491879458e-02 6.953768362135042368e-03 1.173707711488754246e-02 7.952972760019707751e-03
1.348878454840084260e+03 1.476026316703671455e+03 6.957257122243808567e+01 0.000000000000000000e+00 0.000000000000000000e+00 6.754344171810089392e-03 6.953963435778128498e-03 1.173704586349866297e-02 7.952856522372207457e-03
1.348895518191106703e+03 1.476078859826583539e+03 6.957512931717441518e+01 0.000000000000000000e+00 0.000000000000000000e+00 4.383891493546343554e-03 6.954044839705763627e-03 1.173703755821059978e-02 7.952831242380503304e-03
1.540475286164169120e+03 1.226184573267959877e+03 6.858569532618641063e+01 0.000000000000000000e+00 0.000000000000000000e+00 2.514644753645711717e-02 6.915956511293770356e-03 1.177536405295231438e-02 8.082428154546779028e-03
1.540594526956964955e+03 1.226376566680107089e+03 6.859650426440893511e+01 0.000000000000000000e+00 0.000000000000000000e+00 -1.600560863380451337e-03 6.916315622302024284e-03 1.177534535356293370e-02 8.082358897029190067e-03
1.540819482065710645e+03 1.226276713827725644e+03 6.860274231394390654e+01 0.000000000000000000e+00 0.000000000000000000e+00 2.222538568194920572e-02 6.916497444880316363e-03 1.177528804938878654e-02 8.082366852929286777e-03
1.211001382947365983e+03 1.248052116863226047e+03 5.712140728277972812e+01 0.000000000000000000e+00 0.000000000000000000e+00 1.039681063654285254e-02 6.543313808770689563e-03 1.181669972514465608e-02 8.083998726624307823e-03
1.210983371404918444e+03 1.248268310354684672e+03 5.712748850946030643e+01 0.000000000000000000e+00 0.000000000000000000e+00 1.980801134422449650e-04 6.543542185093493765e-03 1.181665892953938195e-02 8.083892038046575079e-03
1.210746107598407889e+03 1.248393760084474707e+03 5.712367786574875339e+01 0.000000000000000000e+00 0.000000000000000000e+00 -9.935833110873204532e-03 6.543430342640503029e-03 1.181667663186164452e-02 8.083845435708501490e-03
1.587372849392435000e+03 9.409875521174230926e+02 6.283714635731297449e+01 0.000000000000000000e+00 0.000000000000000000e+00 -3.948709290163066044e-02 6.724762580390358617e-03 1.187828593639971703e-02 8.238733757295432780e-03
1.587497886583936634e+03 9.410004559458665199e+02 6.284273303385700160e+01 0.000000000000000000e+00 0.000000000000000000e+00 -4.362107527590808331e-03 6.724934805353952917e-03 1.187818048144039483e-02 8.238664024329007268e-03
1.587420448570127292e+03 9.409506921205079379e+02 6.283829339790398194e+01 0.000000000000000000e+00 0.000000000000000000e+00 -1.316468680929716584e-02 6.724787100285767837e-03 1.187823459294705571e-02 8.238710922236436307e-03
1.198226824800399299e+03 9.356804770642366975e+02 4.832501336000768077e+01 0.000000000000000000e+00 0.000000000000000000e+00 1.180248711301601361e-02 6.204693704125790500e-03 1.193563711966018175e-02 8.265524628372209956e-03
1.197973508618844335e+03 9.357326813217727022e+02 4.831817450277985415e+01 0.000000000000000000e+00 0.000000000000000000e+00 2.521365099033801016e-02 6.204432739857802803e-03 1.193561684378676921e-02 8.265487541788756401e-03
1.197945670531653377e+03 9.360047850835768486e+02 4.832352728838877454e+01 0.000000000000000000e+00 0.000000000000000000e+00 1.280158066365544300e-02 6.204666226520345190e-03 1.193552945337167208e-02 8.265348060144388220e-03
1.410879195414918286e+03 7.897902994762190474e+02 5.257162443295948862e+01 0.000000000000000000e+00 0.000000000000000000e+00 -3.700005644560633300e-03 6.352417459171220970e-03 1.197563742061444857e-02 8.337985903098203005e-03
1.411854622710397280e+03 7.896794514754546981e+02 5.260586422704029985e+01 0.000000000000000000e+00 0.000000000000000000e+00 1.162804937509775982e-02 6.353677304255209851e-03 1.197552224909093424e-02 8.337959919659191504e-03
1.411829583478599716e+03 7.897705339687954620e+02 5.260670495553253545e+01 0.000000000000000000e+00 0.000000000000000000e+00 1.128951340983519458e-02 6.353715072200736939e-03 1.197548057403330542e-02 8.337908659966626265e-03
1.566519386072142879e+03 4.794352166728381235e+02 5.378754115577234529e+01 0.000000000000000000e+00 0.000000000000000000e+00 1.992875063230314936e-03 6.373325338909334621e-03 1.213041128191968097e-02 8.510367296075840512e-03
1.566485196601495318e+03 4.796245954639235833e+02 5.378841738456235078e+01 0.000000000000000000e+00 0.000000000000000000e+00 -4.358542335786097510e-02 6.373396270199845060e-03 1.213039971787228596e-02 8.510326792935110282e-03
1.566486931933412507e+03 4.795592001090469694e+02 5.378769992148684764e+01 0.000000000000000000e+00 0.000000000000000000e+00 1.191246155793379558e-02 6.373339547116455873e-03 1.213031492815555730e-02 8.510280105334409873e-03
1.170583693380652448e+03 4.849564866255497009e+02 3.964601804124776407e+01 0.000000000000000000e+00 0.000000000000000000e+00 1.916380237120307584e-02 5.802109999912192714e-03 1.217841742459803769e-02 8.538294679904764525e-03
1.170575014664147602e+03 4.851058014951448740e+02 3.964752112809513562e+01 0.000000000000000000e+00 0.000000000000000000e+00 2.024685212485621832e-02 5.802197692234569402e-03 1.217832345064951902e-02 8.538202150317501446e-03
1.169718764353839788e+03 4.851623492279708216e+02 3.962199300902467769e+01 0.000000000000000000e+00 0.000000000000000000e+00 1.801936492957878500e-02 5.801111535457988133e-03 1.217839717581969787e-02 8.538232613985362318e-03
1.545971070287610246e+03 2.104791528348478380e+02 5.057823412693191756e+01 0.000000000000000000e+00 0.000000000000000000e+00 -2.277869596775872196e-02 6.212627636727415664e-03 1.231713308120257512e-02 8.676464298810073958e-03
1.546011620014600567e+03 2.103565969801285007e+02 5.057918627354916907e+01 0.000000000000000000e+00 0.000000000000000000e+00 -1.531814559113087171e-02 6.212643555501279856e-03 1.231720108406456592e-02 8.676524865429973907e-03
1.546002504800428142e+03 2.103914560591772442e+02 5.057901307829265392e+01 0.000000000000000000e+00 0.000000000000000000e+00 -2.276400626278984873e-02 6.212644736534453892e-03 1.231719335244339797e-02 8.676515654830851965e-03
1.193802384890220765e+03 2.265237371117690941e+02 3.809760831190631336e+01 0.000000000000000000e+00 0.000000000000000000e+00 1.981062514593645574e-02 5.687006742402874945e-03 1.234875391465498420e-02 8.696255433684921266e-03
1.193779238448172919e+03 2.266263263846175846e+02 3.809747444092782587e+01 0.000000000000000000e+00 0.000000000000000000e+00 2.461859599408455779e-02 5.687020418991608865e-03 1.234867203342540631e-02 8.696185874064963142e-03
1.193126498314223909e+03 2.266815645569228082e+02 3.807753883824822339e+01 0.000000000000000000e+00 0.000000000000000000e+00 2.549126985273630908e-02 5.686138728317661692e-03 1.234870572249918523e-02 8.696200896541122008e-03
1.388580497930129923e+03 7.522260581529967283e+01 4.403071193447835441e+01 0.000000000000000000e+00 0.000000000000000000e+00 2.281999891172148409e-02 5.915103121752880028e-03 1.243921593678610008e-02 8.774751335213314477e-03
1.388552869080455594e+03 7.511616420762197777e+01 4.402947347720858318e+01 0.000000000000000000e+00 0.000000000000000000e+00 2.940440825938850367e-02 5.915024935986471985e-03 1.243928761275618460e-02 8.774810317574044394e-03
1.388551299470742606e+03 7.506249140835612366e+01 4.402929507254552277e+01 0.000000000000000000e+00 0.000000000000000000e+00 2.092409795989880195e-02 5.915008297261470024e-03 1.243934855335691002e-02 8.774857231322787804e-03
1.576740353669305932e+03 -1.614273659246717045e+02 5.137351411003873380e+01 0.000000000000000000e+00 0.000000000000000000e+00 1.108839162994001981e-02 6.169858246132012627e-03 1.261180149509780364e-02 8.907119138956051327e-03
1.576752565559459526e+03 -1.614586835359557995e+02 5.137411121080168641e+01 0.000000000000000000e+00 0.000000000000000000e+00 7.236817411012452794e-03 6.169876083646472047e-03 1.261183570020550301e-02 8.907143867455610126e-03
1.576723364171477215e+03 -1.614326856460390900e+02 5.137283573169859352e+01 0.000000000000000000e+00 0.000000000000000000e+00 1.006008579581418871e-02 6.169829232131442479e-03 1.261181043844625087e-02 8.907125731818184289e-03
1.202078887397242625e+03 -1.680063577309362302e+02 3.793074966724500996e+01 0.000000000000000000e+00 0.000000000000000000e+00 2.313966946210399556e-02 5.580153365230593188e-03 1.265981089093747361e-02 8.944224036522363877e-03
1.202052580197457246e+03 -1.679721717221176505e+02 3.792981413763514809e+01 0.000000000000000000e+00 0.000000000000000000e+00 2.205089117159531042e-02 5.580120085595348563e-03 1.265978661144466499e-02 8.944206073318042294e-03
1.202088538751479064e+03 -1.679261300232761585e+02 3.793076722924762123e+01 0.000000000000000000e+00 0.000000000000000000e+00 9.021534932507790927e-03 5.580181259707485582e-03 1.265977186085806040e-02 8.944193984335784345e-03
1.576214842422328957e+03 -4.833981108720410020e+02 5.355314373685216367e+01 0.000000000000000000e+00 0.000000000000000000e+00 -1.069524784092124037e-02 6.171426479534471848e-03 1.290956277915931982e-02 9.114327054325372518e-03
1.576212270367504971e+03 -4.834466305776435320e+02 5.355355044343015436e+01 0.000000000000000000e+00 0.000000000000000000e+00 1.718971197910690307e-02 6.171425166227304838e-03 1.290955065205382987e-02 9.114315896615305876e-03
1.576204320901582832e+03 -4.833507661819036230e+02 5.355221680838752718e+01 0.000000000000000000e+00 0.000000000000000000e+00 7.108890763717568007e-03 6.171400378372733815e-03 1.290947943149994490e-02 9.114269910131797547e-03
1.182642022638831804e+03 -4.782823341566326008e+02 3.953048151244783526e+01 0.000000000000000000e+00 0.000000000000000000e+00 1.122319759515733040e-02 5.553772749372813157e-03 1.294507083964744482e-02 9.144630463159697173e-03
1.182668321225751015e+03 -4.783009371118591844e+02 3.953147688129376291e+01 0.000000000000000000e+00 0.000000000000000000e+00 1.127166470122631381e-02 5.553813183031949298e-03 1.294508617768586230e-02 9.144640320603285993e-03
1.182588153872226485e+03 -4.782954814589822945e+02 3.952898717813320673e+01 0.000000000000000000e+00 0.000000000000000000e+00 1.508863164987417349e-02 5.553696848236482249e-03 1.294508028812969662e-02 9.144637197632365933e-03
1.385729786011587976e+03 -6.880818863117456203e+02 4.893857248215084610e+01 0.000000000000000000e+00 0.000000000000000000e+00 -1.898390998900367777e-02 5.906818996577493583e-03 1.313558645605993752e-02 9.264240190443612244e-03
1.385813394749867939e+03 -6.881650325900225198e+02 4.894281636459083984e+01 0.000000000000000000e+00 0.000000000000000000e+00 1.925762026480271061e-02 5.906973249750242447e-03 1.313558351818184741e-02 9.264228703833116141e-03
1.385860100662392824e+03 -6.882133047338165852e+02 4.894521514918802296e+01 0.000000000000000000e+00 0.000000000000000000e+00 2.084345090474926110e-02 5.907061022552384348e-03 1.313562567418161998e-02 9.264253860385941383e-03
1.571855206989073395e+03 -8.725884459159036624e+02 5.920317804812096085e+01 0.000000000000000000e+00 0.000000000000000000e+00 1.462872848247087632e-02 6.274264981436950689e-03 1.331429900850721916e-02 9.369462367795733382e-03
1.571884956950561900e+03 -8.725218931941149094e+02 5.920308929795588426e+01 0.000000000000000000e+00 0.000000000000000000e+00 1.297646270367636134e-02 6.274284944586460029e-03 1.331422645066070685e-02 9.369418476844759008e-03
1.571945662181528633e+03 -8.723993756189842088e+02 5.920316605127820253e+01 0.000000000000000000e+00 0.000000000000000000e+00 1.937483138456741472e-02 6.274331459719395543e-03 1.331407261640849514e-02 9.369322727147797944e-03
1.191953576772936458e+03 -8.840588033488143083e+02 4.598376789285362065e+01 0.000000000000000000e+00 0.000000000000000000e+00 1.977548659537120557e-02 5.699336877923030439e-03 1.336127112394578341e-02 9.407059789189724588e-03
1.192050327494014937e+03 -8.838666954551854360e+02 4.598291431278816788e+01 0.000000000000000000e+00 0.000000000000000000e+00 1.708158063060238874e-02 5.699375371363006766e-03 1.336105944262137163e-02 9.406931616540461366e-03
1.192041284754555591e+03 -8.837821469657178568e+02 4.598096814541290200e+01 0.000000000000000000e+00 0.000000000000000000e+00 2.360773468146959431e-02 5.699320183839598833e-03 1.336095443598977681e-02 9.406867140829382190e-03
1.580683193429495077e+03 -1.192145317816752595e+03 6.690592703226428739e+01 0.000000000000000000e+00 0.000000000000000000e+00 -5.122809742715617176e-03 6.465767239039116494e-03 1.367906312126812227e-02 9.580444143865928311e-03
1.580665707735140359e+03 -1.192157117568335252e+03 6.690553211991340277e+01 0.000000000000000000e+00 0.000000000000000000e+00 -5.644114081135853667e-03 6.465747444396649675e-03 1.367907974855792248e-02 9.580454131001467019e-03
1.580652820974382621e+03 -1.192170684936555972e+03 6.690537057273095911e+01 0.000000000000000000e+00 0.000000000000000000e+00 -8.232015230703382258e-03 6.465735925812436495e-03 1.367910226636193105e-02 9.580468085954368593e-03
1.188543292636879642e+03 -1.184780865137363207e+03 5.283658103843951181e+01 0.000000000000000000e+00 0.000000000000000000e+00 2.571659325442254840e-02 5.884917863908262561e-03 1.370208246020314206e-02 9.603853816734141124e-03
1.188527511203227050e+03 -1.184801735734595013e+03 5.283665619673332969e+01 0.000000000000000000e+00 0.000000000000000000e+00 2.248135221540081830e-02 5.884912109127718970e-03 1.370211473730797123e-02 9.603873501835514734e-03
1.188530624492861307e+03 -1.184828254051034492e+03 5.283745289246624566e+01 0.000000000000000000e+00 0.000000000000000000e+00 1.324615890065672374e-02 5.884935192879140603e-03 1.370216449938601103e-02 9.603904801238849487e-03
1.375555522924560364e+03 -1.365860670322020496e+03 6.410921187392807497e+01 0.000000000000000000e+00 0.000000000000000000e+00 2.487890392754366076e-02 6.289471994725868119e-03 1.390569258983964836e-02 9.710377051143078558e-03
1.375569740396529824e+03 -1.365722880019421609e+03 6.410550765944771001e+01 0.000000000000000000e+00 0.000000000000000000e+00 3.006342141003415236e-02 6.289375819902644736e-03 1.390551191450695688e-02 9.710277121446422161e-03
1.375598585596616203e+03 -1.365827805238273413e+03 6.410972125359374729e+01 0.000000000000000000e+00 0.000000000000000000e+00 1.984825831027592358e-02 6.289504413610026885e-03 1.390565907795738264e-02 9.710360089230964109e-03
1.576951385270959008e+03 -1.600709757533721358e+03 7.949234726516637295e+01 0.000000000000000000e+00 0.000000000000000000e+00 1.777675256218458344e-02 6.794290887345955966e-03 1.418666817687402014e-02 9.853123068118469288e-03
1.576930428829729635e+03 -1.600771659071139538e+03 7.949371504192676241e+01 0.000000000000000000e+00 0.000000000000000000e+00 1.407229855065850188e-02 6.794318545258530746e-03 1.418675704543193548e-02 9.853171382808641535e-03
1.576903660318279890e+03 -1.600807075408530864e+03 7.949390069604100972e+01 0.000000000000000000e+00 0.000000000000000000e+00 1.957754974780812063e-02 6.794314188280557026e-03 1.418679407095656785e-02 9.853188437618082968e-03
1.180568647718133661e+03 -1.589141650260835604e+03 6.512904441696622371e+01 0.000000000000000000e+00 0.000000000000000000e+00 -1.082152891790144622e-02 6.244075235536714237e-03 1.419895698630320273e-02 9.869771419381587890e-03
1.180492587083413355e+03 -1.589151648971120039e+03 6.512711515840679510e+01 0.000000000000000000e+00 0.000000000000000000e+00 -6.837404603643904011e-03 6.243993085114763961e-03 1.419896660262587318e-02 9.869776314430572101e-03
1.180509227621467062e+03 -1.589057509113887818e+03 6.512427297142073712e+01 0.000000000000000000e+00 0.000000000000000000e+00 -6.401097021154100730e-03 6.243913709300020869e-03 1.419884438025121112e-02 9.869712839203676272e-03
1.573220976703698852e+03 -1.958104185194699994e+03 9.356711296783862508e+01 0.000000000000000000e+00 0.000000000000000000e+00 -4.375355255534429944e-02 7.171715355563600645e-03 1.466406187674417286e-02 1.009232132270175900e-02
1.573287720340551914e+03 -1.958236809575308598e+03 9.357562135377597201e+01 0.000000000000000000e+00 0.000000000000000000e+00 -3.932877727258698997e-02 7.171964033372514244e-03 1.466423158274141568e-02 1.009239979076838843e-02
1.573236759374975009e+03 -1.958266391997143955e+03 9.357486228329830169e+01 0.000000000000000000e+00 0.000000000000000000e+00 -4.125536243157057470e-02 7.171928866168483449e-03 1.466427916859496319e-02 1.009242513847948518e-02
1.181479302934709267e+03 -1.959789262659714268e+03 7.985027161712011434e+01 0.000000000000000000e+00 0.000000000000000000e+00 5.448518633883736584e-03 6.683730852265237256e-03 1.468884918013620665e-02 1.011325002483458128e-02
1.181513225023216364e+03 -1.959675673701012101e+03 7.984631749388177013e+01 0.000000000000000000e+00 0.000000000000000000e+00 1.189538086237007519e-02 6.683624114733818788e-03 1.468868022146585343e-02 1.011316396384673993e-02
1.181456318393116135e+03 -1.959617893066925035e+03 7.984207445274849135e+01 0.000000000000000000e+00 0.000000000000000000e+00 9.719557208711648855e-03 6.683484092638025675e-03 1.468860846319734910e-02 1.011313208370363814e-02
1.390052313604798655e+03 -2.069394631280989870e+03 9.163383001041805187e+01 0.000000000000000000e+00 0.000000000000000000e+00 -4.451641425717411948e-03 7.072174954062824051e-03 1.482892949581127162e-02 1.017546815454848687e-02
1.389998307146798879e+03 -2.069520337282919172e+03 9.163773315377235917e+01 0.000000000000000000e+00 0.000000000000000000e+00 -5.758076331488837241e-03 7.072271348476341299e-03 1.482911009178893014e-02 1.017555595317409974e-02
1.390041720506869297e+03 -2.069579421544305660e+03 9.164201387920449804e+01 0.000000000000000000e+00 0.000000000000000000e+00 -9.088208749432169498e-03 7.072400148395635577e-03 1.482919630388586374e-02 1.017559803890285240e-02
1.199384156879617194e+03 -2.332721524116862383e+03 9.830121192140973108e+01 0.000000000000000000e+00 0.000000000000000000e+00 1.501773331108324783e-01 7.223809222168233769e-03 1.521127573731928702e-02 1.035706420113259932e-02
1.198771874074125208e+03 -2.332621570785210224e+03 9.827722144291564632e+01 0.000000000000000000e+00 0.000000000000000000e+00 1.052246578033333435e-01 7.223006552092973466e-03 1.521123973929002643e-02 1.035709082888032311e-02
1.197086836895179204e+03 -2.332283379424439318e+03 9.820795245624971415e+01 0.000000000000000000e+00 0.000000000000000000e+00 -8.946679619427300167e-03 7.220708791398019327e-03 1.521103212590566543e-02 1.035710832484861878e-02
1.555104829913665071e+03 -2.360645330098085651e+03 1.123368712749672511e+02 0.000000000000000000e+00 0.000000000000000000e+00 1.444607573311884607e-02 7.668021929041348751e-03 1.523535663513700053e-02 1.036165148877939320e-02
1.563767550334164525e+03 -2.359695366241246575e+03 1.126341460934957439e+02 0.000000000000000000e+00 0.000000000000000000e+00 1.540420928402852496e-02 7.677362109448345427e-03 1.523352119127873057e-02 1.036067797851318584e-02
1.563779926405151855e+03 -2.359662043983542844e+03 1.126328770254719700e+02 0.000000000000000000e+00 0.000000000000000000e+00 1.231000230241363624e-02 7.677329723022312258e-03 1.523347762421514533e-02 1.036065993141534712e-02
1.595232399547976911e+03 -2.613508627752311895e+03 1.281262556619106476e+02 0.000000000000000000e+00 0.000000000000000000e+00 8.758952759308158420e-03 8.082772868697813556e-03 1.560803803908817310e-02 1.052851315020376932e-02
1.595254584470138070e+03 -2.613499196355825916e+03 1.281266143184395219e+02 0.000000000000000000e+00 0.000000000000000000e+00 1.572475896040259613e-03 8.082781619230783657e-03 1.560803557277016911e-02 1.052851691084468605e-02
1.595234180097291301e+03 -2.613474869034698713e+03 1.281243387540798722e+02 0.000000000000000000e+00 0.000000000000000000e+00 1.002293446646262964e-03 8.082720961964426354e-03 1.560800090106644576e-02 1.052850221433979279e-02
1.168942027696527475e+03 -2.620673693744978664e+03 1.133775312542613989e+02 0.000000000000000000e+00 0.000000000000000000e+00 -1.919641327936005837e-02 7.642141067096218203e-03 1.563580283310634853e-02 1.054686660505253434e-02
1.168886698442877332e+03 -2.620757108159873951e+03 1.133807839765184582e+02 0.000000000000000000e+00 0.000000000000000000e+00 -2.352067254261669405e-02 7.642222274669581081e-03 1.563593717040527228e-02 1.054692939750077017e-02
1.168928896232704574e+03 -2.620787081060638229e+03 1.133838142745732966e+02 0.000000000000000000e+00 0.000000000000000000e+00 -1.507580317009171722e-02 7.642314803299460682e-03 1.563596550193187620e-02 1.054693486309864377e-02
1.372029480444793080e+03 -2.786528439791894925e+03 1.301134409010559807e+02 0.000000000000000000e+00 0.000000000000000000e+00 7.656445109944343130e-03 8.110585456425980361e-03 1.587966529076845212e-02 1.064928952505834157e-02
1.371971455784686668e+03 -2.786437154587395071e+03 1.301056458765814909e+02 0.000000000000000000e+00 0.000000000000000000e+00 7.766960931661515133e-03 8.110377760672750694e-03 1.587952749695850652e-02 1.064923101768551657e-02
1.372019283649583258e+03 -2.786345178659079011e+03 1.301015563093839091e+02 0.000000000000000000e+00 0.000000000000000000e+00 5.120374603137634040e-03 8.110274427593657312e-03 1.587938974382756621e-02 1.064917328471889912e-02
1.178230146546893820e+03 -3.019354101004561471e+03 1.389993095445856852e+02 0.000000000000000000e+00 0.000000000000000000e+00 -1.403804016155163481e-02 8.326861595205455741e-03 1.624562777010456899e-02 1.080623273967914501e-02
1.178217785539444094e+03 -3.019233836758483903e+03 1.389907207313825950e+02 0.000000000000000000e+00 0.000000000000000000e+00 -7.508452704342971629e-03 8.326642526721862725e-03 1.624542883209389305e-02 1.080614514643421682e-02
1.178238959050166841e+03 -3.019383808153813789e+03 1.390016065740884699e+02 0.000000000000000000e+00 0.000000000000000000e+00 -1.190869276101125251e-02 8.326922696182816747e-03 1.624567035580764748e-02 1.080624862602269816e-02
1.574582694257565436e+03 -3.016087860571441979e+03 1.529271333161155155e+02 0.000000000000000000e+00 0.000000000000000000e+00 3.030316670714228167e-02 8.697679828410954245e-03 1.622866008223181056e-02 1.079562846411773885e-02
1.574612299096594143e+03 -3.016120432672671541e+03 1.529305783170935626e+02 0.000000000000000000e+00 0.000000000000000000e+00 2.992550245971870027e-02 8.697764800430609136e-03 1.622871091432596946e-02 1.079564995835423369e-02
1.574616573840200317e+03 -3.016078201081889347e+03 1.529278601342989248e+02 0.000000000000000000e+00 0.000000000000000000e+00 3.226275429224756408e-02 8.697700217761866748e-03 1.622864037287490013e-02 1.079561855631843044e-02
2.275453230509602690e+03 -2.286585744407755556e+03 1.442564164482660942e+02 0.000000000000000000e+00 0.000000000000000000e+00 -9.646742786571849138e-03 8.584729592818626798e-03 1.508148517539442332e-02 1.028299379151293921e-02
2.275440460650174373e+03 -2.286628897753067577e+03 1.442578893446380448e+02 0.000000000000000000e+00 0.000000000000000000e+00 -1.696566415105849046e-02 8.584756687439947659e-03 1.508156259447730047e-02 1.028303500793218556e-02
2.275421208787070555e+03 -2.286698763749001955e+03 1.442603587860047867e+02 0.000000000000000000e+00 0.000000000000000000e+00 -1.500731501957375258e-02 8.584806251104548994e-03 1.508166284428513922e-02 1.028308149423122139e-02
1.900976387201492116e+03 -2.303039594978779405e+03 1.247479624911590577e+02 0.000000000000000000e+00 0.000000000000000000e+00 -9.547194244248657924e-03 8.048504925054517090e-03 1.513153394568029358e-02 1.030917416545489886e-02
1.900676720292139180e+03 -2.303039133196356488e+03 1.247331783153140350e+02 0.000000000000000000e+00 0.000000000000000000e+00 -1.341278974945225855e-02 8.048081021431365695e-03 1.513155939202021245e-02 1.030919169021270176e-02
1.900699514112359793e+03 -2.303046168570235295e+03 1.247346660794772220e+02 0.000000000000000000e+00 0.000000000000000000e+00 -2.541238747511442853e-03 8.048125472748334994e-03 1.513154839529459901e-02 1.030917942073360238e-02
2.070801682473983874e+03 -2.123077331072898232e+03 1.245250507894784278e+02 0.000000000000000000e+00 0.000000000000000000e+00 -5.801220506100435159e-03 8.085008076201345012e-03 1.486048835858389330e-02 1.017880909011377628e-02
2.070802322899246064e+03 -2.123149177447385682e+03 1.245285203726021166e+02 0.000000000000000000e+00 0.000000000000000000e+00 -1.271346697677699922e-02 8.085087205603557967e-03 1.486060349633107867e-02 1.017886865449257189e-02
2.070844691006611356e+03 -2.123126236268953562e+03 1.245297024346650119e+02 0.000000000000000000e+00 0.000000000000000000e+00 9.336102301318760510e-03 8.085132333686052830e-03 1.486052690590294358e-02 1.017881826396723789e-02
2.276403650319718508e+03 -1.969236268453061030e+03 1.290695550520492532e+02 0.000000000000000000e+00 0.000000000000000000e+00 1.912832078417636694e-02 8.253483702814182546e-03 1.462657664364674752e-02 1.006179319237128326e-02
2.276377108852094807e+03 -1.969318687981972062e+03 1.290716330781359886e+02 0.000000000000000000e+00 0.000000000000000000e+00 1.533443537908851795e-03 8.253515879410878650e-03 1.462672720049234404e-02 1.006187803139955116e-02
2.276445997382818859e+03 -1.969352533568303443e+03 1.290772245949234502e+02 0.000000000000000000e+00 0.000000000000000000e+00 -5.510667708477967608e-03 8.253661254238681133e-03 1.462678181914536628e-02 1.006190825320451253e-02
1.889310475467385913e+03 -1.946770525992167677e+03 1.071543565598140049e+02 0.000000000000000000e+00 0.000000000000000000e+00 1.356946620531118697e-02 7.615123476274709459e-03 1.462642756949476472e-02 1.006757962714607477e-02
1.889375903753477132e+03 -1.946871857830732552e+03 1.071619747537698544e+02 0.000000000000000000e+00 0.000000000000000000e+00 1.287750049849023526e-02 7.615331365495961978e-03 1.462656407791814925e-02 1.006764597962632457e-02
1.889404055240511525e+03 -1.946808308620742082e+03 1.071605725086770207e+02 0.000000000000000000e+00 0.000000000000000000e+00 7.639599736208424474e-03 7.615304573492209274e-03 1.462648400833509513e-02 1.006760904018992944e-02
2.258586387468121757e+03 -1.656248056853128446e+03 1.152749241605068988e+02 0.000000000000000000e+00 0.000000000000000000e+00 -3.866972291604042766e-03 7.947750587099117539e-03 1.420092635963022057e-02 9.844795840219475527e-03
2.258550099032651360e+03 -1.656416488615254366e+03 1.152790389776968425e+02 0.000000000000000000e+00 0.000000000000000000e+00 -7.469830853210623900e-03 7.947820525493845892e-03 1.420116070177592643e-02 9.844920955890148345e-03
2.259453718997593114e+03 -1.656278888406015994e+03 1.153270791904529347e+02 0.000000000000000000e+00 0.000000000000000000e+00 -1.502257255845051986e-02 7.949286702520440978e-03 1.420090500873939440e-02 9.844773159733212139e-03
1.880990172723129263e+03 -1.644174671673730245e+03 9.457888767504962857e+01 0.000000000000000000e+00 0.000000000000000000e+00 1.091302776463010105e-02 7.303651826634867741e-03 1.421908801970420480e-02 9.862385019609242603e-03
1.881032793908902931e+03 -1.644069011336740459e+03 9.457706946623949307e+01 0.000000000000000000e+00 0.000000000000000000e+00 9.440070089581809043e-03 7.303625300141010357e-03 1.421894852845540132e-02 9.862312606421511779e-03
1.881035988074744637e+03 -1.644061202375050016e+03 9.457693724468796859e+01 0.000000000000000000e+00 0.000000000000000000e+00 4.230134475832869612e-03 7.303622498766557634e-03 1.421894811791311886e-02 9.862314911485458788e-03
2.066535586637736742e+03 -1.410227009704495458e+03 9.606058778626304218e+01 0.000000000000000000e+00 0.000000000000000000e+00 2.542660873973545677e-02 7.428403528417605768e-03 1.390076362581481491e-02 9.689239758949023951e-03
2.066655787482565756e+03 -1.410322999383682145e+03 9.607004061143570084e+01 0.000000000000000000e+00 0.000000000000000000e+00 4.641680464007436058e-02 7.428682600734836695e-03 1.390083141166977357e-02 9.689264487214351712e-03
2.066655935661410240e+03 -1.410231587492308336e+03 9.606717319008012623e+01 0.000000000000000000e+00 0.000000000000000000e+00 3.335002085621852075e-02 7.428617650332337667e-03 1.390074185110555874e-02 9.689221485098438447e-03
2.276535658372654780e+03 -1.257738104190526656e+03 1.033760277953849283e+02 0.000000000000000000e+00 0.000000000000000000e+00 5.098992932857981941e-03 7.711411607684443177e-03 1.368862425635559120e-02 9.566665365856095657e-03
2.276400206857591911e+03 -1.257717319165787330e+03 1.033674147511533477e+02 0.000000000000000000e+00 0.000000000000000000e+00 1.307880812478856569e-02 7.711149250363989564e-03 1.368859790056553213e-02 9.566651098850124935e-03
2.276434088823944421e+03 -1.257535581470359375e+03 1.033643463282957242e+02 0.000000000000000000e+00 0.000000000000000000e+00 1.636177053055121178e-02 7.711111676649010788e-03 1.368836394396895709e-02 9.566517458680675115e-03
1.922275491773240446e+03 -1.240248655691752901e+03 8.360204459448158332e+01 0.000000000000000000e+00 0.000000000000000000e+00 1.381809039510528692e-02 7.064649401763913907e-03 1.370468918563435591e-02 9.585245853831475191e-03
1.922060047169410154e+03 -1.240177215986329429e+03 8.358938032635759896e+01 0.000000000000000000e+00 0.000000000000000000e+00 1.516332852945367904e-02 7.064231540628040408e-03 1.370462124978733508e-02 9.585213383121076944e-03
1.922085810255916385e+03 -1.240132285457427315e+03 8.358941863563791230e+01 0.000000000000000000e+00 0.000000000000000000e+00 1.395387098044409413e-02 7.064247966352758291e-03 1.370456662378387314e-02 9.585182660839056470e-03
2.270699390639368630e+03 -9.289279241983762176e+02 9.508417417424507789e+01 0.000000000000000000e+00 0.000000000000000000e+00 -9.692705741585427859e-03 7.550759870382800325e-03 1.329957325475949158e-02 9.341216213263243279e-03
2.270710247731413801e+03 -9.290372523071894193e+02 9.508704631012720654e+01 0.000000000000000000e+00 0.000000000000000000e+00 -4.879817618842707816e-03 7.550819589023159521e-03 1.329968653530645348e-02 9.341282423573097835e-03
2.270710346363531244e+03 -9.290349132277126500e+02 9.508700446118491811e+01 0.000000000000000000e+00 0.000000000000000000e+00 -5.407012652028697630e-03 7.550818956694058982e-03 1.329968494292270258e-02 9.341281614519303389e-03
1.885442672641542913e+03 -9.411940104641473681e+02 7.454941191752885743e+01 0.000000000000000000e+00 0.000000000000000000e+00 -2.067167794859869900e-02 6.841634715493205565e-03 1.335828991738038235e-02 9.387175608801170273e-03
1.885415984078421161e+03 -9.411932354125983693e+02 7.454809544577958036e+01 0.000000000000000000e+00 0.000000000000000000e+00 -2.077768190414985838e-02 6.841586881511673747e-03 1.335829215595368477e-02 9.387177717584509196e-03
1.885407899494411367e+03 -9.410375046910872925e+02 7.454445908062935189e+01 0.000000000000000000e+00 0.000000000000000000e+00 -3.955772767945120449e-02 6.841505342273236992e-03 1.335815606488978922e-02 9.387102800878012812e-03
2.089053087881755800e+03 -7.073306077590735867e+02 8.080633721995603480e+01 0.000000000000000000e+00 0.000000000000000000e+00 9.114947262062855771e-03 7.137247209811435796e-03 1.307777764425084761e-02 9.210545919143409491e-03
2.089002214645557615e+03 -7.071613407784748233e+02 8.080096935785547885e+01 0.000000000000000000e+00 0.000000000000000000e+00 1.453591511733520747e-03 7.137109871856234765e-03 1.307761963887849391e-02 9.210449899860325904e-03
2.089296685975251421e+03 -7.069889694954516699e+02 8.081432682762199704e+01 0.000000000000000000e+00 0.000000000000000000e+00 -5.145450655419381292e-03 7.137625095700640861e-03 1.307741296284621428e-02 9.210313812657940427e-03
2.288422672521315235e+03 -5.484653445632426383e+02 9.005700627064199182e+01 0.000000000000000000e+00 0.000000000000000000e+00 -1.262808264874593078e-02 7.492953190393438975e-03 1.288552973447863390e-02 9.082517269642034416e-03
2.288443796035640844e+03 -5.485234295063798982e+02 9.005894494891106206e+01 0.000000000000000000e+00 0.000000000000000000e+00 -1.690359158709497933e-02 7.493002879460856913e-03 1.288559530241510827e-02 9.082560028041510025e-03
2.288459061112887866e+03 -5.484737949556700869e+02 9.005928549931942939e+01 0.000000000000000000e+00 0.000000000000000000e+00 -1.124031051409701831e-02 7.493025877154509129e-03 1.288553038272008747e-02 9.082516553667456180e-03
1.886108738664979455e+03 -5.390076252732736748e+02 6.805297327418469422e+01 0.000000000000000000e+00 0.000000000000000000e+00 -3.573505842869906246e-02 6.725333722548830669e-03 1.292855719666615583e-02 9.120339020197643781e-03
1.886047465822176946e+03 -5.388309356200030606e+02 6.804792034632365016e+01 0.000000000000000000e+00 0.000000000000000000e+00 -2.996185845277921089e-02 6.725193831844795272e-03 1.292837463643490940e-02 9.120220507745491548e-03
1.886046704741557960e+03 -5.387225182069827270e+02 6.804662307939246091e+01 0.000000000000000000e+00 0.000000000000000000e+00 -2.993299270875127149e-02 6.725175787575100525e-03 1.292826560234365714e-02 9.120149393895627191e-03
2.291702127103888415e+03 -2.139887223371819402e+02 8.768997983361008153e+01 0.000000000000000000e+00 0.000000000000000000e+00 4.979955121257262363e-03 7.486949626507884321e-03 1.256118258768959377e-02 8.862814155022024840e-03
2.291689726948706266e+03 -2.141552125784857594e+02 8.768985482129436093e+01 0.000000000000000000e+00 0.000000000000000000e+00 1.918683548680633066e-03 7.486916643150764127e-03 1.256134286416327704e-02 8.862927625438379517e-03
2.291630023070709285e+03 -2.141014800076030156e+02 8.768605262331712424e+01 0.000000000000000000e+00 0.000000000000000000e+00 4.549228829205276270e-03 7.486800756895979105e-03 1.256129720109949548e-02 8.862896286885446270e-03
1.872851453025534283e+03 -2.340112235454011795e+02 6.493178785111736318e+01 0.000000000000000000e+00 0.000000000000000000e+00 -2.473352605824175043e-02 6.685563214592010230e-03 1.263871720591914528e-02 8.923681918073626818e-03
1.872872557645084044e+03 -2.338594266575834979e+02 6.493212339662308352e+01 0.000000000000000000e+00 0.000000000000000000e+00 -2.804591912936871267e-02 6.685610275716008001e-03 1.263858437167836475e-02 8.923587369830286373e-03
1.872900742242557499e+03 -2.338543847734209180e+02 6.493347589318759105e+01 0.000000000000000000e+00 0.000000000000000000e+00 -2.570032718635673064e-02 6.685661715528646611e-03 1.263857098520669055e-02 8.923577521938530835e-03
2.092208167545218657e+03 1.906739081357553900e+01 7.593371099891901110e+01 0.000000000000000000e+00 0.000000000000000000e+00 -2.925742843119394365e-02 7.127256918231703563e-03 1.238929473784829496e-02 8.738771872955601247e-03
2.091985101645846953e+03 1.900588006988123979e+01 7.592134041552162671e+01 0.000000000000000000e+00 0.000000000000000000e+00 -2.497683432642361367e-02 7.126819818522265107e-03 1.238936928179115021e-02 8.738829481879165084e-03
2.091984387297985904e+03 1.903176719911643744e+01 7.592134188934323902e+01 0.000000000000000000e+00 0.000000000000000000e+00 -2.507410306853330439e-02 7.126823446396575099e-03 1.238934833391882803e-02 8.738813520142128810e-03
2.288856849258946113e+03 1.606485464672439605e+02 8.778207110623722542e+01 0.000000000000000000e+00 0.000000000000000000e+00 -1.084177639000927229e-02 7.537475912173408933e-03 1.224536916904199642e-02 8.627749395351977379e-03
2.288839159229775305e+03 1.606448695104953117e+02 8.778097934381185041e+01 0.000000000000000000e+00 0.000000000000000000e+00 -1.853713417391134044e-02 7.537442454891401557e-03 1.224539200579029090e-02 8.627765718064282427e-03
2.288915024168303262e+03 1.606470944020781531e+02 8.778559135940035674e+01 0.000000000000000000e+00 0.000000000000000000e+00 1.726977377501270894e-03 7.537585940628381900e-03 1.224533286397076239e-02 8.627723717714055190e-03
1.884622681588989280e+03 1.692032804193961226e+02 6.557504444460872151e+01 0.000000000000000000e+00 0.000000000000000000e+00 -4.741582854421722004e-03 6.779538566837968808e-03 1.230115453688808771e-02 8.668511114757415648e-03
1.884683451040699310e+03 1.693859504504683855e+02 6.557895400097217475e+01 0.000000000000000000e+00 0.000000000000000000e+00 3.795991334115456084e-03 6.779701014994711158e-03 1.230098790231369706e-02 8.668378910776017993e-03
1.884714973092430000e+03 1.694988111521809628e+02 6.558107178969335394e+01 0.000000000000000000e+00 0.000000000000000000e+00 -5.279866041107084129e-03 6.779794746031656168e-03 1.230091783187425673e-02 8.668320078495928699e-03
2.277472603407601127e+03 4.700866587117151312e+02 8.985094724938670652e+01 0.000000000000000000e+00 0.000000000000000000e+00 1.228714531748664740e-02 7.612803598587490790e-03 1.202585493422792147e-02 8.444906962315378712e-03
2.277487207129101080e+03 4.698921152778551686e+02 8.984936742629784590e+01 0.000000000000000000e+00 0.000000000000000000e+00 1.213578888261679367e-02 7.612756614261776897e-03 1.202598008936235294e-02 8.445017997916439562e-03
2.277530361521717168e+03 4.697621965102180184e+02 8.985034106654524066e+01 0.000000000000000000e+00 0.000000000000000000e+00 1.707792064176771873e-02 7.612786900099715107e-03 1.202604655624431654e-02 8.445080529055038268e-03
1.911861184633447238e+03 4.720486725368982661e+02 6.953743963955669471e+01 0.000000000000000000e+00 0.000000000000000000e+00 -1.434900427243235299e-02 6.945633794315579992e-03 1.208437519985812274e-02 8.482740800193948327e-03
1.910652270331421278e+03 4.719643492662871722e+02 6.947528719478597736e+01 0.000000000000000000e+00 0.000000000000000000e+00 -6.499654434279023008e-03 6.943472934653820497e-03 1.208459888364620850e-02 8.482898610130453973e-03
1.910357508980540160e+03 4.721276306264312552e+02 6.946239255270859303e+01 0.000000000000000000e+00 0.000000000000000000e+00 -3.947767091290188546e-03 6.943032273040711591e-03 1.208453359023616350e-02 8.482827385185990818e-03
2.080250761056836836e+03 7.154344706392679427e+02 8.220593535226100812e+01 0.000000000000000000e+00 0.000000000000000000e+00 -2.184282241618973330e-02 7.365268138873906634e-03 1.191177284138506508e-02 8.326135259727170460e-03
2.080336369015619766e+03 7.155296618562273352e+02 8.221244829311959279e+01 0.000000000000000000e+00 0.000000000000000000e+00 -1.476739933957560424e-02 7.365467389966694894e-03 1.191168992301461053e-02 8.326062973168962475e-03
2.080311359168729723e+03 7.155667242777581123e+02 8.221174347347488265e+01 0.000000000000000000e+00 0.000000000000000000e+00 -2.579084724229119274e-02 7.365448059671770263e-03 1.191169891233100075e-02 8.326061677381466075e-03
2.274840361067503181e+03 8.833013587455012612e+02 9.704423277068559628e+01 0.000000000000000000e+00 0.000000000000000000e+00 -1.071000270924571396e-02 7.801733897487362138e-03 1.179087498091549793e-02 8.216949650810169078e-03
2.274895293833826599e+03 8.833768717397326782e+02 9.704933212496531780e+01 0.000000000000000000e+00 0.000000000000000000e+00 -8.415627820951954163e-03 7.801872255681566691e-03 1.179082322892495947e-02 8.216901492520975805e-03
2.274897902926674760e+03 8.833587928245422063e+02 9.704907678903921919e+01 0.000000000000000000e+00 0.000000000000000000e+00 -1.372274387659899730e-02 7.801869234973958164e-03 1.179084365095448700e-02 8.216918957556005113e-03
1.906827720859503188e+03 8.893055513775367444e+02 7.653628962366192923e+01 0.000000000000000000e+00 0.000000000000000000e+00 -1.043470819287506401e-02 7.177390458467935996e-03 1.185163650619936414e-02 8.244605730383165743e-03
1.906793739266538068e+03 8.894762508767239524e+02 7.653840981020236711e+01 0.000000000000000000e+00 0.000000000000000000e+00 -1.056999435178340718e-02 7.177450886293692232e-03 1.185156153268553808e-02 8.244514499982025929e-03
1.906788732052507385e+03 8.894928433782856700e+02 7.653852908036191138e+01 0.000000000000000000e+00 0.000000000000000000e+00 9.697722902828331826e-03 7.177444289647650320e-03 1.185150797197950974e-02 8.244474448441512990e-03
2.284485593314587732e+03 1.193008739563692416e+03 1.059748792030304259e+02 0.000000000000000000e+00 0.000000000000000000e+00 -3.220462187000805443e-02 8.005481093917771185e-03 1.165993584928608391e-02 8.060467984346893905e-03
2.284583214890648833e+03 1.192893866907128313e+03 1.059773879058907085e+02 0.000000000000000000e+00 0.000000000000000000e+00 1.388314596852069371e-03 8.005551837787715577e-03 1.165988037436960223e-02 8.060465644792210241e-03
2.284518154593276449e+03 1.192874927517260176e+03 1.059727651774111763e+02 0.000000000000000000e+00 0.000000000000000000e+00 -8.338736996748252750e-03 8.005435604630687513e-03 1.165992159929921460e-02 8.060493638093683966e-03
1.902149173091536341e+03 1.192225403855555896e+03 8.429269306643161030e+01 0.000000000000000000e+00 0.000000000000000000e+00 -1.320298290603716396e-02 7.395800287113381798e-03 1.172834892585743367e-02 8.082806144557426464e-03
1.902209609509264283e+03 1.192466613363571241e+03 8.430309086400309582e+01 0.000000000000000000e+00 0.000000000000000000e+00 -2.431834198731053220e-03 7.396081087085459166e-03 1.172823065683063597e-02 8.082661254039471416e-03
1.902151861304149861e+03 1.192597092592399122e+03 8.430407842417318420e+01 0.000000000000000000e+00 0.000000000000000000e+00 -1.553052437643032135e-02 7.396107055736421410e-03 1.172822572459603953e-02 8.082616770240464224e-03
2.084378823104641924e+03 1.421771538144008900e+03 1.017960239900870647e+02 0.000000000000000000e+00 0.000000000000000000e+00 1.303931919953527085e-02 7.857222966714937779e-03 1.162839369857891422e-02 7.961062967726627651e-03
2.084398684620921358e+03 1.421823861902495764e+03 1.017990624038085912e+02 0.000000000000000000e+00 0.000000000000000000e+00 1.236964430459863706e-02 7.857295969109759706e-03 1.162837874042309608e-02 7.961038710560379775e-03
2.085261757941777432e+03 1.422075578801948268e+03 1.018572643351785416e+02 0.000000000000000000e+00 0.000000000000000000e+00 1.023393035845288068e-02 7.858792586404952235e-03 1.162816554329004250e-02 7.960896088268845650e-03
2.246453056543287403e+03 1.597278990935753200e+03 1.182386987716440956e+02 0.000000000000000000e+00 0.000000000000000000e+00 1.037206758981312760e-02 8.241169343893326588e-03 1.156177156561858516e-02 7.879032675171341801e-03
2.246451362148749467e+03 1.597270424046474773e+03 1.182382389251907853e+02 0.000000000000000000e+00 0.000000000000000000e+00 1.168566584344432613e-02 8.241159119517964607e-03 1.156177031170469056e-02 7.879034350356273544e-03
2.246483085606415898e+03 1.597204126721934472e+03 1.182374474400988618e+02 0.000000000000000000e+00 0.000000000000000000e+00 6.979777945375076342e-03 8.241155539312407241e-03 1.156178644249533996e-02 7.879069283820866812e-03
1.937550842262731976e+03 1.619998516090397516e+03 1.014740030725633346e+02 0.000000000000000000e+00 0.000000000000000000e+00 -9.881779813312618899e-03 7.825711751384183124e-03 1.161452039544978894e-02 7.871183953240729753e-03
1.937848830337498839e+03 1.619785547473786664e+03 1.014809424174113133e+02 0.000000000000000000e+00 0.000000000000000000e+00 -1.140746533796743734e-02 7.825906965420631120e-03 1.161450513258940366e-02 7.871283430050510579e-03
1.938028115029894025e+03 1.619848266161444144e+03 1.014930418844982825e+02 0.000000000000000000e+00 0.000000000000000000e+00 -1.551190431025872840e-02 7.826209537208986267e-03 1.161447316417760396e-02 7.871259411295230754e-03
2.287218310367733466e+03 1.899782502612140433e+03 1.345832806428542199e+02 0.000000000000000000e+00 0.000000000000000000e+00 7.367784122209286579e-03 8.554144713820186624e-03 1.152305529657960195e-02 7.759108808697220104e-03
2.287316543055344482e+03 1.899824124271846358e+03 1.345915897781035824e+02 0.000000000000000000e+00 0.000000000000000000e+00 1.438751949925176632e-02 8.554308885606974958e-03 1.152301887074285228e-02 7.759087041498673870e-03
2.287308582191836194e+03 1.899761344339135121e+03 1.345879605163341068e+02 0.000000000000000000e+00 0.000000000000000000e+00 4.174496004878847089e-03 8.554249943643711662e-03 1.152304603042456424e-02 7.759125120189817697e-03
1.909182264756894028e+03 1.907669631545379616e+03 1.130258703904537754e+02 0.000000000000000000e+00 0.000000000000000000e+00 -1.252466812817942809e-02 8.082185622885566453e-03 1.159244343644066227e-02 7.741517163633309870e-03
1.909183831350458377e+03 1.907727350132083302e+03 1.130287949793589917e+02 0.000000000000000000e+00 0.000000000000000000e+00 -1.045723446860336026e-02 8.082247844344837839e-03 1.159243664512307412e-02 7.741489074047097282e-03
1.909238882867231496e+03 1.907769674031366321e+03 1.130337775151051289e+02 0.000000000000000000e+00 0.000000000000000000e+00 -8.360887720272103252e-03 8.082356975308787467e-03 1.159242082719874785e-02 7.741469489087917689e-03
2.098948253156326246e+03 2.151331332234115507e+03 1.364346419029494371e+02 0.000000000000000000e+00 0.000000000000000000e+00 1.841149208587467001e-03 8.563070333826441199e-03 1.156394839835789279e-02 7.653925647397300490e-03
2.099027563146607008e+03 2.151074935337795068e+03 1.364248403478183889e+02 0.000000000000000000e+00 0.000000000000000000e+00 3.465792218207752740e-03 8.562889081151818516e-03 1.156391019576148531e-02 7.654025266315806278e-03
2.099042445673087968e+03 2.151094067291764986e+03 1.364267898118055484e+02 0.000000000000000000e+00 0.000000000000000000e+00 8.311516460594248201e-03 8.562922577564533247e-03 1.156389785947762802e-02 7.654012329470870693e-03
2.277900448107543070e+03 2.298285088047673526e+03 1.560205001581578586e+02 0.000000000000000000e+00 0.000000000000000000e+00 2.633932383443493563e-02 8.919250149496278299e-03 1.154667594218956178e-02 7.621008699061161684e-03
2.277819186671252282e+03 2.298457341149966851e+03 1.560257788308217926e+02 0.000000000000000000e+00 0.000000000000000000e+00 2.146496092117899934e-02 8.919335525360828215e-03 1.154672721283637148e-02 7.620951208342648629e-03
2.277846315809327280e+03 2.298384593374335964e+03 1.560230884941413763e+02 0.000000000000000000e+00 0.000000000000000000e+00 2.744537748623088191e-02 8.919288149455022185e-03 1.154669801486826394e-02 7.620969067018808912e-03
1.884889806377660761e+03 2.309454304006143047e+03 1.337553588289694346e+02 0.000000000000000000e+00 0.000000000000000000e+00 -3.429937474550115439e-03 8.515324618036517260e-03 1.162015114943867021e-02 7.573833174286048568e-03
1.884715353383051934e+03 2.309508538373486317e+03 1.337494422440624930e+02 0.000000000000000000e+00 0.000000000000000000e+00 -5.703493764164591084e-02 8.515263859376606681e-03 1.162031183847500766e-02 7.573871813717047118e-03
1.884806483782046826e+03 2.309559733899516687e+03 1.337573348676804699e+02 0.000000000000000000e+00 0.000000000000000000e+00 -3.761936201681237435e-02 8.515399142096298155e-03 1.162025912763236558e-02 7.573832807901003869e-03
2.971734443735239893e+03 -1.579133508408001262e+03 1.615740798620582837e+02 0.000000000000000000e+00 0.000000000000000000e+00 1.622778621899101381e-02 9.216270661877686704e-03 1.401945133216324010e-02 9.737044710662284483e-03
2.971727252986861913e+03 -1.579144196182998940e+03 1.615738897642476672e+02 0.000000000000000000e+00 0.000000000000000000e+00 1.755618217859478136e-02 9.216262688393534255e-03 1.401946399192888909e-02 9.737051216404082193e-03
2.971723741450658508e+03 -1.579121092032191655e+03 1.615727936908486413e+02 0.000000000000000000e+00 0.000000000000000000e+00 2.317143050839831631e-02 9.216243088652025656e-03 1.401942275486133850e-02 9.737026352841942484e-03
2.590326243734580657e+03 -1.584718957259367016e+03 1.337184102122835441e+02 0.000000000000000000e+00 0.000000000000000000e+00 2.239671880204241461e-03 8.494154172161798994e-03 1.407163036383601504e-02 9.770239499933101868e-03
2.590203749797306955e+03 -1.584633399341137419e+03 1.337070343873185720e+02 0.000000000000000000e+00 0.000000000000000000e+00 -5.764090764301954550e-03 8.493869368519282176e-03 1.407154599595507316e-02 9.770199533757545352e-03
2.590321635395384419e+03 -1.584524248698462543e+03 1.337111867988094218e+02 0.000000000000000000e+00 0.000000000000000000e+00 4.928277433489824944e-02 8.494020241696476764e-03 1.407128227795414500e-02 9.770031910965405741e-03
2.785715970144551648e+03 -1.419621606223552590e+03 1.420211777409845979e+02 0.000000000000000000e+00 0.000000000000000000e+00 -5.627383885354220183e-03 8.768414966235101027e-03 1.383269073889618547e-02 9.635952505823391565e-03
2.785801195960211317e+03 -1.419557675813020751e+03 1.420254321943167213e+02 0.000000000000000000e+00 0.000000000000000000e+00 1.518165565141771367e-02 8.768547731806811130e-03 1.383255698527364325e-02 9.635868465300663141e-03
2.785770738821157011e+03 -1.419432714149075764e+03 1.420192340993482674e+02 0.000000000000000000e+00 0.000000000000000000e+00 -3.071613484291901841e-02 8.768422347564664224e-03 1.383248880098036059e-02 9.635848157349592366e-03
2.980669565728353973e+03 -1.268256007265325934e+03 1.524115182710377496e+02 0.000000000000000000e+00 0.000000000000000000e+00 1.748119307688966728e-02 9.084999047659273949e-03 1.361388562116572741e-02 9.508052440872660771e-03
2.980553233310906762e+03 -1.268637052163392582e+03 1.524129908935003925e+02 0.000000000000000000e+00 0.000000000000000000e+00 3.786418858192064363e-02 9.084916909190854720e-03 1.361434216092939457e-02 9.508312334247788836e-03
2.980600720240299779e+03 -1.268651343263168428e+03 1.524171595638314614e+02 0.000000000000000000e+00 0.000000000000000000e+00 5.395733266038860165e-02 9.085017998661494565e-03 1.361432196202771484e-02 9.508294603828676764e-03
2.588727715762693151e+03 -1.257533770173649827e+03 1.232425016068434189e+02 0.000000000000000000e+00 0.000000000000000000e+00 -1.178709408719669227e-03 8.304117408287856397e-03 1.365163438027613800e-02 9.537940461746793538e-03
2.588791658891376755e+03 -1.257483602485887559e+03 1.232454535226035119e+02 0.000000000000000000e+00 0.000000000000000000e+00 -2.615150407891064788e-03 8.304217228844225709e-03 1.365156701086821418e-02 9.537901118969478037e-03
2.588748587250478067e+03 -1.257499842098628051e+03 1.232429756540927883e+02 0.000000000000000000e+00 0.000000000000000000e+00 1.159193569094441045e-03 8.304141567142823283e-03 1.365158500455684008e-02 9.537911039929895807e-03
2.995928176653595528e+03 -9.430936351506067012e+02 1.457438609621970329e+02 0.000000000000000000e+00 0.000000000000000000e+00 2.627680105825902501e-02 9.011523012727956292e-03 1.321570092448888685e-02 9.270688109899824503e-03
2.995930998168803399e+03 -9.431338397150369701e+02 1.457449064004221952e+02 0.000000000000000000e+00 0.000000000000000000e+00 2.852017675439810773e-02 9.011538575013784344e-03 1.321574308196894060e-02 9.270713312786327959e-03
2.995886833010838473e+03 -9.431606375317359152e+02 1.457419253782749138e+02 0.000000000000000000e+00 0.000000000000000000e+00 2.546484601782594837e-02 9.011453447530988828e-03 1.321578742030299521e-02 9.270742285807596558e-03
2.593445404275376859e+03 -9.491175502300524158e+02 1.160689186681964884e+02 0.000000000000000000e+00 0.000000000000000000e+00 2.870007273382668700e-02 8.190805989713008384e-03 1.328069995639104446e-02 9.320750924643479013e-03
2.593695657829474840e+03 -9.488790785721014345e+02 1.160810641357184778e+02 0.000000000000000000e+00 0.000000000000000000e+00 2.286795009233344445e-02 8.191232207955182268e-03 1.328040183307511654e-02 9.320566025868413929e-03
2.593685042201418582e+03 -9.488431143103499608e+02 1.160795945856877154e+02 0.000000000000000000e+00 0.000000000000000000e+00 1.245125962351778526e-02 8.191200104667395454e-03 1.328038293198274128e-02 9.320557752267829774e-03
2.762297338848936761e+03 -6.992948537626974712e+02 1.235772787435336255e+02 0.000000000000000000e+00 0.000000000000000000e+00 -2.947326138354355862e-03 8.475757807223479462e-03 1.297561319835941959e-02 9.127411719925513506e-03
2.762357541779590974e+03 -6.991708496590995310e+02 1.235798551154104103e+02 0.000000000000000000e+00 0.000000000000000000e+00 1.141406031379688102e-02 8.475860905341255080e-03 1.297543901928062578e-02 9.127296779286061049e-03
2.762419476296692665e+03 -6.991039302183394284e+02 1.235834019022190375e+02 0.000000000000000000e+00 0.000000000000000000e+00 1.665212139255345392e-02 8.475977799111468827e-03 1.297534574459857475e-02 9.127234858405591095e-03
2.968922454351477882e+03 -5.488457141202710545e+02 1.373917745206192080e+02 0.000000000000000000e+00 0.000000000000000000e+00 -3.186321411533299397e-03 8.891547443653610022e-03 1.278147686573903076e-02 8.996430159738066229e-03
2.968902235434350132e+03 -5.487964162820608180e+02 1.373896253355495105e+02 0.000000000000000000e+00 0.000000000000000000e+00 -9.257284483283001464e-03 8.891501338781786917e-03 1.278144122800378354e-02 8.996408137838158431e-03
2.968893931414404506e+03 -5.487827663669822869e+02 1.373888156199421076e+02 0.000000000000000000e+00 0.000000000000000000e+00 -1.774105661601765860e-02 8.891483619870165986e-03 1.278144609414114986e-02 8.996412691543363011e-03
2.601183284259916945e+03 -5.440383565437243760e+02 1.101237152895375573e+02 0.000000000000000000e+00 0.000000000000000000e+00 3.638616054558951873e-03 8.122266423149252998e-03 1.283536710513860993e-02 9.041611857989392820e-03
2.601186021948879443e+03 -5.439304749121615714e+02 1.101226911429264277e+02 0.000000000000000000e+00 0.000000000000000000e+00 -7.700268393136866507e-03 8.122261976378096840e-03 1.283527910106693239e-02 9.041555941149722123e-03
2.601182375712427529e+03 -5.438460182835179921e+02 1.101214916529475403e+02 0.000000000000000000e+00 0.000000000000000000e+00 -9.408089038487332800e-04 8.122244883756570347e-03 1.283517807697696390e-02 9.041489115891025719e-03
2.972062525494919555e+03 -2.287638333573515865e+02 1.353270176294248586e+02 0.000000000000000000e+00 0.000000000000000000e+00 -3.747498578516683665e-02 8.893141920918827548e-03 1.246191124464088654e-02 8.780406228595801291e-03
2.971997340438162610e+03 -2.287389945059398144e+02 1.353217361026153469e+02 0.000000000000000000e+00 0.000000000000000000e+00 -4.006508969561650702e-02 8.893003924634029084e-03 1.246190523175984277e-02 8.780403517975576486e-03
2.971985048768470733e+03 -2.287440274493336290e+02 1.353207731161618312e+02 0.000000000000000000e+00 0.000000000000000000e+00 -4.438059492545676221e-02 8.892978086088149797e-03 1.246192148117749969e-02 8.780415244026933824e-03
2.606640861168669744e+03 -2.261398907908747731e+02 1.081205150810278326e+02 0.000000000000000000e+00 0.000000000000000000e+00 8.901052130553921415e-03 8.124235017584989504e-03 1.252258406819366406e-02 8.830191065451561960e-03
2.606626141300506333e+03 -2.260932761246679377e+02 1.081193237006592938e+02 0.000000000000000000e+00 0.000000000000000000e+00 1.404174911991162844e-02 8.124205816941383260e-03 1.252253217117088244e-02 8.830154883764585599e-03
2.606194256122118077e+03 -2.261331596998252564e+02 1.080896002353680103e+02 0.000000000000000000e+00 0.000000000000000000e+00 -1.181767293459756729e-03 8.123314502894539782e-03 1.252267322784591727e-02 8.830262182564939041e-03
2.779461370509688550e+03 -2.176010867887891553e+00 1.203131405853780791e+02 0.000000000000000000e+00 0.000000000000000000e+00 -2.333346155597837424e-02 8.504018949304633507e-03 1.229339785271997901e-02 8.663164772411075312e-03
2.779459895778220925e+03 -2.219410927683560519e+00 1.203129504002358203e+02 0.000000000000000000e+00 0.000000000000000000e+00 -3.543744575576113220e-02 8.504012644420459732e-03 1.229346161906206061e-02 8.663210855629236914e-03
2.779576647866261283e+03 -2.226551286215073144e+00 1.203216224291682579e+02 0.000000000000000000e+00 0.000000000000000000e+00 -3.570105134390644253e-02 8.504256588783100368e-03 1.229344716178318309e-02 8.663199012278913896e-03
2.974121690816235059e+03 1.573004464223871253e+02 1.359908804589730664e+02 0.000000000000000000e+00 0.000000000000000000e+00 -2.624727874101040470e-02 8.938755579742954649e-03 1.212500706860294639e-02 8.536339648617830012e-03
2.974221247297303762e+03 1.574755836195564029e+02 1.359999252547899005e+02 0.000000000000000000e+00 0.000000000000000000e+00 -3.128410834054307088e-02 8.938997177771270536e-03 1.212485875345559704e-02 8.536226738947447559e-03
2.974199304760255927e+03 1.573913970581049853e+02 1.359976578958304003e+02 0.000000000000000000e+00 0.000000000000000000e+00 -3.245899798886853205e-02 8.938936847914615014e-03 1.212493290408421867e-02 8.536282674255610617e-03
2.650388488503461303e+03 2.057925976612442582e+02 1.118274839594403147e+02 0.000000000000000000e+00 0.000000000000000000e+00 -3.078670295434449145e-02 8.272003976910276626e-03 1.214812198781470114e-02 8.553664780227891729e-03
2.650844270210760442e+03 2.058198824814881505e+02 1.118600040894234127e+02 0.000000000000000000e+00 0.000000000000000000e+00 -2.932755361888439438e-02 8.272943287862670816e-03 1.214801483714351635e-02 8.553583912550238519e-03
2.650813338178982121e+03 2.059007199794567953e+02 1.118583539774914328e+02 0.000000000000000000e+00 0.000000000000000000e+00 -2.976670070498244058e-02 8.272897474162939357e-03 1.214795923963201893e-02 8.553540253839402724e-03
2.987641173875287222e+03 4.707766253179158866e+02 1.401806912754797736e+02 0.000000000000000000e+00 0.000000000000000000e+00 1.667351721221166372e-02 9.032081648598970502e-03 1.189110107425842694e-02 8.353385032146685985e-03
2.987679473700223753e+03 4.709233746313495885e+02 1.401858243155843695e+02 0.000000000000000000e+00 0.000000000000000000e+00 1.077646314354296919e-02 9.032199020331222253e-03 1.189100748784958049e-02 8.353308184917779267e-03
2.988632573529723686e+03 4.708809928541445515e+02 1.402626222450251419e+02 0.000000000000000000e+00 0.000000000000000000e+00 1.793480750106368760e-02 9.034174614804751230e-03 1.189082321819663959e-02 8.353183738010234657e-03
2.584380166185071175e+03 4.687825115765142527e+02 1.098005780281265942e+02 0.000000000000000000e+00 0.000000000000000000e+00 -1.778454362991510607e-03 8.209005327277986083e-03 1.197171832435256142e-02 8.408852750572810147e-03
2.584406673016025707e+03 4.689261565412549544e+02 1.098042993524666997e+02 0.000000000000000000e+00 0.000000000000000000e+00 -6.706222821151186508e-03 8.209105413646508934e-03 1.197162918105139362e-02 8.408775743514932191e-03
2.584412335336720844e+03 4.689882077714997877e+02 1.098055052012231414e+02 0.000000000000000000e+00 0.000000000000000000e+00 -4.785116368537956077e-03 8.209135929800154621e-03 1.197158264304773977e-02 8.408736921471499787e-03
2.780667934292612244e+03 7.070247578283938310e+02 1.278847223319993560e+02 0.000000000000000000e+00 0.000000000000000000e+00 2.669312630114006879e-02 8.679555771462867803e-03 1.178648665238497817e-02 8.255172525473607192e-03
2.780628604817751238e+03 7.071077393069398340e+02 1.278833602820648423e+02 0.000000000000000000e+00 0.000000000000000000e+00 8.391377306907088496e-03 8.679512390407581601e-03 1.178648887054021578e-02 8.255162876193062466e-03
2.780706412519570677e+03 7.072094695253001646e+02 1.278912053897696808e+02 0.000000000000000000e+00 0.000000000000000000e+00 2.522903025254663589e-02 8.679696826611016380e-03 1.178637699766925916e-02 8.255074775466397091e-03
2.973432050724920828e+03 8.778705453321796313e+02 1.467245661163208297e+02 0.000000000000000000e+00 0.000000000000000000e+00 -3.485426283106107803e-03 9.121490262488684761e-03 1.165486653961521867e-02 8.148291361586488396e-03
2.973494247037494006e+03 8.778281621938127728e+02 1.467286146907715931e+02 0.000000000000000000e+00 0.000000000000000000e+00 6.818064899277942459e-03 9.121596296134534473e-03 1.165485084365202109e-02 8.148288008417390108e-03
2.973521575780648618e+03 8.779324863569739819e+02 1.467333544202372764e+02 0.000000000000000000e+00 0.000000000000000000e+00 1.779706947786507953e-04 9.121687828827084940e-03 1.165480793389936029e-02 8.148246521266501799e-03
2.612959476362404985e+03 8.868639772951979694e+02 1.194713385408007582e+02 0.000000000000000000e+00 0.000000000000000000e+00 -9.357815378493228309e-03 8.424905206416016118e-03 1.172497744675917407e-02 8.182856748805020231e-03
2.612771936174270650e+03 8.869056892226888067e+02 1.194590199458422575e+02 0.000000000000000000e+00 0.000000000000000000e+00 -2.446253562936817616e-03 8.424566364245919536e-03 1.172497840015497735e-02 8.182844269247204275e-03
2.612875011195728348e+03 8.870451754665427870e+02 1.194696282868014663e+02 0.000000000000000000e+00 0.000000000000000000e+00 3.602873102042281062e-02 8.424808184531638877e-03 1.172480192183632426e-02 8.182705000663545794e-03
2.980730604556799790e+03 1.184262655756847835e+03 1.559181158160000109e+02 0.000000000000000000e+00 0.000000000000000000e+00 5.280096755114982443e-03 9.246589532335725350e-03 1.152101747851537288e-02 8.015385432751284331e-03
2.979600121517487423e+03 1.184591185815840163e+03 1.558355587967123199e+02 0.000000000000000000e+00 0.000000000000000000e+00 9.496135754005763374e-03 9.244576113562011366e-03 1.152113826345069029e-02 8.015339012830604432e-03
2.979678080335554569e+03 1.184779081497171774e+03 1.558480022861493239e+02 0.000000000000000000e+00 0.000000000000000000e+00 2.230114430113872004e-02 9.244791449705365427e-03 1.152102360702999748e-02 8.015238821302688235e-03
2.596838311490829710e+03 1.192093713472968830e+03 1.267298571997652630e+02 0.000000000000000000e+00 0.000000000000000000e+00 3.268363238888127853e-03 8.544438583719206337e-03 1.159937063280144093e-02 8.040538667087157934e-03
2.595415600098999676e+03 1.192172273882483751e+03 1.266312729835078272e+02 0.000000000000000000e+00 0.000000000000000000e+00 1.027629036353516767e-02 8.541944966248819771e-03 1.159961419068233565e-02 8.040590758951452269e-03
2.595323128038507093e+03 1.192195611552960600e+03 1.266254408987589670e+02 0.000000000000000000e+00 0.000000000000000000e+00 5.044264774639373172e-03 8.541795306519031974e-03 1.159963663219593794e-02 8.040594755108626535e-03
2.775095431493518845e+03 1.425152056446624329e+03 1.479909480022977277e+02 0.000000000000000000e+00 0.000000000000000000e+00 -3.187645669194694165e-02 8.981483814233233096e-03 1.149181134575360565e-02 7.935341910325003148e-03
2.775208429649183927e+03 1.425066493316498963e+03 1.479963741234374197e+02 0.000000000000000000e+00 0.000000000000000000e+00 -1.349779018070762504e-02 8.981626738951557429e-03 1.149176649652871099e-02 7.935341617943601072e-03
2.775216170549491380e+03 1.425164768824150087e+03 1.480007005661782102e+02 0.000000000000000000e+00 0.000000000000000000e+00 -2.772141540339134735e-02 8.981698465214448326e-03 1.149177289852140911e-02 7.935326128500033022e-03
2.977582206379022864e+03 1.582950861981186563e+03 1.705477441610233882e+02 0.000000000000000000e+00 0.000000000000000000e+00 4.367261350665785358e-03 9.410627641672025812e-03 1.141364087186543495e-02 7.876302500558225034e-03
2.979006265038995025e+03 1.583317165288620572e+03 1.706818956450781570e+02 0.000000000000000000e+00 0.000000000000000000e+00 1.272868586877962116e-02 9.413256068135925775e-03 1.141323862007499745e-02 7.876159306212675640e-03
2.979720738131136386e+03 1.583509374576693062e+03 1.707495870406918925e+02 0.000000000000000000e+00 0.000000000000000000e+00 2.576021963503194456e-02 9.414574044780988152e-03 1.141301500410264735e-02 7.876071854668835817e-03
2.661704351623879120e+03 1.621480259054917497e+03 1.473978656118458446e+02 0.000000000000000000e+00 0.000000000000000000e+00 -3.046048507417253859e-02 8.902454077838682298e-03 1.147528151304263479e-02 7.866729294336018488e-03
2.661479568309826846e+03 1.621627302126951236e+03 1.473875855793801009e+02 0.000000000000000000e+00 0.000000000000000000e+00 -1.519223268331870713e-02 8.902172585553421585e-03 1.147526957698248064e-02 7.866655873758676698e-03
2.661221436284415176e+03 1.621710096418700459e+03 1.473720822628046392e+02 0.000000000000000000e+00 0.000000000000000000e+00 -2.112324513063867926e-02 8.901809769446517029e-03 1.147532369164700090e-02 7.866636895265616616e-03
