# x y z x_res y_res z_res x_res_err y_res_err z_res_err
-2.200648538093914340e+03 2.827547873207356133e+03 -1.048644082639904553e+02 0.000000000000000000e+00 0.000000000000000000e+00 -1.101082096632666207e-01 4.077421206398284224e-03 4.077421206398281622e-03 2.883974205789345720e-03
-2.200670755359420582e+03 2.827522411562201341e+03 -1.048642922858847726e+02 0.000000000000000000e+00 0.000000000000000000e+00 -1.451082484592802757e-01 4.077421206398284224e-03 4.077421206398281622e-03 2.883974206389055672e-03
-2.200727733777130197e+03 2.827579416179354212e+03 -1.048680454229841814e+02 0.000000000000000000e+00 0.000000000000000000e+00 -1.370228479445358971e-01 4.077421206398284224e-03 4.077421206398281622e-03 2.883974239560077590e-03
-2.212951428114356077e+03 3.175848199609818948e+03 -1.174556388585871076e+02 0.000000000000000000e+00 0.000000000000000000e+00 -7.140285342323693385e-02 4.077421206398284224e-03 4.077421206398281622e-03 2.884073002934620013e-03
-2.212960470737883952e+03 3.175856988492948858e+03 -1.174562575788325489e+02 0.000000000000000000e+00 0.000000000000000000e+00 -6.546894130582359139e-02 4.077421206398284224e-03 4.077421206398281622e-03 2.884073008280192956e-03
-2.213054754238406986e+03 3.175791289329575648e+03 -1.174569096676232220e+02 0.000000000000000000e+00 0.000000000000000000e+00 -8.085197485615935875e-02 4.077421206398284224e-03 4.077421206398281622e-03 2.884073019033700849e-03
-2.037697913011301125e+03 3.038111303577602484e+03 -1.069620294924675363e+02 0.000000000000000000e+00 0.000000000000000000e+00 -1.046055824305938131e-01 4.077421206398284224e-03 4.077421206398281622e-03 2.883980675365183013e-03
-2.037642064078351268e+03 3.038026598700191244e+03 -1.069573302525343195e+02 0.000000000000000000e+00 0.000000000000000000e+00 -1.109570500942425042e-01 4.077421206398284224e-03 4.077421206398281622e-03 2.883980635119642606e-03
-2.037798182183493736e+03 3.037995317877241177e+03 -1.069609402425721356e+02 0.000000000000000000e+00 0.000000000000000000e+00 -1.045334425604806938e-01 4.077421206398284224e-03 4.077421206398281622e-03 2.883980672320853467e-03
-1.834679210356003750e+03 2.852382767513480758e+03 -9.467354423889294424e+01 0.000000000000000000e+00 0.000000000000000000e+00 -5.725305895136045820e-02 4.077421206398284224e-03 4.077421206398281622e-03 2.883871773717083115e-03
-1.834696210620175862e+03 2.852418977836223348e+03 -9.467523082233881837e+01 0.000000000000000000e+00 0.000000000000000000e+00 -7.504096965044482204e-02 4.077421206398284224e-03 4.077421206398281622e-03 2.883871788184914561e-03
-1.834696040974031348e+03 2.852440284953990613e+03 -9.467594378376658426e+01 0.000000000000000000e+00 0.000000000000000000e+00 -5.887366710071262332e-02 4.077421206398284224e-03 4.077421206398281622e-03 2.883871793930012535e-03
-1.843125587294950492e+03 3.197632246505890180e+03 -1.071785022991447249e+02 0.000000000000000000e+00 0.000000000000000000e+00 -5.330055775314690436e-02 4.077421206398284224e-03 4.077421206398281622e-03 2.883972706875377080e-03
-1.843158355361751546e+03 3.197682698823497503e+03 -1.071812851369739406e+02 0.000000000000000000e+00 0.000000000000000000e+00 -2.630903936048412106e-02 4.077421206398284224e-03 4.077421206398281622e-03 2.883972730617097909e-03
-1.843144058976352653e+03 3.197696811325473391e+03 -1.071814222161818861e+02 0.000000000000000000e+00 0.000000000000000000e+00 -4.059905302608513011e-02 4.077421206398284224e-03 4.077421206398281622e-03 2.883972731079373960e-03
-1.851172794418899230e+03 2.781275417493557143e+03 -9.276233021610229912e+01 0.000000000000000000e+00 0.000000000000000000e+00 -1.110377501595394278e-02 4.077501817555505802e-03 4.077501817555502332e-03 2.883914212495212407e-03
-1.851148351909810572e+03 2.781296425791719230e+03 -9.276234255093143588e+01 0.000000000000000000e+00 0.000000000000000000e+00 -2.534062519245594558e-02 4.077501817555505802e-03 4.077501817555502332e-03 2.883914211314220471e-03
-2.196275280012358053e+03 2.820688074506959310e+03 -1.044944288774760253e+02 0.000000000000000000e+00 0.000000000000000000e+00 1.327669290478183939e-02 4.077501817555505802e-03 4.077501817555502332e-03 2.884028035964509434e-03
-2.196204086039111189e+03 2.820740634410924486e+03 -1.044938394002049904e+02 0.000000000000000000e+00 0.000000000000000000e+00 -1.384613737167228464e-02 4.077501817555505802e-03 4.077501817555502332e-03 2.884028026539171754e-03
-2.064301414270167697e+03 3.030109023811045518e+03 -1.074877839514654170e+02 0.000000000000000000e+00 0.000000000000000000e+00 -3.245649031188690969e-02 4.077501817555505802e-03 4.077501817555502332e-03 2.884043337818709835e-03
-2.064308752758048740e+03 3.030133233925643708e+03 -1.074888664755820287e+02 0.000000000000000000e+00 0.000000000000000000e+00 -1.288217271647340567e-02 4.077501817555505802e-03 4.077501817555502332e-03 2.884043346773754440e-03
-2.064348654475552394e+03 3.030042896591706722e+03 -1.074868880358645384e+02 0.000000000000000000e+00 0.000000000000000000e+00 -1.356375605281812113e-02 4.077501817555505802e-03 4.077501817555502332e-03 2.884043333438391244e-03
-2.194469859917599479e+03 3.198590666623683774e+03 -1.176969304046895957e+02 0.000000000000000000e+00 0.000000000000000000e+00 -2.002057976258697636e-02 4.077501817555505802e-03 4.077501817555502332e-03 2.884130790783161116e-03
-2.194505071982598565e+03 3.198583216546229323e+03 -1.176977919052262251e+02 0.000000000000000000e+00 0.000000000000000000e+00 4.023373951483222299e-03 4.077501817555505802e-03 4.077501817555502332e-03 2.884130799553632010e-03
-1.878002148721599497e+03 3.210136844562569877e+03 -1.086087706910693385e+02 0.000000000000000000e+00 0.000000000000000000e+00 3.312653803993725887e-02 4.077501817555505802e-03 4.077501817555502332e-03 2.884042729281230746e-03
-1.878030515657872684e+03 3.210219083541427153e+03 -1.086126447964269062e+02 0.000000000000000000e+00 0.000000000000000000e+00 2.181308017620153805e-02 4.077501817555505802e-03 4.077501817555502332e-03 2.884042761504038502e-03
-1.878068385566362167e+03 3.210155961192419909e+03 -1.086113307895169413e+02 0.000000000000000000e+00 0.000000000000000000e+00 2.501156297735462886e-02 4.077501817555505802e-03 4.077501817555502332e-03 2.884042752737636401e-03
-1.560526052789875621e+03 3.198170965979863922e+03 -1.000495899589516284e+02 0.000000000000000000e+00 0.000000000000000000e+00 -2.284390323552543123e-03 4.077421206398284224e-03 4.077421206398281622e-03 2.883903903253939253e-03
-1.560570994539898038e+03 3.198186816497632208e+03 -1.000512310897023269e+02 0.000000000000000000e+00 0.000000000000000000e+00 -3.043559437875842377e-02 4.077421206398284224e-03 4.077421206398281622e-03 2.883903918219066480e-03
-1.536562929302681368e+03 2.846350770448636922e+03 -8.692654467344925706e+01 0.000000000000000000e+00 0.000000000000000000e+00 -4.280060157353204886e-02 4.077421206398284224e-03 4.077421206398281622e-03 2.883795268193957255e-03
-1.536580747633458031e+03 2.846373709872236304e+03 -8.692773234703722096e+01 0.000000000000000000e+00 0.000000000000000000e+00 -2.428267307340092884e-02 4.077421206398284224e-03 4.077421206398281622e-03 2.883795278688548996e-03
-1.536590420484412107e+03 2.846338453442359878e+03 -8.692676391617160903e+01 0.000000000000000000e+00 0.000000000000000000e+00 -4.016943793740779256e-02 4.077421206398284224e-03 4.077421206398281622e-03 2.883795271075707649e-03
-1.372056090586572282e+03 3.045611969210907318e+03 -9.029590385590157098e+01 0.000000000000000000e+00 0.000000000000000000e+00 -8.298713997223217120e-02 4.077421206398284224e-03 4.077421206398281622e-03 2.883817420601509241e-03
-1.372233774324801743e+03 3.045579395417263640e+03 -9.029838621614030103e+01 0.000000000000000000e+00 0.000000000000000000e+00 -1.148979219137800101e-01 4.077421206398284224e-03 4.077421206398281622e-03 2.883817446683401096e-03
-1.179515616160038917e+03 3.215588343006062587e+03 -9.291345252347593942e+01 0.000000000000000000e+00 0.000000000000000000e+00 1.086228237775799244e-02 4.077421206398284224e-03 4.077421206398281622e-03 2.883833998346982484e-03
-1.179637408278460271e+03 3.215513185404567594e+03 -9.291274503966164389e+01 0.000000000000000000e+00 0.000000000000000000e+00 -2.485761539958275534e-03 4.077421206398284224e-03 4.077421206398281622e-03 2.883833995298938028e-03
-1.179715799231673827e+03 3.215527402676530073e+03 -9.291466959474760756e+01 0.000000000000000000e+00 0.000000000000000000e+00 -2.258770124399234192e-03 4.077421206398284224e-03 4.077421206398281622e-03 2.883834013195765711e-03
-1.167005035454854578e+03 2.862203663209537808e+03 -7.993114405562479874e+01 0.000000000000000000e+00 0.000000000000000000e+00 -1.963635471184943526e-02 4.077421206398284224e-03 4.077421206398281622e-03 2.883724823648296971e-03
-1.166975001695882384e+03 2.862224884341379038e+03 -7.993133977963768189e+01 0.000000000000000000e+00 0.000000000000000000e+00 -4.230955908019495837e-02 4.077421206398284224e-03 4.077421206398281622e-03 2.883724824488492506e-03
-9.092477830603805842e+02 2.831341884569689682e+03 -7.482843898310652264e+01 0.000000000000000000e+00 0.000000000000000000e+00 -2.064617569577364975e-02 4.077421206398284224e-03 4.077421206398281622e-03 2.883675506044842355e-03
-9.092042536520356180e+02 2.831426614840172988e+03 -7.483071571060580141e+01 0.000000000000000000e+00 0.000000000000000000e+00 -2.180886078551225182e-02 4.077421206398284224e-03 4.077421206398281622e-03 2.883675524586200474e-03
-9.098009870184060901e+02 2.831469696939553614e+03 -7.484040920216149573e+01 0.000000000000000000e+00 0.000000000000000000e+00 -2.180964606152713259e-02 4.077421206398284224e-03 4.077421206398281622e-03 2.883675619304557330e-03
-8.841604840081636212e+02 3.213279443364081999e+03 -8.825778717709056309e+01 0.000000000000000000e+00 0.000000000000000000e+00 -7.527124096498027939e-03 4.077421206398284224e-03 4.077421206398281622e-03 2.883789040875191136e-03
-8.842527635474087901e+02 3.213212684486277340e+03 -8.825646662547296728e+01 0.000000000000000000e+00 0.000000000000000000e+00 -3.309154101060585162e-03 4.077421206398284224e-03 4.077421206398281622e-03 2.883789031239834821e-03
-7.192497870359958370e+02 3.108112665129846391e+03 -8.231609532447127719e+01 0.000000000000000000e+00 0.000000000000000000e+00 -6.941324051766173397e-03 4.077421206398284224e-03 4.077421206398281622e-03 2.883736146348630722e-03
-7.192429856322398791e+02 3.108094705847025125e+03 -8.231535624142091478e+01 0.000000000000000000e+00 0.000000000000000000e+00 -2.907530541276059921e-02 4.077421206398284224e-03 4.077421206398281622e-03 2.883736139959513188e-03
-5.205016170725862139e+02 3.224587732517522454e+03 -8.485258265982866988e+01 0.000000000000000000e+00 0.000000000000000000e+00 -2.269386796663752648e-02 4.077421206398284224e-03 4.077421206398281622e-03 2.883755521894000237e-03
-5.208659830285564567e+02 3.224491352876983001e+03 -8.485173934104695093e+01 0.000000000000000000e+00 0.000000000000000000e+00 -2.304657243563212887e-02 4.077421206398284224e-03 4.077421206398281622e-03 2.883755518012655339e-03
-5.214778397393022260e+02 3.224279251006928007e+03 -8.484840032245956820e+01 0.000000000000000000e+00 0.000000000000000000e+00 -2.727995010222628025e-02 4.077421206398284224e-03 4.077421206398281622e-03 2.883755495096249153e-03
-5.063028486026613564e+02 2.865413328181848101e+03 -7.166475572508115022e+01 0.000000000000000000e+00 0.000000000000000000e+00 2.793241052147266146e-02 4.077421206398284224e-03 4.077421206398281622e-03 2.883642268872165047e-03
-5.063182911423801897e+02 2.865390632636368991e+03 -7.166409275939305701e+01 0.000000000000000000e+00 0.000000000000000000e+00 2.892210994501454024e-02 4.077421206398284224e-03 4.077421206398281622e-03 2.883642263315967184e-03
-1.950733858065063373e+02 2.853403627879213673e+03 -6.959236185050352219e+01 0.000000000000000000e+00 0.000000000000000000e+00 2.227511079826172136e-02 4.077421206398284224e-03 4.077421206398281622e-03 2.883622123809372224e-03
-1.952329301465840956e+02 2.853377328841471353e+03 -6.959193195633231710e+01 0.000000000000000000e+00 0.000000000000000000e+00 2.649011192964678685e-02 4.077421206398284224e-03 4.077421206398281622e-03 2.883622120713759049e-03
-1.770621229764448401e+02 3.229296339954170890e+03 -8.323085992578347714e+01 0.000000000000000000e+00 0.000000000000000000e+00 -1.934329170086357408e-02 4.077421206398284224e-03 4.077421206398281622e-03 2.883739595299549419e-03
-1.769030585980145247e+02 3.229352205461121684e+03 -8.323258471238672485e+01 0.000000000000000000e+00 0.000000000000000000e+00 -1.797556400195787774e-02 4.077421206398284224e-03 4.077421206398281622e-03 2.883739609605774461e-03
1.717125053812042612e+00 3.094977300348212793e+03 -7.792541286971940906e+01 0.000000000000000000e+00 0.000000000000000000e+00 2.355739174542748060e-02 4.077421206398284224e-03 4.077421206398281622e-03 2.883693743638113000e-03
1.828892490583552854e+00 3.095009382698360696e+03 -7.792660336772433993e+01 0.000000000000000000e+00 0.000000000000000000e+00 2.381011597134374824e-02 4.077421206398284224e-03 4.077421206398281622e-03 2.883693753893072642e-03
1.849978371118445430e+00 3.095040241907701784e+03 -7.792774619366201705e+01 0.000000000000000000e+00 0.000000000000000000e+00 -9.484511436369302828e-03 4.077421206398284224e-03 4.077421206398281622e-03 2.883693763734641608e-03
1.680715647839091957e+02 3.216127452273038216e+03 -8.270194471592184016e+01 0.000000000000000000e+00 0.000000000000000000e+00 8.956481526169568497e-03 4.077421206398284224e-03 4.077421206398281622e-03 2.883735034781986003e-03
1.680924883734568027e+02 3.216152146630317930e+03 -8.270294395955301070e+01 0.000000000000000000e+00 0.000000000000000000e+00 2.402546989114284770e-02 4.077421206398284224e-03 4.077421206398281622e-03 2.883735043409986661e-03
1.680818666741523657e+02 3.216141451162088742e+03 -8.270250722391057252e+01 0.000000000000000000e+00 0.000000000000000000e+00 2.184676692957054911e-02 4.077421206398284224e-03 4.077421206398281622e-03 2.883735039634751762e-03
1.919519285016414472e+02 2.859338693268633506e+03 -6.978727825883791525e+01 0.000000000000000000e+00 0.000000000000000000e+00 5.824596263860826184e-02 4.077421206398284224e-03 4.077421206398281622e-03 2.883623800651186064e-03
1.919905133323198356e+02 2.859317086461941017e+03 -6.978664716411226721e+01 0.000000000000000000e+00 0.000000000000000000e+00 2.938618375229395951e-02 4.077421206398284224e-03 4.077421206398281622e-03 2.883623795332304011e-03
1.919842518557758240e+02 2.859164645305480917e+03 -6.978138162931979593e+01 0.000000000000000000e+00 0.000000000000000000e+00 9.113348355796802025e-03 4.077421206398284224e-03 4.077421206398281622e-03 2.883623749682866222e-03
4.287796045017585698e+02 2.838529743391788088e+03 -7.019160818753897502e+01 0.000000000000000000e+00 0.000000000000000000e+00 -2.271854876903489640e-02 4.077421206398284224e-03 4.077421206398281622e-03 2.883628801567084034e-03
4.287773979217866440e+02 2.838547641288321302e+03 -7.019220523901147146e+01 0.000000000000000000e+00 0.000000000000000000e+00 -2.533750334113449298e-02 4.077421206398284224e-03 4.077421206398281622e-03 2.883628806708189458e-03
4.640102321977347515e+02 3.214599339137715560e+03 -8.405154528671346270e+01 0.000000000000000000e+00 0.000000000000000000e+00 1.386070900454683397e-02 4.077421206398284224e-03 4.077421206398281622e-03 2.883748197868478327e-03
4.640763562092347456e+02 3.214696803242436545e+03 -8.405573634535072358e+01 0.000000000000000000e+00 0.000000000000000000e+00 1.979362433196740767e-02 4.077421206398284224e-03 4.077421206398281622e-03 2.883748234209167899e-03
6.165345166447332304e+02 3.038006007279794630e+03 -7.870908974898711108e+01 0.000000000000000000e+00 0.000000000000000000e+00 2.298025440825313126e-02 4.077421206398284224e-03 4.077421206398281622e-03 2.883704028169208674e-03
6.165592783424733625e+02 3.038007319640652440e+03 -7.870936812326321785e+01 0.000000000000000000e+00 0.000000000000000000e+00 2.718929309141060457e-02 4.077421206398284224e-03 4.077421206398281622e-03 2.883704030847785652e-03
6.166067142917639785e+02 3.038090197723694018e+03 -7.871281980032391346e+01 0.000000000000000000e+00 0.000000000000000000e+00 2.425362379072737440e-02 4.077421206398284224e-03 4.077421206398281622e-03 2.883704060959458790e-03
6.661391425010234570e+02 3.007989819029720820e+03 -7.810510098128101220e+01 0.000000000000000000e+00 0.000000000000000000e+00 -1.097774205145185533e-02 4.077421206398284224e-03 4.077421206398281622e-03 2.883699482189605503e-03
6.661967976074386115e+02 3.008034748115233015e+03 -7.810729797207460479e+01 0.000000000000000000e+00 0.000000000000000000e+00 9.934287970963850967e-03 4.077421206398284224e-03 4.077421206398281622e-03 2.883699501746513679e-03
4.687656943928075748e+02 3.277229755345830654e+03 -8.650235496783218991e+01 0.000000000000000000e+00 0.000000000000000000e+00 1.304943012777926015e-02 4.077421206398284224e-03 4.077421206398281622e-03 2.883769153312781310e-03
4.687492518032924522e+02 3.277240017786881708e+03 -8.650263874972731060e+01 0.000000000000000000e+00 0.000000000000000000e+00 2.476760890809259763e-02 4.077421206398284224e-03 4.077421206398281622e-03 2.883769155602362595e-03
8.373357239147730979e+02 3.267403578308947090e+03 -8.973295337422928242e+01 0.000000000000000000e+00 0.000000000000000000e+00 6.622168903254532779e-02 4.077421206398284224e-03 4.077421206398281622e-03 2.883800765621774478e-03
8.373556414170228663e+02 3.267298464912117197e+03 -8.972913295685515322e+01 0.000000000000000000e+00 0.000000000000000000e+00 5.489777255499461717e-02 4.077421206398284224e-03 4.077421206398281622e-03 2.883800733645693840e-03
8.373399071486899174e+02 3.267323605657730241e+03 -8.972990898112006164e+01 0.000000000000000000e+00 0.000000000000000000e+00 5.388704069731886648e-02 4.077421206398284224e-03 4.077421206398281622e-03 2.883800739965023015e-03
8.606692279169875519e+02 2.777603721540674087e+03 -7.236679648682155630e+01 0.000000000000000000e+00 0.000000000000000000e+00 -9.817364066378786447e-03 4.077421206398284224e-03 4.077421206398281622e-03 2.883653515909953124e-03
8.606707172052213082e+02 2.777572419266765337e+03 -7.236577122964050091e+01 0.000000000000000000e+00 0.000000000000000000e+00 -1.150019319908324178e-03 4.077421206398284224e-03 4.077421206398281622e-03 2.883653507165440198e-03
8.606357506507573589e+02 2.777623081392937365e+03 -7.236700489461964025e+01 0.000000000000000000e+00 0.000000000000000000e+00 -1.412036429366025914e-02 4.077421206398284224e-03 4.077421206398281622e-03 2.883653517046175750e-03
4.963851426539467298e+02 2.798945439400563373e+03 -6.932402101453421039e+01 0.000000000000000000e+00 0.000000000000000000e+00 -3.509381554964363659e-02 4.077421206398284224e-03 4.077421206398281622e-03 2.883621957535021166e-03
4.963409957948654778e+02 2.798994705596778658e+03 -6.932534835040436860e+01 0.000000000000000000e+00 0.000000000000000000e+00 -2.831750964691082117e-02 4.077421206398284224e-03 4.077421206398281622e-03 2.883621968542104431e-03
1.130748126676462334e+03 2.850460421440621758e+03 -7.890052371211160676e+01 0.000000000000000000e+00 0.000000000000000000e+00 8.613866463150543495e-03 4.077421206398284224e-03 4.077421206398281622e-03 2.883715169999883764e-03
1.130757400180176319e+03 2.850348275070959062e+03 -7.889686111836857663e+01 0.000000000000000000e+00 0.000000000000000000e+00 -1.787264195695570379e-02 4.077421206398284224e-03 4.077421206398281622e-03 2.883715139314004580e-03
1.130778621394982792e+03 2.850307802387997071e+03 -7.889584506761559624e+01 0.000000000000000000e+00 0.000000000000000000e+00 -3.059098017342876119e-02 4.077421206398284224e-03 4.077421206398281622e-03 2.883715131286558684e-03
1.142846666144323308e+03 2.811329897554097897e+03 -7.778386758326230677e+01 0.000000000000000000e+00 0.000000000000000000e+00 -5.225597886145294524e-02 4.077421206398284224e-03 4.077421206398281622e-03 2.883706058353901775e-03
1.142838496807555430e+03 2.811293757009965702e+03 -7.778251060248597071e+01 0.000000000000000000e+00 0.000000000000000000e+00 -5.178157002718819513e-02 4.077421206398284224e-03 4.077421206398281622e-03 2.883706046672357155e-03
1.142845123941302745e+03 2.811287990719552909e+03 -7.778243130617663326e+01 0.000000000000000000e+00 0.000000000000000000e+00 -6.191066064876338260e-02 4.077421206398284224e-03 4.077421206398281622e-03 2.883706046179907324e-03
1.341020909445694542e+03 3.048692330630316974e+03 -8.977541743798204266e+01 0.000000000000000000e+00 0.000000000000000000e+00 -6.243287705660804932e-02 4.077421206398284224e-03 4.077421206398281622e-03 2.883812155570181657e-03
1.340994707260418636e+03 3.048697932860098717e+03 -8.977509255705210478e+01 0.000000000000000000e+00 0.000000000000000000e+00 -5.663861728579888677e-02 4.077421206398284224e-03 4.077421206398281622e-03 2.883812152086740691e-03
1.341054049438763968e+03 3.048646391986422259e+03 -8.977442439477854919e+01 0.000000000000000000e+00 0.000000000000000000e+00 -6.650763740026377491e-02 4.077421206398284224e-03 4.077421206398281622e-03 2.883812148308027238e-03
1.539943133066934024e+03 2.810624784927327255e+03 -8.580389828886252701e+01 0.000000000000000000e+00 0.000000000000000000e+00 -7.242300501737020113e-02 4.077421206398284224e-03 4.077421206398281622e-03 2.883786135951021869e-03
1.539917740714470483e+03 2.810677738888289696e+03 -8.580507891033950330e+01 0.000000000000000000e+00 0.000000000000000000e+00 -5.016030406271454467e-02 4.077421206398284224e-03 4.077421206398281622e-03 2.883786144690235649e-03
1.548330572209500815e+03 3.293262958343671471e+03 -1.033928337511096203e+02 0.000000000000000000e+00 0.000000000000000000e+00 4.246144209346880416e-03 4.077421206398284224e-03 4.077421206398281622e-03 2.883930788643909119e-03
1.548369863208388779e+03 3.293289327944693923e+03 -1.033947566584307225e+02 0.000000000000000000e+00 0.000000000000000000e+00 -1.549388738324353199e-02 4.077421206398284224e-03 4.077421206398281622e-03 2.883930805618778112e-03
1.548403466275938626e+03 3.293167458665475806e+03 -1.033908215371449444e+02 0.000000000000000000e+00 0.000000000000000000e+00 -2.184050530524928035e-02 4.077421206398284224e-03 4.077421206398281622e-03 2.883930774617476760e-03
1.766661483632139607e+03 3.305076414188758918e+03 -1.092169106234773324e+02 0.000000000000000000e+00 0.000000000000000000e+00 -3.998906334717844402e-02 4.077421206398284224e-03 4.077421206398281622e-03 2.883985842325481868e-03
1.766662023278768629e+03 3.305168073644287233e+03 -1.092204632593689837e+02 0.000000000000000000e+00 0.000000000000000000e+00 -3.326542457571690647e-02 4.077421206398284224e-03 4.077421206398281622e-03 2.883985870890829438e-03
1.766674519289430236e+03 3.305117095753039848e+03 -1.092188220750763605e+02 0.000000000000000000e+00 0.000000000000000000e+00 -3.955167445499796486e-02 4.077421206398284224e-03 4.077421206398281622e-03 2.883985858201106468e-03
1.780069749486655382e+03 2.807689726028876066e+03 -9.169889600607018565e+01 0.000000000000000000e+00 0.000000000000000000e+00 -1.003383427740800471e-02 4.077421206398284224e-03 4.077421206398281622e-03 2.883844992823288850e-03
1.780057107861040095e+03 2.807699073620824038e+03 -9.169886893807830575e+01 0.000000000000000000e+00 0.000000000000000000e+00 -7.917001715213700663e-03 4.077421206398284224e-03 4.077421206398281622e-03 2.883844991985019725e-03
1.780058817409833637e+03 2.807664422593187282e+03 -9.169776321092237481e+01 0.000000000000000000e+00 0.000000000000000000e+00 -2.925627682375875338e-02 4.077421206398284224e-03 4.077421206398281622e-03 2.883844983098857086e-03
1.977723623035553601e+03 3.073452067050239293e+03 -1.064382306348384759e+02 0.000000000000000000e+00 0.000000000000000000e+00 -3.456425623835457372e-02 4.077421206398284224e-03 4.077421206398281622e-03 2.883973296345350348e-03
1.977722222166276879e+03 3.073436112483148008e+03 -1.064376156651053407e+02 0.000000000000000000e+00 0.000000000000000000e+00 -3.410719951003216011e-02 4.077421206398284224e-03 4.077421206398281622e-03 2.883973291388801721e-03
2.196094769719409214e+03 2.841395294441523674e+03 -1.051751987102468746e+02 0.000000000000000000e+00 0.000000000000000000e+00 -1.880049191076693660e-02 4.077421206398284224e-03 4.077421206398281622e-03 2.883976325922922232e-03
2.196206533840063457e+03 2.841346038613964083e+03 -1.051772099260793283e+02 0.000000000000000000e+00 0.000000000000000000e+00 -2.433735778008383477e-02 4.077421206398284224e-03 4.077421206398281622e-03 2.883976349146495036e-03
2.196195060713866496e+03 2.841327565892036546e+03 -1.051762205730273791e+02 0.000000000000000000e+00 0.000000000000000000e+00 -4.279105770127955566e-02 4.077421206398284224e-03 4.077421206398281622e-03 2.883976340646840063e-03
2.460848934401331917e+03 2.534032000455448269e+03 -1.046769192179605170e+02 0.000000000000000000e+00 0.000000000000000000e+00 -1.426806085604255259e-01 4.077421206398284224e-03 4.077421206398281622e-03 2.883993100191512698e-03
2.809100819861581840e+03 2.529956850454381765e+03 -1.181606640246843227e+02 0.000000000000000000e+00 0.000000000000000000e+00 -2.620373333918735170e-02 4.077421206398284224e-03 4.077421206398281622e-03 2.884128509311053960e-03
2.809184676053337625e+03 2.529963615170433513e+03 -1.181643380151282940e+02 0.000000000000000000e+00 0.000000000000000000e+00 -3.548264683243473883e-02 4.077421206398284224e-03 4.077421206398281622e-03 2.884128545469726371e-03
2.809229695348989480e+03 2.530000561188935990e+03 -1.181672863850135684e+02 0.000000000000000000e+00 0.000000000000000000e+00 -1.118395949919204213e-02 4.077421206398284224e-03 4.077421206398281622e-03 2.884128571973989565e-03
2.635927683331999106e+03 2.379150681732160592e+03 -1.068700207242636537e+02 0.000000000000000000e+00 0.000000000000000000e+00 9.420239453173451238e-02 4.077421206398284224e-03 4.077421206398281622e-03 2.884026616174312999e-03
2.635880231028605976e+03 2.379119616964719626e+03 -1.068672962657757637e+02 0.000000000000000000e+00 0.000000000000000000e+00 9.607848857652356855e-02 4.077421206398284224e-03 4.077421206398281622e-03 2.884026590914542162e-03
2.635911087327408950e+03 2.379104216463569173e+03 -1.068680786165949144e+02 0.000000000000000000e+00 0.000000000000000000e+00 9.989825310464084396e-02 4.077421206398284224e-03 4.077421206398281622e-03 2.884026599981528473e-03
2.463411732960161316e+03 2.132360009834359062e+03 -9.375703869347708519e+01 0.000000000000000000e+00 0.000000000000000000e+00 -6.342687536772473322e-03 4.077421206398284224e-03 4.077421206398281622e-03 2.883910289632470297e-03
2.463454438040083915e+03 2.132350622288005070e+03 -9.375838380195662580e+01 0.000000000000000000e+00 0.000000000000000000e+00 3.355092481399424287e-03 4.077421206398284224e-03 4.077421206398281622e-03 2.883910304140797996e-03
2.463562270666111090e+03 2.132290935129361515e+03 -9.376087516827277568e+01 0.000000000000000000e+00 0.000000000000000000e+00 -2.773583930007816889e-03 4.077421206398284224e-03 4.077421206398281622e-03 2.883910333898608794e-03
2.847651981952055394e+03 2.139181517487814745e+03 -1.091825344194176495e+02 0.000000000000000000e+00 0.000000000000000000e+00 -4.095948969519724869e-02 4.077421206398284224e-03 4.077421206398281622e-03 2.884068203583381972e-03
2.847781485371828239e+03 2.139122275150097721e+03 -1.091865424804270504e+02 0.000000000000000000e+00 0.000000000000000000e+00 -4.865336097768135915e-02 4.077421206398284224e-03 4.077421206398281622e-03 2.884068249054212198e-03
2.847818809305856576e+03 2.139143630179617503e+03 -1.091886548186097485e+02 0.000000000000000000e+00 0.000000000000000000e+00 -3.541917291342144836e-02 4.077421206398284224e-03 4.077421206398281622e-03 2.884068269043659361e-03
2.192153453530253955e+03 2.132121211708019928e+03 -8.422914109126793392e+01 0.000000000000000000e+00 0.000000000000000000e+00 -1.400085499201964012e-02 4.077421206398284224e-03 4.077421206398281622e-03 2.883811850123245250e-03
2.192022992092605364e+03 2.132206533518685319e+03 -8.422697862368676169e+01 0.000000000000000000e+00 0.000000000000000000e+00 -2.469512998305845031e-02 4.077421206398284224e-03 4.077421206398281622e-03 2.883811822310671825e-03
2.191899131825170116e+03 2.132257591504748234e+03 -8.422416630999525466e+01 0.000000000000000000e+00 0.000000000000000000e+00 -4.425765656903024592e-02 4.077421206398284224e-03 4.077421206398281622e-03 2.883811789943359436e-03
1.835580949243465966e+03 2.115708566095620881e+03 -7.290743547409154246e+01 0.000000000000000000e+00 0.000000000000000000e+00 -5.161735248579191193e-02 4.077421206398284224e-03 4.077421206398281622e-03 2.883695239533262504e-03
1.835494559734484483e+03 2.115822386253273180e+03 -7.290791110127423735e+01 0.000000000000000000e+00 0.000000000000000000e+00 1.116807564244481910e-03 4.077421206398284224e-03 4.077421206398281622e-03 2.883695237921353113e-03
1.835543095130983829e+03 2.115741388603657924e+03 -7.290721048667728610e+01 0.000000000000000000e+00 0.000000000000000000e+00 -5.876576007324274542e-02 4.077421206398284224e-03 4.077421206398281622e-03 2.883695235295513030e-03
2.020583940905114332e+03 2.319736286234769068e+03 -8.373351100337379194e+01 0.000000000000000000e+00 0.000000000000000000e+00 -8.494234478433781987e-03 4.077421206398284224e-03 4.077421206398281622e-03 2.883794892613611351e-03
2.020639820866057562e+03 2.319695622965582061e+03 -8.373409515094125766e+01 0.000000000000000000e+00 0.000000000000000000e+00 -5.855177636917119344e-03 4.077421206398284224e-03 4.077421206398281622e-03 2.883794901154241794e-03
2.176852632501507287e+03 2.483203557277744039e+03 -9.333010183584111985e+01 0.000000000000000000e+00 0.000000000000000000e+00 -2.143828762099531104e-02 4.077421206398284224e-03 4.077421206398281622e-03 2.883882156172250851e-03
2.176803146472915614e+03 2.483211161609954161e+03 -9.332870781506555602e+01 0.000000000000000000e+00 0.000000000000000000e+00 1.584821153623749979e-02 4.077421206398284224e-03 4.077421206398281622e-03 2.883882141546250354e-03
2.176877635493280195e+03 2.483214429832115457e+03 -9.333123788317077185e+01 0.000000000000000000e+00 0.000000000000000000e+00 -3.552487669495008049e-03 4.077421206398284224e-03 4.077421206398281622e-03 2.883882166954068564e-03
1.857189852545875510e+03 2.498619378582049194e+03 -8.407704869678249793e+01 0.000000000000000000e+00 0.000000000000000000e+00 -2.064165057603872810e-02 4.077421206398284224e-03 4.077421206398281622e-03 2.883787305489515698e-03
1.857121767511029702e+03 2.498663317418695897e+03 -8.407644605214471767e+01 0.000000000000000000e+00 0.000000000000000000e+00 -2.441589582940650871e-02 4.077421206398284224e-03 4.077421206398281622e-03 2.883787296675611664e-03
1.857224968960578053e+03 2.498593284015230438e+03 -8.407725747252099779e+01 0.000000000000000000e+00 0.000000000000000000e+00 -2.677525832528715455e-02 4.077421206398284224e-03 4.077421206398281622e-03 2.883787309208924593e-03
1.565139298722958756e+03 2.502262653490504817e+03 -7.662022394460598207e+01 0.000000000000000000e+00 0.000000000000000000e+00 -5.199325980487401466e-02 4.077421206398284224e-03 4.077421206398281622e-03 2.883711224264916707e-03
1.565140304732901996e+03 2.502310587119029151e+03 -7.662168447540470595e+01 0.000000000000000000e+00 0.000000000000000000e+00 -2.467130906818226777e-02 4.077421206398284224e-03 4.077421206398281622e-03 2.883711236418533361e-03
1.565123342581057386e+03 2.502340544356228747e+03 -7.662217948052656880e+01 0.000000000000000000e+00 0.000000000000000000e+00 -3.516425582861870680e-02 4.077421206398284224e-03 4.077421206398281622e-03 2.883711239757664850e-03
1.366313248824420043e+03 2.341333449537283741e+03 -6.749723669615507049e+01 0.000000000000000000e+00 0.000000000000000000e+00 -3.818052915623582066e-02 4.077421206398284224e-03 4.077421206398281622e-03 2.883626562563812185e-03
1.366317381145905983e+03 2.341294570038955044e+03 -6.749622431755084051e+01 0.000000000000000000e+00 0.000000000000000000e+00 -2.860695731838802658e-02 4.077421206398284224e-03 4.077421206398281622e-03 2.883626554194880336e-03
1.366333342235996952e+03 2.341248615963533211e+03 -6.749525896106348455e+01 0.000000000000000000e+00 0.000000000000000000e+00 -3.149276450864135768e-02 4.077421206398284224e-03 4.077421206398281622e-03 2.883626546689163801e-03
1.504981097566192602e+03 2.129543747760408223e+03 -6.482226295441353159e+01 0.000000000000000000e+00 0.000000000000000000e+00 -6.849077463812136557e-03 4.077421206398284224e-03 4.077421206398281622e-03 2.883610117902987713e-03
1.504975863587733556e+03 2.129533978524531449e+03 -6.482189058324388498e+01 0.000000000000000000e+00 0.000000000000000000e+00 3.989710384928457643e-03 4.077421206398284224e-03 4.077421206398281622e-03 2.883610114534090104e-03
1.505019732056850444e+03 2.129448485829323090e+03 -6.482069975347624791e+01 0.000000000000000000e+00 0.000000000000000000e+00 -2.668024052891837528e-02 4.077421206398284224e-03 4.077421206398281622e-03 2.883610106656278853e-03
1.149153621563811839e+03 2.133090053586751765e+03 -5.766230184663049840e+01 0.000000000000000000e+00 0.000000000000000000e+00 -8.569856094084116194e-03 4.077421206398284224e-03 4.077421206398281622e-03 2.883535025776873695e-03
1.123234145903320268e+03 2.478233962584542951e+03 -6.685805442820370104e+01 0.000000000000000000e+00 0.000000000000000000e+00 -6.538551731637198827e-03 4.077421206398284224e-03 4.077421206398281622e-03 2.883612805576191498e-03
1.123293689520476164e+03 2.478133021477239708e+03 -6.685605550777788153e+01 0.000000000000000000e+00 0.000000000000000000e+00 -3.261192794855105603e-02 4.077421206398284224e-03 4.077421206398281622e-03 2.883612790296841664e-03
1.123319831141060376e+03 2.478137334997250036e+03 -6.685663300862337621e+01 0.000000000000000000e+00 0.000000000000000000e+00 -4.609498599521089091e-03 4.077421206398284224e-03 4.077421206398281622e-03 2.883612795989433028e-03
8.869405866104131064e+02 2.527641331748676294e+03 -6.472371257399970546e+01 0.000000000000000000e+00 0.000000000000000000e+00 -3.532606325353526699e-02 4.077421206398284224e-03 4.077421206398281622e-03 2.883588477614672501e-03
8.868562270380296013e+02 2.527717108090276270e+03 -6.472488532077618117e+01 0.000000000000000000e+00 0.000000000000000000e+00 -2.504193293823675504e-02 4.077421206398284224e-03 4.077421206398281622e-03 2.883588485855646810e-03
8.869776168826435878e+02 2.527612568955019924e+03 -6.472333539964937188e+01 0.000000000000000000e+00 0.000000000000000000e+00 -7.429526365186234216e-03 4.077421206398284224e-03 4.077421206398281622e-03 2.883588475181259655e-03
8.725567256682398920e+02 2.124917939015529100e+03 -5.314037670566674620e+01 0.000000000000000000e+00 0.000000000000000000e+00 -1.644619278034298304e-02 4.077421206398284224e-03 4.077421206398281622e-03 2.883487990436060539e-03
8.726357983346522360e+02 2.124824710331165988e+03 -5.313902066775995081e+01 0.000000000000000000e+00 0.000000000000000000e+00 -4.991652017496761573e-02 4.077421206398284224e-03 4.077421206398281622e-03 2.883487980580108981e-03
6.840627283546978106e+02 2.367099953255065429e+03 -5.751437307509377206e+01 0.000000000000000000e+00 0.000000000000000000e+00 -4.200121470480411290e-02 4.077421206398284224e-03 4.077421206398281622e-03 2.883522124259248632e-03
6.840068991148901887e+02 2.367115916170362652e+03 -5.751424594813443036e+01 0.000000000000000000e+00 0.000000000000000000e+00 -2.939875911633293981e-02 4.077421206398284224e-03 4.077421206398281622e-03 2.883522122188325338e-03
4.977416109809647651e+02 2.539460423689781237e+03 -6.096258113696855219e+01 0.000000000000000000e+00 0.000000000000000000e+00 6.987869948261504760e-03 4.077421206398284224e-03 4.077421206398281622e-03 2.883549456632631888e-03
4.977861052354910498e+02 2.539386950229701142e+03 -6.096065708158712937e+01 0.000000000000000000e+00 0.000000000000000000e+00 -3.109701602177494806e-03 4.077421206398284224e-03 4.077421206398281622e-03 2.883549440402688284e-03
4.958440975372598700e+02 2.131608478465936969e+03 -4.933148170598262539e+01 0.000000000000000000e+00 0.000000000000000000e+00 1.482484742934531141e-02 4.077421206398284224e-03 4.077421206398281622e-03 2.883447663743910882e-03
4.957327089314104569e+02 2.131579793058049745e+03 -4.932987748422962682e+01 0.000000000000000000e+00 0.000000000000000000e+00 8.926144910432753932e-04 4.077421206398284224e-03 4.077421206398281622e-03 2.883447648165294794e-03
2.832578403288681329e+03 1.776562359049675933e+03 -1.002548480011839160e+02 0.000000000000000000e+00 0.000000000000000000e+00 -1.179686826304759961e-02 4.077423904752024326e-03 4.077423904752021724e-03 2.884004091161073390e-03
2.832599978936978914e+03 1.776561998998732179e+03 -1.002557563019550457e+02 0.000000000000000000e+00 0.000000000000000000e+00 -3.558898592152104357e-02 4.077423904752024326e-03 4.077423904752021724e-03 2.884004100663781905e-03
2.832564663667653349e+03 1.776587958529777325e+03 -1.002547971307812986e+02 0.000000000000000000e+00 0.000000000000000000e+00 -5.249378789750380747e-02 4.077423904752024326e-03 4.077423904752021724e-03 2.884004088873647932e-03
2.486433508322651051e+03 1.790162042673622409e+03 -8.667974125596040835e+01 0.000000000000000000e+00 0.000000000000000000e+00 7.935256894768372149e-03 4.077423904752024326e-03 4.077423904752021724e-03 2.883861059566008092e-03
2.486504207097229937e+03 1.790000466784176069e+03 -8.667897283449369183e+01 0.000000000000000000e+00 0.000000000000000000e+00 -1.990033867068063955e-02 4.077423904752024326e-03 4.077423904752021724e-03 2.883861061677716036e-03
2.655169944078865683e+03 1.620616041458699783e+03 -8.981784532611239058e+01 0.000000000000000000e+00 0.000000000000000000e+00 1.307457138271672648e-02 4.077423904752024326e-03 4.077423904752021724e-03 2.883904747726996707e-03
2.655181850427463360e+03 1.620579799805928133e+03 -8.981762978671862641e+01 0.000000000000000000e+00 0.000000000000000000e+00 -3.845914930124649800e-03 4.077423904752024326e-03 4.077423904752021724e-03 2.883904747708541851e-03
2.489191855168097391e+03 1.369214505154773633e+03 -7.888677998203431230e+01 0.000000000000000000e+00 0.000000000000000000e+00 2.189772559526659279e-02 4.077423904752024326e-03 4.077423904752021724e-03 2.883803066064339650e-03
2.489266446899238872e+03 1.369086095706205015e+03 -7.888751870760364682e+01 0.000000000000000000e+00 0.000000000000000000e+00 -7.066224986658653506e-03 4.077423904752024326e-03 4.077423904752021724e-03 2.883803080904002569e-03
2.489302446544755639e+03 1.369095382549274291e+03 -7.888903585961227805e+01 0.000000000000000000e+00 0.000000000000000000e+00 3.304198991685325382e-02 4.077423904752024326e-03 4.077423904752021724e-03 2.883803096667520664e-03
2.835108101665071899e+03 1.357750777094432578e+03 -9.266979498731475928e+01 0.000000000000000000e+00 0.000000000000000000e+00 -2.831844458651744389e-02 4.077423904752024326e-03 4.077423904752021724e-03 2.883950906437734042e-03
2.835236843731111549e+03 1.357750846478153790e+03 -9.267530503456585222e+01 0.000000000000000000e+00 0.000000000000000000e+00 -4.594628037948211841e-02 4.077423904752024326e-03 4.077423904752021724e-03 2.883950965050128493e-03
2.835233968545058815e+03 1.357714604425210155e+03 -9.267460480546247936e+01 0.000000000000000000e+00 0.000000000000000000e+00 -8.367576816908695037e-03 4.077423904752024326e-03 4.077423904752021724e-03 2.883950959724423772e-03
2.195614830573707422e+03 1.735786381683802347e+03 -7.519617013417091300e+01 0.000000000000000000e+00 0.000000000000000000e+00 4.887056626783703450e-02 4.077423904752024326e-03 4.077423904752021724e-03 2.883743206125955090e-03
2.195654736387127286e+03 1.735695415075000710e+03 -7.519561581604966705e+01 0.000000000000000000e+00 0.000000000000000000e+00 2.370553132027453103e-02 4.077423904752024326e-03 4.077423904752021724e-03 2.883743205481473226e-03
2.195662795472655944e+03 1.735667726155363880e+03 -7.519531022531249675e+01 0.000000000000000000e+00 0.000000000000000000e+00 3.353920451060332653e-02 4.077423904752024326e-03 4.077423904752021724e-03 2.883743203835750606e-03
1.849210681111334907e+03 1.742031693693792931e+03 -6.460384918895537965e+01 0.000000000000000000e+00 0.000000000000000000e+00 -2.078169602164336993e-02 4.077423904752024326e-03 4.077423904752021724e-03 2.883630400145529866e-03
1.849197707030289166e+03 1.741964435761027516e+03 -6.460206365397311856e+01 0.000000000000000000e+00 0.000000000000000000e+00 -3.806584705094451238e-02 4.077423904752024326e-03 4.077423904752021724e-03 2.883630384683040938e-03
1.849184429415705836e+03 1.741979809523940730e+03 -6.460201042075567557e+01 0.000000000000000000e+00 0.000000000000000000e+00 -4.982154646930325725e-02 4.077423904752024326e-03 4.077423904752021724e-03 2.883630383306949423e-03
1.982315968891509328e+03 1.599789164348475424e+03 -6.564843413775992076e+01 0.000000000000000000e+00 0.000000000000000000e+00 1.158433108021199587e-01 4.077423904752024326e-03 4.077423904752021724e-03 2.883648991476409594e-03
1.982456344319752588e+03 1.599617381843568637e+03 -6.564939057732010497e+01 0.000000000000000000e+00 0.000000000000000000e+00 2.947777761764314164e-02 4.077423904752024326e-03 4.077423904752021724e-03 2.883649010626325188e-03
2.186207697232773171e+03 1.364940083403776271e+03 -6.797964534523053715e+01 0.000000000000000000e+00 0.000000000000000000e+00 2.930024199066849633e-02 4.077423904752024326e-03 4.077423904752021724e-03 2.883685995266372770e-03
2.186267967953245716e+03 1.364834411559936370e+03 -6.797993418324736581e+01 0.000000000000000000e+00 0.000000000000000000e+00 2.101337102354250419e-02 4.077423904752024326e-03 4.077423904752021724e-03 2.883686003628649786e-03
1.849931523267308648e+03 1.336103005381190542e+03 -5.704573827492616545e+01 0.000000000000000000e+00 0.000000000000000000e+00 -3.936300189295849350e-02 4.077423904752024326e-03 4.077423904752021724e-03 2.883569002230114420e-03
1.849913186860823089e+03 1.336096328027881100e+03 -5.704510477583814065e+01 0.000000000000000000e+00 0.000000000000000000e+00 2.383129741937040080e-02 4.077423904752024326e-03 4.077423904752021724e-03 2.883568995648237016e-03
1.849915979178059615e+03 1.336097014976358878e+03 -5.704519588432900434e+01 0.000000000000000000e+00 0.000000000000000000e+00 1.275589679435995549e-02 4.077423904752024326e-03 4.077423904752021724e-03 2.883568996607078529e-03
1.838188732594024714e+03 1.035502089061122206e+03 -5.236709029809334481e+01 0.000000000000000000e+00 0.000000000000000000e+00 -4.576881645579078395e-02 4.077423904752024326e-03 4.077423904752021724e-03 2.883530255245753387e-03
1.838168260711463745e+03 1.035616400804314708e+03 -5.236794880736296420e+01 0.000000000000000000e+00 0.000000000000000000e+00 -1.292997896536007829e-02 4.077423904752024326e-03 4.077423904752021724e-03 2.883530260402876813e-03
2.170441467907462084e+03 1.029668660552187930e+03 -6.261686589896629584e+01 0.000000000000000000e+00 0.000000000000000000e+00 1.701273847266548955e-02 4.077423904752024326e-03 4.077423904752021724e-03 2.883642974593457649e-03
2.170411810135232827e+03 1.029618497836326696e+03 -6.261524934205984039e+01 0.000000000000000000e+00 0.000000000000000000e+00 2.401719893915554849e-02 4.077423904752024326e-03 4.077423904752021724e-03 2.883642958961601162e-03
2.170422712406343180e+03 1.029550358118752456e+03 -6.261476961395146645e+01 0.000000000000000000e+00 0.000000000000000000e+00 2.952300568539101278e-02 4.077423904752024326e-03 4.077423904752021724e-03 2.883642956507860827e-03
2.010309682325759695e+03 8.692108899275581280e+02 -5.559068553094151355e+01 0.000000000000000000e+00 0.000000000000000000e+00 3.213419658025173931e-02 4.077423904752024326e-03 4.077423904752021724e-03 2.883571827610801209e-03
2.188687726436766297e+03 6.379949419264180506e+02 -5.930750663838151127e+01 0.000000000000000000e+00 0.000000000000000000e+00 4.605716175503715704e-02 4.077423904752024326e-03 4.077423904752021724e-03 2.883620457543522968e-03
2.188828268742155160e+03 6.379270558732036989e+02 -5.931176290675992391e+01 0.000000000000000000e+00 0.000000000000000000e+00 5.937998182869819175e-02 4.077423904752024326e-03 4.077423904752021724e-03 2.883620506755326003e-03
1.862686565869325250e+03 6.039150184206125687e+02 -4.876434851387491420e+01 0.000000000000000000e+00 0.000000000000000000e+00 1.751506559355675563e-02 4.077423904752024326e-03 4.077423904752021724e-03 2.883504060040805936e-03
1.862740479244923336e+03 6.038528132631497556e+02 -4.876546335262798237e+01 0.000000000000000000e+00 0.000000000000000000e+00 5.676738271432668625e-03 4.077423904752024326e-03 4.077423904752021724e-03 2.883504074100296487e-03
2.460293992205788072e+03 1.007262654985593599e+03 -7.267384401978939934e+01 0.000000000000000000e+00 0.000000000000000000e+00 -1.322503098414529177e-02 4.077423904752024326e-03 4.077423904752021724e-03 2.883753688156986007e-03
2.460599306553412589e+03 1.007182729876198437e+03 -7.268440842646398892e+01 0.000000000000000000e+00 0.000000000000000000e+00 6.360143907045312517e-03 4.077423904752024326e-03 4.077423904752021724e-03 2.883753806645947704e-03
2.832495339390942718e+03 1.028473082129187787e+03 -8.795245887254938566e+01 0.000000000000000000e+00 0.000000000000000000e+00 2.032139929667664546e-03 4.077423904752024326e-03 4.077423904752021724e-03 2.883918159101373641e-03
2.832532118031436312e+03 1.028387188440581212e+03 -8.795300504257897956e+01 0.000000000000000000e+00 0.000000000000000000e+00 -2.998294996388040090e-02 4.077423904752024326e-03 4.077423904752021724e-03 2.883918169194208195e-03
2.832638696107099349e+03 1.028336649588959517e+03 -8.795697545933005301e+01 0.000000000000000000e+00 0.000000000000000000e+00 -9.620619112510553350e-03 4.077423904752024326e-03 4.077423904752021724e-03 2.883918214445835727e-03
2.676002054450425476e+03 8.831272997353837582e+02 -7.976360359618610119e+01 0.000000000000000000e+00 0.000000000000000000e+00 1.671068707796052877e-02 4.077423904752024326e-03 4.077423904752021724e-03 2.883836187727052084e-03
2.676032790577521610e+03 8.830988108487072168e+02 -7.976456369014380243e+01 0.000000000000000000e+00 0.000000000000000000e+00 1.092616072503460600e-02 4.077423904752024326e-03 4.077423904752021724e-03 2.883836199378610275e-03
2.483900018983121754e+03 6.120270669600356541e+02 -6.977907861999159422e+01 0.000000000000000000e+00 0.000000000000000000e+00 -4.293052967344124227e-02 4.077423904752024326e-03 4.077423904752021724e-03 2.883736993338201649e-03
2.483891224932458954e+03 6.120770850243764016e+02 -6.977910178803389840e+01 0.000000000000000000e+00 0.000000000000000000e+00 -9.944110805349737348e-03 4.077423904752024326e-03 4.077423904752021724e-03 2.883736992005008111e-03
2.483987404950913515e+03 6.120118766304995006e+02 -6.978231292575154043e+01 0.000000000000000000e+00 0.000000000000000000e+00 -2.187505740707251789e-02 4.077423904752024326e-03 4.077423904752021724e-03 2.883737029452793001e-03
2.825025171438909638e+03 6.026376486503722845e+02 -8.358914930289382994e+01 0.000000000000000000e+00 0.000000000000000000e+00 3.237566373012157328e-02 4.077423904752024326e-03 4.077423904752021724e-03 2.883888740630776576e-03
2.825108882528729282e+03 6.025206401330892731e+02 -8.359194329460105166e+01 0.000000000000000000e+00 0.000000000000000000e+00 1.002277663120310081e-02 4.077423904752024326e-03 4.077423904752021724e-03 2.883888775179396183e-03
2.825064273670649527e+03 6.024982135878760801e+02 -8.358986658891362254e+01 0.000000000000000000e+00 0.000000000000000000e+00 -1.228715561387616617e-02 4.077423904752024326e-03 4.077423904752021724e-03 2.883888753293002011e-03
2.480488591070041821e+03 2.855404081108373475e+02 -6.795273841315946584e+01 0.000000000000000000e+00 0.000000000000000000e+00 4.033236561161857026e-02 4.077423904752024326e-03 4.077423904752021724e-03 2.883725334539145695e-03
2.480476627295273374e+03 2.855040209232880102e+02 -6.795216374705179874e+01 0.000000000000000000e+00 0.000000000000000000e+00 -2.406661423805189770e-03 4.077423904752024326e-03 4.077423904752021724e-03 2.883725328899668528e-03
2.480532041827403191e+03 2.855069492186781872e+02 -6.795429702217805357e+01 0.000000000000000000e+00 0.000000000000000000e+00 1.576127206217847743e-02 4.077423904752024326e-03 4.077423904752021724e-03 2.883725352527337794e-03
2.842188602842451473e+03 2.751650875037073547e+02 -8.271094813097845133e+01 0.000000000000000000e+00 0.000000000000000000e+00 3.390658162480519877e-02 4.077423904752024326e-03 4.077423904752021724e-03 2.883888535574802205e-03
2.842226686434491512e+03 2.751765307751997511e+02 -8.271263559493293371e+01 0.000000000000000000e+00 0.000000000000000000e+00 2.500788053852431858e-02 4.077423904752024326e-03 4.077423904752021724e-03 2.883888553847642911e-03
2.842122618148652236e+03 2.752085930059659518e+02 -8.270821178482363223e+01 0.000000000000000000e+00 0.000000000000000000e+00 2.866917620890774288e-02 4.077423904752024326e-03 4.077423904752021724e-03 2.883888504542563794e-03
2.676179879639301816e+03 1.364375042923476826e+02 -7.539482468971721119e+01 0.000000000000000000e+00 0.000000000000000000e+00 4.022370273844444455e-02 4.077423904752024326e-03 4.077423904752021724e-03 2.883810567745791024e-03
2.676145937448647146e+03 1.364184482563629786e+02 -7.539340321947902623e+01 0.000000000000000000e+00 0.000000000000000000e+00 5.439099529998259186e-02 4.077423904752024326e-03 4.077423904752021724e-03 2.883810552322957441e-03
2.676122329004164385e+03 1.364081650909915879e+02 -7.539241841133070920e+01 0.000000000000000000e+00 0.000000000000000000e+00 5.202176955890536192e-02 4.077423904752024326e-03 4.077423904752021724e-03 2.883810541590765397e-03
2.503211282334225871e+03 -1.206010577610780672e+02 -6.855079644805751116e+01 0.000000000000000000e+00 0.000000000000000000e+00 5.575302296632855814e-02 4.077423904752024326e-03 4.077423904752021724e-03 2.883737245006903153e-03
2.503268270275552368e+03 -1.205613145785754483e+02 -6.855293170984657536e+01 0.000000000000000000e+00 0.000000000000000000e+00 5.301906767780906193e-02 4.077423904752024326e-03 4.077423904752021724e-03 2.883737268632381029e-03
2.503290666656755548e+03 -1.205980283567497935e+02 -6.855386657585766841e+01 0.000000000000000000e+00 0.000000000000000000e+00 3.363097277370741267e-02 4.077423904752024326e-03 4.077423904752021724e-03 2.883737279258915404e-03
2.842743945086552230e+03 -1.408891766998301875e+02 -8.255981021273350962e+01 0.000000000000000000e+00 0.000000000000000000e+00 4.715999065791720568e-02 4.077423904752024326e-03 4.077423904752021724e-03 2.883892819617309665e-03
2.842800715873177978e+03 -1.409121468930181322e+02 -8.256232898980054813e+01 0.000000000000000000e+00 0.000000000000000000e+00 6.147029527708980368e-02 4.077423904752024326e-03 4.077423904752021724e-03 2.883892847536615855e-03
2.842756944387616386e+03 -1.408752507331111303e+02 -8.256034627937107473e+01 0.000000000000000000e+00 0.000000000000000000e+00 6.377562555572069414e-02 4.077423904752024326e-03 4.077423904752021724e-03 2.883892825450769682e-03
2.223383917692978684e+03 -1.252033000493409105e+02 -5.828237018056956487e+01 0.000000000000000000e+00 0.000000000000000000e+00 6.605829600574963933e-02 4.077423904752024326e-03 4.077423904752021724e-03 2.883622166921014519e-03
2.223250347297199824e+03 -1.251485928487761612e+02 -5.827763585381013911e+01 0.000000000000000000e+00 0.000000000000000000e+00 6.038664164259444078e-02 4.077423904752024326e-03 4.077423904752021724e-03 2.883622113428407907e-03
2.223271926765066382e+03 -1.251495333283981495e+02 -5.827838614548885232e+01 0.000000000000000000e+00 0.000000000000000000e+00 7.578721208461303149e-02 4.077423904752024326e-03 4.077423904752021724e-03 2.883622121877155251e-03
2.203945249030203286e+03 2.268699715646739890e+02 -5.773567445867206516e+01 0.000000000000000000e+00 0.000000000000000000e+00 5.421503391050919163e-02 4.077423904752024326e-03 4.077423904752021724e-03 2.883612475618005724e-03
2.204049488759781070e+03 2.268261630315263631e+02 -5.773914146787983270e+01 0.000000000000000000e+00 0.000000000000000000e+00 5.209829381092845324e-02 4.077423904752024326e-03 4.077423904752021724e-03 2.883612515158451729e-03
2.204118650291528411e+03 2.267529732424721942e+02 -5.774132961712885503e+01 0.000000000000000000e+00 0.000000000000000000e+00 1.390834042944533167e-02 4.077423904752024326e-03 4.077423904752021724e-03 2.883612540855073209e-03
1.869152640179145237e+03 2.619530626427570041e+02 -4.717381884974662398e+01 0.000000000000000000e+00 0.000000000000000000e+00 -2.813321784728373132e-03 4.077423904752024326e-03 4.077423904752021724e-03 2.883493233284430829e-03
1.869187766494051857e+03 2.618433069348081403e+02 -4.717451204010401966e+01 0.000000000000000000e+00 0.000000000000000000e+00 -1.645754349139139094e-02 4.077423904752024326e-03 4.077423904752021724e-03 2.883493242756635967e-03
1.869092752306380362e+03 2.619302751149989490e+02 -4.717199209412370919e+01 0.000000000000000000e+00 0.000000000000000000e+00 -9.597440345075369805e-03 4.077423904752024326e-03 4.077423904752021724e-03 2.883493213030525505e-03
2.016457967840323818e+03 1.093280565393541366e+02 -5.134018075400972236e+01 0.000000000000000000e+00 0.000000000000000000e+00 4.129360497151424170e-02 4.077423904752024326e-03 4.077423904752021724e-03 2.883542206800628494e-03
2.016488050953340007e+03 1.093575409443308217e+02 -5.134116409699599615e+01 0.000000000000000000e+00 0.000000000000000000e+00 -4.687369416629394436e-04 4.077423904752024326e-03 4.077423904752021724e-03 2.883542217565866154e-03
2.016489666788640989e+03 1.093874778115157227e+02 -5.134124891830042259e+01 0.000000000000000000e+00 0.000000000000000000e+00 5.232171742895275202e-02 4.077423904752024326e-03 4.077423904752021724e-03 2.883542218194761527e-03
1.837943980453413587e+03 -1.368790553445489877e+02 -4.603474243447610093e+01 0.000000000000000000e+00 0.000000000000000000e+00 3.409285995800814817e-03 4.077423904752024326e-03 4.077423904752021724e-03 2.883483658077397749e-03
1.837956347294210900e+03 -1.369088619502646509e+02 -4.603515796741866950e+01 0.000000000000000000e+00 0.000000000000000000e+00 2.852516038832675349e-02 4.077423904752024326e-03 4.077423904752021724e-03 2.883483662841556001e-03
1.837926347800673511e+03 -1.370013262668840355e+02 -4.603446818230925430e+01 0.000000000000000000e+00 0.000000000000000000e+00 2.033222452703142835e-02 4.077423904752024326e-03 4.077423904752021724e-03 2.883483655127882118e-03
2.167899309133614224e+03 -1.512534096971484416e+02 -5.643228008312869548e+01 0.000000000000000000e+00 0.000000000000000000e+00 1.719451025174123515e-03 4.077423904752024326e-03 4.077423904752021724e-03 2.883601404292271495e-03
2.167873932942139163e+03 -1.511538232739055445e+02 -5.643120520442151644e+01 0.000000000000000000e+00 0.000000000000000000e+00 1.801925457923658769e-02 4.077423904752024326e-03 4.077423904752021724e-03 2.883601391924233478e-03
2.503355842477701117e+03 -4.582965959444505870e+02 -6.988060810649480459e+01 0.000000000000000000e+00 0.000000000000000000e+00 2.378141274826361951e-02 4.077423904752024326e-03 4.077423904752021724e-03 2.883751618922829590e-03
2.503442942080766898e+03 -4.583795923507787506e+02 -6.988448421765566820e+01 0.000000000000000000e+00 0.000000000000000000e+00 1.336425617283509837e-02 4.077423904752024326e-03 4.077423904752021724e-03 2.883751661569185654e-03
2.844756040153976755e+03 -4.820476111681913380e+02 -8.408284866082800590e+01 0.000000000000000000e+00 0.000000000000000000e+00 3.864567212806946372e-02 4.077423904752024326e-03 4.077423904752021724e-03 2.883909133773455025e-03
2.844708184482734396e+03 -4.821273203808094081e+02 -8.408126676140457789e+01 0.000000000000000000e+00 0.000000000000000000e+00 3.649269703487334482e-05 4.077423904752024326e-03 4.077423904752021724e-03 2.883909115626517514e-03
2.844742224454450934e+03 -4.821242541594205591e+02 -8.408272959646023992e+01 0.000000000000000000e+00 0.000000000000000000e+00 3.933111816215273393e-02 4.077423904752024326e-03 4.077423904752021724e-03 2.883909131790323484e-03
2.675756281595965902e+03 -6.160884005196469388e+02 -7.787696587511409518e+01 0.000000000000000000e+00 0.000000000000000000e+00 3.621715301235894913e-03 4.077423904752024326e-03 4.077423904752021724e-03 2.883838910268030336e-03
2.675717325733788130e+03 -6.161042264964321475e+02 -7.787548708275434706e+01 0.000000000000000000e+00 0.000000000000000000e+00 3.840596250228145436e-03 4.077423904752024326e-03 4.077423904752021724e-03 2.883838893627457302e-03
2.675759532063351799e+03 -6.161300993785707760e+02 -7.787743149739476678e+01 0.000000000000000000e+00 0.000000000000000000e+00 2.320456774243950804e-02 4.077423904752024326e-03 4.077423904752021724e-03 2.883838914832084765e-03
2.846428976435440745e+03 -8.861625402111130825e+02 -8.769654068351314891e+01 0.000000000000000000e+00 0.000000000000000000e+00 -1.197555038240238900e-02 4.077423904752024326e-03 4.077423904752021724e-03 2.883941837200621871e-03
2.846501768117428583e+03 -8.861757648665748093e+02 -8.769985475268508424e+01 0.000000000000000000e+00 0.000000000000000000e+00 -9.465918089105684885e-03 4.077423904752024326e-03 4.077423904752021724e-03 2.883941873231151993e-03
2.846497966746674592e+03 -8.862075459686427621e+02 -8.770004614346761684e+01 0.000000000000000000e+00 0.000000000000000000e+00 1.359463768686453022e-02 4.077423904752024326e-03 4.077423904752021724e-03 2.883941874496743357e-03
2.495283454386456469e+03 -8.744246030846311442e+02 -7.314426091220425974e+01 0.000000000000000000e+00 0.000000000000000000e+00 5.785710112323272369e-02 4.077423904752024326e-03 4.077423904752021724e-03 2.883781162238703132e-03
2.495451472044920592e+03 -8.744612340589906125e+02 -7.315115770923813443e+01 0.000000000000000000e+00 0.000000000000000000e+00 1.052844104137307113e-02 4.077423904752024326e-03 4.077423904752021724e-03 2.883781238193764817e-03
2.495270642201335704e+03 -8.743216796772728685e+02 -7.314261673737266278e+01 0.000000000000000000e+00 0.000000000000000000e+00 3.379014637332033999e-02 4.077423904752024326e-03 4.077423904752021724e-03 2.883781146482743661e-03
2.233054075332891443e+03 -5.145250523238614733e+02 -6.028460413284484076e+01 0.000000000000000000e+00 0.000000000000000000e+00 4.964558532123675150e-02 4.077423904752024326e-03 4.077423904752021724e-03 2.883643342702511304e-03
2.233052414274393414e+03 -5.144983070325686185e+02 -6.028436662391622747e+01 0.000000000000000000e+00 0.000000000000000000e+00 5.195389894673496656e-02 4.077423904752024326e-03 4.077423904752021724e-03 2.883643340317247443e-03
2.233111486329370109e+03 -5.145055404661629836e+02 -6.028647469865687469e+01 0.000000000000000000e+00 0.000000000000000000e+00 7.304461410623730444e-02 4.077423904752024326e-03 4.077423904752021724e-03 2.883643364011818921e-03
2.227683309151530466e+03 -8.641323828395259170e+02 -6.320997252968727054e+01 0.000000000000000000e+00 0.000000000000000000e+00 3.966584255142890925e-02 4.077423904752024326e-03 4.077423904752021724e-03 2.883670133506642010e-03
2.227716895150272649e+03 -8.642023943662043166e+02 -6.321191633009216559e+01 0.000000000000000000e+00 0.000000000000000000e+00 5.250827865722840215e-02 4.077423904752024326e-03 4.077423904752021724e-03 2.883670153682585391e-03
2.227845295196721509e+03 -8.643265453514034107e+02 -6.321775662519534933e+01 0.000000000000000000e+00 0.000000000000000000e+00 3.530071254380828805e-02 4.077423904752024326e-03 4.077423904752021724e-03 2.883670216402875724e-03
2.017152943684135835e+03 -7.041873542336559240e+02 -5.460036075260855881e+01 0.000000000000000000e+00 0.000000000000000000e+00 3.298478639589319528e-02 4.077423904752024326e-03 4.077423904752021724e-03 2.883576239591206791e-03
2.017162516873002232e+03 -7.041520537121091365e+02 -5.460034267772553562e+01 0.000000000000000000e+00 0.000000000000000000e+00 5.650539824459599458e-02 4.077423904752024326e-03 4.077423904752021724e-03 2.883576240039770287e-03
2.017216541016347719e+03 -7.041504741266712699e+02 -5.460203938947222468e+01 0.000000000000000000e+00 0.000000000000000000e+00 3.091082305250125728e-02 4.077423904752024326e-03 4.077423904752021724e-03 2.883576259320940263e-03
1.862166670561429328e+03 -8.759643463278487161e+02 -5.162221120426016796e+01 0.000000000000000000e+00 0.000000000000000000e+00 1.311506702674591907e-02 4.077423904752024326e-03 4.077423904752021724e-03 2.883538654800843481e-03
1.862244081366663522e+03 -8.760144376480436677e+02 -5.162504744474875196e+01 0.000000000000000000e+00 0.000000000000000000e+00 6.303185161478097598e-03 4.077423904752024326e-03 4.077423904752021724e-03 2.883538685841571629e-03
1.862209411369839245e+03 -8.760288081983221673e+02 -5.162419230984353646e+01 0.000000000000000000e+00 0.000000000000000000e+00 4.287064485836822314e-03 4.077423904752024326e-03 4.077423904752021724e-03 2.883538675748052293e-03
1.826464743610356891e+03 -5.275376843956241828e+02 -4.742164212463900697e+01 0.000000000000000000e+00 0.000000000000000000e+00 3.040784282539732430e-03 4.077423904752024326e-03 4.077423904752021724e-03 2.883497296419799787e-03
1.826522770846265530e+03 -5.275865536325848097e+02 -4.742364970840219485e+01 0.000000000000000000e+00 0.000000000000000000e+00 2.219994282275195019e-02 4.077423904752024326e-03 4.077423904752021724e-03 2.883497318707223863e-03
2.494930993725824919e+03 -1.201969043573925092e+03 -7.744963368380240354e+01 0.000000000000000000e+00 0.000000000000000000e+00 3.280622585225501098e-02 4.077423904752024326e-03 4.077423904752021724e-03 2.883818677264566709e-03
2.494992814866839126e+03 -1.201984925843234578e+03 -7.745225583494271859e+01 0.000000000000000000e+00 0.000000000000000000e+00 1.300571822758911367e-02 4.077423904752024326e-03 4.077423904752021724e-03 2.883818705691367987e-03
2.494993507834623870e+03 -1.201934716158120182e+03 -7.745151952035008946e+01 0.000000000000000000e+00 0.000000000000000000e+00 1.503840911477993814e-02 4.077423904752024326e-03 4.077423904752021724e-03 2.883818699445938466e-03
2.867251504121232756e+03 -1.195550542133937597e+03 -9.265441337182444670e+01 0.000000000000000000e+00 0.000000000000000000e+00 -4.909571272598611813e-02 4.077423904752024326e-03 4.077423904752021724e-03 2.883985813072314705e-03
2.867339258247840917e+03 -1.195609771629529405e+03 -9.265912903257526523e+01 0.000000000000000000e+00 0.000000000000000000e+00 -2.177938869860440718e-02 4.077423904752024326e-03 4.077423904752021724e-03 2.883985862025789226e-03
2.867379605074539541e+03 -1.195707524776223636e+03 -9.266235178151237051e+01 0.000000000000000000e+00 0.000000000000000000e+00 -2.043235823609279578e-02 4.077423904752024326e-03 4.077423904752021724e-03 2.883985893205788346e-03
2.671659532320975359e+03 -1.366615142293801682e+03 -8.712817992325828698e+01 0.000000000000000000e+00 0.000000000000000000e+00 3.317949253097651763e-02 4.077423904752024326e-03 4.077423904752021724e-03 2.883918274513348323e-03
2.671670237987694236e+03 -1.366601811014616032e+03 -8.712838960552865331e+01 0.000000000000000000e+00 0.000000000000000000e+00 4.058024058083731234e-02 4.077423904752024326e-03 4.077423904752021724e-03 2.883918277409256228e-03
2.671537110754571586e+03 -1.366570685250947236e+03 -8.712241285590739892e+01 0.000000000000000000e+00 0.000000000000000000e+00 1.874786639142200784e-02 4.077423904752024326e-03 4.077423904752021724e-03 2.883918213531907505e-03
2.864336550638651261e+03 -1.613968532619253892e+03 -9.982746328663638735e+01 0.000000000000000000e+00 0.000000000000000000e+00 6.143429984696524571e-02 4.077423904752024326e-03 4.077423904752021724e-03 2.884042950662772751e-03
2.864372248845349077e+03 -1.613942631944073128e+03 -9.982849416778023510e+01 0.000000000000000000e+00 0.000000000000000000e+00 3.365524915835749198e-02 4.077423904752024326e-03 4.077423904752021724e-03 2.884042963163108587e-03
2.864246038264825074e+03 -1.613948358528190738e+03 -9.982313958666202325e+01 0.000000000000000000e+00 0.000000000000000000e+00 6.233705380074638924e-02 4.077423904752024326e-03 4.077423904752021724e-03 2.884042905564025532e-03
2.509946140799096156e+03 -1.615749909972393652e+03 -8.535477864351673816e+01 0.000000000000000000e+00 0.000000000000000000e+00 1.816456022822876548e-04 4.077423904752024326e-03 4.077423904752021724e-03 2.883886565929005483e-03
2.510004340632175172e+03 -1.615712303151661217e+03 -8.535626032010821973e+01 0.000000000000000000e+00 0.000000000000000000e+00 4.440800131990840782e-02 4.077423904752024326e-03 4.077423904752021724e-03 2.883886584093459798e-03
2.510020587452085692e+03 -1.615706844203052015e+03 -8.535677572937865420e+01 0.000000000000000000e+00 0.000000000000000000e+00 4.045666951842008530e-02 4.077423904752024326e-03 4.077423904752021724e-03 2.883886590003898603e-03
2.223419056266116968e+03 -1.621350973229573128e+03 -7.501327081276137676e+01 0.000000000000000000e+00 0.000000000000000000e+00 2.460228297353239668e-02 4.077423904752024326e-03 4.077423904752021724e-03 2.883772810562508764e-03
2.223304484171489548e+03 -1.621283375511331769e+03 -7.500794281600811075e+01 0.000000000000000000e+00 0.000000000000000000e+00 3.678378436690366016e-02 4.077423904752024326e-03 4.077423904752021724e-03 2.883772755223901370e-03
2.223283883285440879e+03 -1.621164285224037485e+03 -7.500479987441559615e+01 0.000000000000000000e+00 0.000000000000000000e+00 6.298585495795805400e-02 4.077423904752024326e-03 4.077423904752021724e-03 2.883772726673097721e-03
2.230401947383648803e+03 -1.267344446230651101e+03 -6.878666464710489947e+01 0.000000000000000000e+00 0.000000000000000000e+00 3.220072739073032153e-02 4.077423904752024326e-03 4.077423904752021724e-03 2.883719802746449908e-03
2.230492127187589631e+03 -1.267375655246983797e+03 -6.879029661344763724e+01 0.000000000000000000e+00 0.000000000000000000e+00 -7.181082805729488427e-03 4.077423904752024326e-03 4.077423904752021724e-03 2.883719842091406454e-03
2.230457655232553407e+03 -1.267274918119572249e+03 -6.878747885036297305e+01 0.000000000000000000e+00 0.000000000000000000e+00 2.640358622987548642e-02 4.077423904752024326e-03 4.077423904752021724e-03 2.883719814584402401e-03
2.030301653134360095e+03 -1.371322858289711803e+03 -6.388187489314169909e+01 0.000000000000000000e+00 0.000000000000000000e+00 2.262299413499135881e-02 4.077423904752024326e-03 4.077423904752021724e-03 2.883660623041780623e-03
2.030389136651835543e+03 -1.371386913726505327e+03 -6.388576969746041812e+01 0.000000000000000000e+00 0.000000000000000000e+00 -2.202675807303933198e-03 4.077423904752024326e-03 4.077423904752021724e-03 2.883660664034689777e-03
2.030419475805416369e+03 -1.371350191369825779e+03 -6.388609195621732084e+01 0.000000000000000000e+00 0.000000000000000000e+00 2.375741180019730336e-02 4.077423904752024326e-03 4.077423904752021724e-03 2.883660669209764556e-03
1.844052901261360830e+03 -1.286756709109052736e+03 -5.679104290766541396e+01 0.000000000000000000e+00 0.000000000000000000e+00 4.303264253928773542e-02 4.077423904752024326e-03 4.077423904752021724e-03 2.883584151313801133e-03
1.844118684389263308e+03 -1.286783510422617610e+03 -5.679339137594790543e+01 0.000000000000000000e+00 0.000000000000000000e+00 5.601128034255253851e-02 4.077423904752024326e-03 4.077423904752021724e-03 2.883584176843651068e-03
1.844103017014965872e+03 -1.286818535361182967e+03 -5.679351329126567549e+01 0.000000000000000000e+00 0.000000000000000000e+00 3.911577858406189989e-02 4.077423904752024326e-03 4.077423904752021724e-03 2.883584176852630430e-03
1.866389573372046016e+03 -1.619446772781843720e+03 -6.360299392898942017e+01 0.000000000000000000e+00 0.000000000000000000e+00 7.856988186105695604e-03 4.077423904752024326e-03 4.077423904752021724e-03 2.883646030789489140e-03
1.866325085936602363e+03 -1.619370338823819338e+03 -6.359953672120433765e+01 0.000000000000000000e+00 0.000000000000000000e+00 -1.145658821476303046e-02 4.077423904752024326e-03 4.077423904752021724e-03 2.883645995885532679e-03
1.866379601170842079e+03 -1.619367326585283990e+03 -6.360106770289107203e+01 0.000000000000000000e+00 0.000000000000000000e+00 2.201013282067521004e-02 4.077423904752024326e-03 4.077423904752021724e-03 2.883646013176910643e-03
2.515657725132391533e+03 -1.958180109220279746e+03 -9.318503682002867095e+01 0.000000000000000000e+00 0.000000000000000000e+00 3.835522062760787776e-02 4.077423904752024326e-03 4.077423904752021724e-03 2.883950797179048609e-03
2.515716926314220018e+03 -1.958257781582683037e+03 -9.318918820721461316e+01 0.000000000000000000e+00 0.000000000000000000e+00 2.146895402023574206e-02 4.077423904752024326e-03 4.077423904752021724e-03 2.883950836537346480e-03
2.515623469746575665e+03 -1.958180541119586678e+03 -9.318373439922227419e+01 0.000000000000000000e+00 0.000000000000000000e+00 5.290945744407338225e-02 4.077423904752024326e-03 4.077423904752021724e-03 2.883950783218871845e-03
2.848624572222886400e+03 -1.964802310783324856e+03 -1.068556278401545399e+02 0.000000000000000000e+00 0.000000000000000000e+00 -4.967121085363146449e-02 4.077423904752024326e-03 4.077423904752021724e-03 2.884095126649472741e-03
2.848709317010525410e+03 -1.964843021962230978e+03 -1.068602306436279150e+02 0.000000000000000000e+00 0.000000000000000000e+00 -3.385763991579437970e-02 4.077423904752024326e-03 4.077423904752021724e-03 2.884095172060179187e-03
2.848769686259406626e+03 -1.964850068890700186e+03 -1.068629830315672962e+02 0.000000000000000000e+00 0.000000000000000000e+00 -2.364643468663985004e-02 4.077423904752024326e-03 4.077423904752021724e-03 2.884095200420248688e-03
2.693943584251659559e+03 -2.115387260957626040e+03 -1.041597087027141697e+02 0.000000000000000000e+00 0.000000000000000000e+00 1.639718825524028034e-02 4.077423904752024326e-03 4.077423904752021724e-03 2.884056188896472542e-03
2.694025921772106813e+03 -2.115442726979279087e+03 -1.041644845854502250e+02 0.000000000000000000e+00 0.000000000000000000e+00 5.807702529267544378e-03 4.077423904752024326e-03 4.077423904752021724e-03 2.884056234897141961e-03
2.864915212542490281e+03 -2.368035676381548001e+03 -1.181259790248007278e+02 0.000000000000000000e+00 0.000000000000000000e+00 1.338534476144559449e-02 4.077423904752024326e-03 4.077423904752021724e-03 2.884180524955444642e-03
2.864944448645750072e+03 -2.368014638819733591e+03 -1.181266232612717317e+02 0.000000000000000000e+00 0.000000000000000000e+00 3.238695643540268065e-02 4.077423904752024326e-03 4.077423904752021724e-03 2.884180533212882779e-03
2.524200167017335389e+03 -2.382949051150305422e+03 -1.048360951770351477e+02 0.000000000000000000e+00 0.000000000000000000e+00 1.750003755377349535e-02 4.077423904752024326e-03 4.077423904752021724e-03 2.884043276300713408e-03
2.524119837273460689e+03 -2.382895270271668778e+03 -1.048314807693632673e+02 0.000000000000000000e+00 0.000000000000000000e+00 2.181909773908330408e-02 4.077423904752024326e-03 4.077423904752021724e-03 2.884043232654651817e-03
2.524123487186209331e+03 -2.382904226246310373e+03 -1.048318795912571488e+02 0.000000000000000000e+00 0.000000000000000000e+00 -1.163884029872974679e-02 4.077423904752024326e-03 4.077423904752021724e-03 2.884043236097420023e-03
2.253503615222632561e+03 -2.001687963758987962e+03 -8.469010704198879580e+01 0.000000000000000000e+00 0.000000000000000000e+00 5.427801471344650963e-02 4.077423904752024326e-03 4.077423904752021724e-03 2.883856636201815368e-03
2.253635145274949991e+03 -2.001817634228986435e+03 -8.469789880883810440e+01 0.000000000000000000e+00 0.000000000000000000e+00 6.260554523878170130e-02 4.077423904752024326e-03 4.077423904752021724e-03 2.883856712233758696e-03
2.253621733393743853e+03 -2.001829418722466926e+03 -8.469772851685675619e+01 0.000000000000000000e+00 0.000000000000000000e+00 4.296106459574389191e-02 4.077423904752024326e-03 4.077423904752021724e-03 2.883856709644612784e-03
2.239435025369292816e+03 -2.364592408095827977e+03 -9.403210475082060782e+01 0.000000000000000000e+00 0.000000000000000000e+00 4.735912820635235221e-03 4.077423904752024326e-03 4.077423904752021724e-03 2.883931773428677608e-03
2.239488955843313761e+03 -2.364624596947323425e+03 -9.403488270837581808e+01 0.000000000000000000e+00 0.000000000000000000e+00 1.872481212737397982e-02 4.077423904752024326e-03 4.077423904752021724e-03 2.883931800399451312e-03
2.239545991282575869e+03 -2.364674678533756833e+03 -9.403828839322248712e+01 0.000000000000000000e+00 0.000000000000000000e+00 -1.637167687813700923e-02 4.077423904752024326e-03 4.077423904752021724e-03 2.883931832701090540e-03
2.043626673349437624e+03 -2.115900083527912102e+03 -8.068247598969999501e+01 0.000000000000000000e+00 0.000000000000000000e+00 -5.021398214964278850e-03 4.077423904752024326e-03 4.077423904752021724e-03 2.883805939800870074e-03
2.043634888594566064e+03 -2.115904232176008009e+03 -8.068284487960232809e+01 0.000000000000000000e+00 0.000000000000000000e+00 -6.751843618957309445e-03 4.077423904752024326e-03 4.077423904752021724e-03 2.883805943533601212e-03
1.862171645037532471e+03 -2.005044509265883107e+03 -7.232405647617058264e+01 0.000000000000000000e+00 0.000000000000000000e+00 1.130957675879074031e-02 4.077423904752024326e-03 4.077423904752021724e-03 2.883721556266764102e-03
1.862183958501105508e+03 -2.005032776185644934e+03 -7.232411662063231006e+01 0.000000000000000000e+00 0.000000000000000000e+00 2.066008351593495718e-02 4.077423904752024326e-03 4.077423904752021724e-03 2.883721557634937038e-03
1.880202542237896751e+03 -2.387237131317206149e+03 -8.336693941857180334e+01 0.000000000000000000e+00 0.000000000000000000e+00 3.767116691622618418e-02 4.077423904752024326e-03 4.077423904752021724e-03 2.883816854862789048e-03
1.869191134412952806e+03 -2.710430725513895595e+03 -9.325932366866982193e+01 0.000000000000000000e+00 0.000000000000000000e+00 1.880896512764707040e-02 4.077423904752024326e-03 4.077423904752021724e-03 2.883898699192657088e-03
1.869191484379481608e+03 -2.710504557455181839e+03 -9.326179930716915578e+01 0.000000000000000000e+00 0.000000000000000000e+00 3.897272235920468120e-02 4.077423904752024326e-03 4.077423904752021724e-03 2.883898719675299146e-03
1.869227513540634391e+03 -2.710516576773494762e+03 -9.326322744289201694e+01 0.000000000000000000e+00 0.000000000000000000e+00 2.579490296839992425e-02 4.077423904752024326e-03 4.077423904752021724e-03 2.883898733679461559e-03
2.207531797940298929e+03 -2.705026879832433224e+03 -1.035347768240945641e+02 0.000000000000000000e+00 0.000000000000000000e+00 3.904657074173201181e-02 4.077423904752024326e-03 4.077423904752021724e-03 2.884005101934488443e-03
2.207828541139185290e+03 -2.705191903132867992e+03 -1.035500887545477013e+02 0.000000000000000000e+00 0.000000000000000000e+00 -1.934152072534800482e-02 4.077423904752024326e-03 4.077423904752021724e-03 2.884005245839149634e-03
2.032399135877868048e+03 -2.874624789302213685e+03 -1.036996837664817406e+02 0.000000000000000000e+00 0.000000000000000000e+00 1.368738895680507994e-01 4.077423904752024326e-03 4.077423904752021724e-03 2.883993929031802069e-03
2.032504239612950414e+03 -2.874794106466080848e+03 -1.037088245547290200e+02 0.000000000000000000e+00 0.000000000000000000e+00 9.107575212770768758e-02 4.077423904752024326e-03 4.077423904752021724e-03 2.883994008993476937e-03
2.234636656702426080e+03 -3.125898565357939788e+03 -1.192187398663987068e+02 0.000000000000000000e+00 0.000000000000000000e+00 -4.592342103293844957e-03 4.077423904752024326e-03 4.077423904752021724e-03 2.884128407048411162e-03
2.234710172353347843e+03 -3.126030688736968841e+03 -1.192260888673807528e+02 0.000000000000000000e+00 0.000000000000000000e+00 -3.315455478207240958e-02 4.077423904752024326e-03 4.077423904752021724e-03 2.884128467764828299e-03
2.234656735584862417e+03 -3.125981121282475669e+03 -1.192224775651866366e+02 0.000000000000000000e+00 0.000000000000000000e+00 -7.464889982912836786e-03 4.077423904752024326e-03 4.077423904752021724e-03 2.884128436723820427e-03
1.868897039083717800e+03 -3.132311712133016954e+03 -1.082911540136183532e+02 0.000000000000000000e+00 0.000000000000000000e+00 -2.441408316568072223e-02 4.077423904752024326e-03 4.077423904752021724e-03 2.884021012352255570e-03
1.868958064652329540e+03 -3.132361010244212139e+03 -1.082947282541860403e+02 0.000000000000000000e+00 0.000000000000000000e+00 -8.922356398100816932e-02 4.077423904752024326e-03 4.077423904752021724e-03 2.884021044198806141e-03
1.868888795839968452e+03 -3.132434239045069262e+03 -1.082955599106200140e+02 0.000000000000000000e+00 0.000000000000000000e+00 -9.643087383118142952e-02 4.077423904752024326e-03 4.077423904752021724e-03 2.884021047201923860e-03
1.169381406071056290e+03 -3.126924789288285410e+03 -9.201156786971357349e+01 0.000000000000000000e+00 0.000000000000000000e+00 5.754464306882312030e-02 4.077461671032668773e-03 4.077461671032666171e-03 2.883884307111047283e-03
1.169453609015216443e+03 -3.127021769070844584e+03 -9.201659248213961462e+01 0.000000000000000000e+00 0.000000000000000000e+00 1.642845025965300465e-02 4.077461671032668773e-03 4.077461671032666171e-03 2.883884352453524019e-03
1.523564192265633892e+03 -3.168821328377109694e+03 -1.008725993990777852e+02 0.000000000000000000e+00 0.000000000000000000e+00 1.362912308962904717e-02 4.077461671032668773e-03 4.077461671032666171e-03 2.883971342094585229e-03
1.523504534122358336e+03 -3.168767063421611510e+03 -1.008691298026799359e+02 0.000000000000000000e+00 0.000000000000000000e+00 2.373848000340217368e-02 4.077461671032668773e-03 4.077461671032666171e-03 2.883971310882505433e-03
1.365719358709513472e+03 -2.885707663559460343e+03 -8.686091451801249264e+01 0.000000000000000000e+00 0.000000000000000000e+00 -5.534098194291914297e-02 4.077461671032668773e-03 4.077461671032666171e-03 2.883846602540617466e-03
1.365823403830100233e+03 -2.885670090707773397e+03 -8.686175236382044318e+01 0.000000000000000000e+00 0.000000000000000000e+00 -2.028937740905689679e-02 4.077461671032668773e-03 4.077461671032666171e-03 2.883846613775090887e-03
1.193056125938690684e+03 -2.723808251143965208e+03 -7.779532511661585659e+01 0.000000000000000000e+00 0.000000000000000000e+00 3.678521857466421352e-03 4.077461671032668773e-03 4.077461671032666171e-03 2.883761444947961165e-03
1.193066151146827224e+03 -2.723797961358177872e+03 -7.779515966776538960e+01 0.000000000000000000e+00 0.000000000000000000e+00 1.208894846520536248e-02 4.077461671032668773e-03 4.077461671032666171e-03 2.883761443847826424e-03
1.193116644248608054e+03 -2.723823293080407439e+03 -7.779695724373681287e+01 0.000000000000000000e+00 0.000000000000000000e+00 1.714684488240436622e-02 4.077461671032668773e-03 4.077461671032666171e-03 2.883761461402260459e-03
1.573152410516125428e+03 -2.709997486321395627e+03 -8.544350866051235016e+01 0.000000000000000000e+00 0.000000000000000000e+00 -1.835617620599805377e-03 4.077461671032668773e-03 4.077461671032666171e-03 2.883843539560875229e-03
1.573100706961417018e+03 -2.710019464509544832e+03 -8.544299799712717913e+01 0.000000000000000000e+00 0.000000000000000000e+00 -2.758243888368383523e-02 4.077461671032668773e-03 4.077461671032666171e-03 2.883843532676808562e-03
1.557546182825833057e+03 -2.432162835938994704e+03 -7.614745845800635493e+01 0.000000000000000000e+00 0.000000000000000000e+00 -6.566202067489257388e-03 4.077461671032668773e-03 4.077461671032666171e-03 2.883762858747429287e-03
1.557556417578703986e+03 -2.432186983275159946e+03 -7.614844263023277904e+01 0.000000000000000000e+00 0.000000000000000000e+00 3.306509706220595035e-03 4.077461671032668773e-03 4.077461671032666171e-03 2.883762867804539817e-03
1.213018968009870378e+03 -2.410388534664270537e+03 -6.804825688282652152e+01 0.000000000000000000e+00 0.000000000000000000e+00 -2.091176313255971309e-02 4.077461671032668773e-03 4.077461671032666171e-03 2.883676105325578935e-03
1.213026923259844580e+03 -2.410399206381599470e+03 -6.804873291140906133e+01 0.000000000000000000e+00 0.000000000000000000e+00 -3.830232720191872886e-02 4.077461671032668773e-03 4.077461671032666171e-03 2.883676109866885502e-03
1.213043727223463975e+03 -2.410435999225296655e+03 -6.805017256437325557e+01 0.000000000000000000e+00 0.000000000000000000e+00 -6.176995422705999772e-03 4.077461671032668773e-03 4.077461671032666171e-03 2.883676123316220898e-03
1.369583503076750048e+03 -2.203896977392419103e+03 -6.518486874849708101e+01 0.000000000000000000e+00 0.000000000000000000e+00 -1.473806890913920142e-02 4.077461671032668773e-03 4.077461671032666171e-03 2.883657440069712849e-03
1.369609394938200239e+03 -2.203966455981867057e+03 -6.518736490800057481e+01 0.000000000000000000e+00 0.000000000000000000e+00 -1.367139705317299558e-02 4.077461671032668773e-03 4.077461671032666171e-03 2.883657463420204094e-03
1.546865823346182424e+03 -2.028384331238996765e+03 -6.452819345201199042e+01 0.000000000000000000e+00 0.000000000000000000e+00 -6.192256373326188168e-02 4.077461671032668773e-03 4.077461671032666171e-03 2.883660703764548503e-03
1.546852376179616613e+03 -2.028373871607796445e+03 -6.452759841206857061e+01 0.000000000000000000e+00 0.000000000000000000e+00 -2.441711708651439494e-02 4.077461671032668773e-03 4.077461671032666171e-03 2.883660697769535857e-03
1.546871583523608933e+03 -2.028493820118955000e+03 -6.453114962823853773e+01 0.000000000000000000e+00 0.000000000000000000e+00 -3.734790578978675057e-02 4.077461671032668773e-03 4.077461671032666171e-03 2.883660730165318528e-03
1.183069442150325813e+03 -2.035821962216623888e+03 -5.691047610178038241e+01 0.000000000000000000e+00 0.000000000000000000e+00 3.432748221428028046e-03 4.077461671032668773e-03 4.077461671032666171e-03 2.883575232391215847e-03
1.183154104304316206e+03 -2.035980417563323272e+03 -5.691617193581209477e+01 0.000000000000000000e+00 0.000000000000000000e+00 -6.778741965054280172e-02 4.077461671032668773e-03 4.077461671032666171e-03 2.883575287206800643e-03
1.552203312024100342e+03 -1.688556722199833985e+03 -5.662271031554170975e+01 0.000000000000000000e+00 0.000000000000000000e+00 -2.295750539330754236e-02 4.077461671032668773e-03 4.077461671032666171e-03 2.883590826501116790e-03
1.552366128296938086e+03 -1.688493286777227695e+03 -5.662532647044353951e+01 0.000000000000000000e+00 0.000000000000000000e+00 1.333603397517180156e-02 4.077461671032668773e-03 4.077461671032666171e-03 2.883590859218922251e-03
1.552258701140185394e+03 -1.688565988612341926e+03 -5.662426504939168126e+01 0.000000000000000000e+00 0.000000000000000000e+00 -4.529962662536490825e-02 4.077461671032668773e-03 4.077461671032666171e-03 2.883590843569904145e-03
1.183996912417599106e+03 -1.699791410017161752e+03 -4.889948009545588548e+01 0.000000000000000000e+00 0.000000000000000000e+00 -2.605823972104559516e-02 4.077461671032668773e-03 4.077461671032666171e-03 2.883502753314343657e-03
1.183983711543141681e+03 -1.699854292399057613e+03 -4.890060294750360725e+01 0.000000000000000000e+00 0.000000000000000000e+00 -2.127266010727169032e-02 4.077461671032668773e-03 4.077461671032666171e-03 2.883502762957579953e-03
1.183962231323985634e+03 -1.699787556331449650e+03 -4.889874444526888908e+01 0.000000000000000000e+00 0.000000000000000000e+00 2.269665362501172012e-02 4.077461671032668773e-03 4.077461671032666171e-03 2.883502745134012678e-03
1.351781030943278438e+03 -1.451524898462588908e+03 -4.725558474797998798e+01 0.000000000000000000e+00 0.000000000000000000e+00 -1.235247341355716344e-02 4.077461671032668773e-03 4.077461671032666171e-03 2.883495619242730686e-03
1.351803188951665561e+03 -1.451604494554753956e+03 -4.725754361491565447e+01 0.000000000000000000e+00 0.000000000000000000e+00 -1.486038199458050713e-02 4.077461671032668773e-03 4.077461671032666171e-03 2.883495638160486502e-03
1.167883139017530766e+03 -1.292338947739902778e+03 -4.076180279843150345e+01 0.000000000000000000e+00 0.000000000000000000e+00 -1.760352211405802336e-03 4.077461671032668773e-03 4.077461671032666171e-03 2.883427689541985615e-03
1.167895668918874662e+03 -1.292264232638159001e+03 -4.076079214054141175e+01 0.000000000000000000e+00 0.000000000000000000e+00 4.024260696694170747e-02 4.077461671032668773e-03 4.077461671032666171e-03 2.883427680799411676e-03
1.494244463148647355e+03 -1.252782691780490268e+03 -4.701938455662416771e+01 0.000000000000000000e+00 0.000000000000000000e+00 1.641530649720834845e-03 4.077461671032668773e-03 4.077461671032666171e-03 2.883500988156169516e-03
1.494243632041055889e+03 -1.252793818965987157e+03 -4.701954398842482163e+01 0.000000000000000000e+00 0.000000000000000000e+00 1.667486420657127155e-02 4.077461671032668773e-03 4.077461671032666171e-03 2.883500989560884402e-03
1.494253249402171832e+03 -1.252716530889205160e+03 -4.701852769539571852e+01 0.000000000000000000e+00 0.000000000000000000e+00 -3.235360732631420433e-03 4.077461671032668773e-03 4.077461671032666171e-03 2.883500980845658378e-03
1.540639517414786951e+03 -9.492140214554501654e+02 -4.383501955309613152e+01 0.000000000000000000e+00 0.000000000000000000e+00 4.277444032209132274e-02 4.077461671032668773e-03 4.077461671032666171e-03 2.883474443365870079e-03
1.540590545961048065e+03 -9.492582719424494826e+02 -4.383436420812689960e+01 0.000000000000000000e+00 0.000000000000000000e+00 -2.541611734240234455e-02 4.077461671032668773e-03 4.077461671032666171e-03 2.883474434621819456e-03
1.192660027049390465e+03 -9.315497390253578942e+02 -3.605382344739838629e+01 0.000000000000000000e+00 0.000000000000000000e+00 5.893929940764763842e-02 4.077461671032668773e-03 4.077461671032666171e-03 2.883385347188045268e-03
1.192683712814187402e+03 -9.316506320668081571e+02 -3.605548815104626215e+01 0.000000000000000000e+00 0.000000000000000000e+00 3.509936525884427283e-02 4.077461671032668773e-03 4.077461671032666171e-03 2.883385363648746126e-03
1.357153818505876643e+03 -6.864179803041179184e+02 -3.683374743459621925e+01 0.000000000000000000e+00 0.000000000000000000e+00 9.316772903761716407e-02 4.077461671032668773e-03 4.077461671032666171e-03 2.883400076585936316e-03
1.357151666411522456e+03 -6.864254528180783836e+02 -3.683376732479403159e+01 0.000000000000000000e+00 0.000000000000000000e+00 5.763321492241857413e-02 4.077461671032668773e-03 4.077461671032666171e-03 2.883400076671859338e-03
1.357098560341752318e+03 -6.864302873429223837e+02 -3.683266278961279738e+01 0.000000000000000000e+00 0.000000000000000000e+00 6.644495153710749946e-02 4.077461671032668773e-03 4.077461671032666171e-03 2.883400063847475422e-03
1.187187909210952739e+03 -5.235868799673037302e+02 -3.211039210900399610e+01 0.000000000000000000e+00 0.000000000000000000e+00 3.336001821374168230e-03 4.077461671032668773e-03 4.077461671032666171e-03 2.883348279513916340e-03
1.187162924138445305e+03 -5.235350393977264503e+02 -3.210956665508448538e+01 0.000000000000000000e+00 0.000000000000000000e+00 7.160955757455411685e-02 4.077461671032668773e-03 4.077461671032666171e-03 2.883348270713077376e-03
1.187164731513069000e+03 -5.236351275537767833e+02 -3.211028066248674406e+01 0.000000000000000000e+00 0.000000000000000000e+00 4.315642652432671866e-02 4.077461671032668773e-03 4.077461671032666171e-03 2.883348277541488043e-03
1.500565970052215789e+03 -5.107847759571746451e+02 -3.872849946881169103e+01 0.000000000000000000e+00 0.000000000000000000e+00 6.611767682355207398e-02 4.077461671032668773e-03 4.077461671032666171e-03 2.883424699750928525e-03
1.500615645445960581e+03 -5.108399503313694936e+02 -3.873004963543394297e+01 0.000000000000000000e+00 0.000000000000000000e+00 -7.863279713077986344e-03 4.077461671032668773e-03 4.077461671032666171e-03 2.883424716849326743e-03
1.500587613211227335e+03 -5.108126059184713768e+02 -3.872920004029226959e+01 0.000000000000000000e+00 0.000000000000000000e+00 4.591425613563160368e-02 4.077461671032668773e-03 4.077461671032666171e-03 2.883424707440972439e-03
1.519899101170203039e+03 -2.005956929007189729e+02 -3.774424273920948991e+01 0.000000000000000000e+00 0.000000000000000000e+00 4.178689685395653441e-02 4.077461671032668773e-03 4.077461671032666171e-03 2.883415753968927939e-03
1.519854646627533612e+03 -2.005286499547066796e+02 -3.774299105153355072e+01 0.000000000000000000e+00 0.000000000000000000e+00 3.656018714073638876e-02 4.077461671032668773e-03 4.077461671032666171e-03 2.883415739789788740e-03
1.519872036778107713e+03 -2.005140719725278302e+02 -3.774337084852264468e+01 0.000000000000000000e+00 0.000000000000000000e+00 4.551581218942857276e-02 4.077461671032668773e-03 4.077461671032666171e-03 2.883415744171960882e-03
1.174759704815459600e+03 -1.955445786804336876e+02 -3.033851492925226268e+01 0.000000000000000000e+00 0.000000000000000000e+00 3.756501896923225559e-03 4.077461671032668773e-03 4.077461671032666171e-03 2.883330734660129093e-03
1.174768701492027503e+03 -1.955622121417162873e+02 -3.033872900502224468e+01 0.000000000000000000e+00 0.000000000000000000e+00 2.929634350903143059e-02 4.077461671032668773e-03 4.077461671032666171e-03 2.883330737062778353e-03
1.174763933231108922e+03 -1.955008237808434899e+02 -3.033848095557964086e+01 0.000000000000000000e+00 0.000000000000000000e+00 2.033838381680652674e-02 4.077461671032668773e-03 4.077461671032666171e-03 2.883330734423126835e-03
1.359116625351902485e+03 4.761105290921000233e+01 -3.379870752978257542e+01 0.000000000000000000e+00 0.000000000000000000e+00 2.336024062152830538e-02 4.077461671032668773e-03 4.077461671032666171e-03 2.883370242081086630e-03
1.359090919559466101e+03 4.761714989992013614e+01 -3.379815603316331618e+01 0.000000000000000000e+00 0.000000000000000000e+00 4.960872167060159654e-02 4.077461671032668773e-03 4.077461671032666171e-03 2.883370235745115820e-03
1.529476976986077943e+03 2.187958536403364747e+02 -3.796092976667402041e+01 0.000000000000000000e+00 0.000000000000000000e+00 5.740225924895270282e-02 4.077461671032668773e-03 4.077461671032666171e-03 2.883416253371703149e-03
1.529465687041462843e+03 2.188456781853527957e+02 -3.796078719155989489e+01 0.000000000000000000e+00 0.000000000000000000e+00 4.189452922165770588e-02 4.077461671032668773e-03 4.077461671032666171e-03 2.883416251180701863e-03
1.529550703695719221e+03 2.188096130722129544e+02 -3.796274775260793888e+01 0.000000000000000000e+00 0.000000000000000000e+00 5.292181549348384806e-02 4.077461671032668773e-03 4.077461671032666171e-03 2.883416273862549149e-03
1.185586115564748980e+03 2.506272695566164543e+02 -3.065614185718352402e+01 0.000000000000000000e+00 0.000000000000000000e+00 4.731818645727159378e-02 4.077461671032668773e-03 4.077461671032666171e-03 2.883332760805338169e-03
1.185654524774274705e+03 2.505792665880764787e+02 -3.065728164502710840e+01 0.000000000000000000e+00 0.000000000000000000e+00 8.391816305891808270e-03 4.077461671032668773e-03 4.077461671032666171e-03 2.883332774309257072e-03
1.547548957515033862e+03 5.705727270480369953e+02 -4.009484072848269420e+01 0.000000000000000000e+00 0.000000000000000000e+00 -3.851178175011682470e-03 4.077461671032668773e-03 4.077461671032666171e-03 2.883434399810227283e-03
1.547513783924402787e+03 5.705425860121870301e+02 -4.009377261909263979e+01 0.000000000000000000e+00 0.000000000000000000e+00 1.406413981329279750e-02 4.077461671032668773e-03 4.077461671032666171e-03 2.883434388471627086e-03
1.547520118870392253e+03 5.705355671445611279e+02 -4.009387767093946309e+01 0.000000000000000000e+00 0.000000000000000000e+00 -6.109373844616072802e-03 4.077461671032668773e-03 4.077461671032666171e-03 2.883434389809016053e-03
1.171896488810644996e+03 5.562035044986057528e+02 -3.193279315356482329e+01 0.000000000000000000e+00 0.000000000000000000e+00 5.909776094587826378e-02 4.077461671032668773e-03 4.077461671032666171e-03 2.883342677587630645e-03
1.171857525136276536e+03 5.562216702920250100e+02 -3.193219642116167023e+01 0.000000000000000000e+00 0.000000000000000000e+00 1.722956643702033830e-02 4.077461671032668773e-03 4.077461671032666171e-03 2.883342670491161400e-03
1.171872709998991922e+03 5.562375748707206640e+02 -3.193258839265956084e+01 0.000000000000000000e+00 0.000000000000000000e+00 4.473391731276521455e-02 4.077461671032668773e-03 4.077461671032666171e-03 2.883342674615309905e-03
1.345860237406218175e+03 8.025048754802496660e+02 -3.747033438757460999e+01 0.000000000000000000e+00 0.000000000000000000e+00 2.423632341742631979e-02 4.077461671032668773e-03 4.077461671032666171e-03 2.883399218321522784e-03
1.345930076886634652e+03 8.024352622981061813e+02 -3.747112094086116230e+01 0.000000000000000000e+00 0.000000000000000000e+00 3.980699368665341353e-02 4.077461671032668773e-03 4.077461671032666171e-03 2.883399229006617520e-03
1.345864295137439058e+03 8.025438499528595457e+02 -3.747080829643278577e+01 0.000000000000000000e+00 0.000000000000000000e+00 3.904810500644373406e-02 4.077461671032668773e-03 4.077461671032666171e-03 2.883399222564790847e-03
1.554554467443035037e+03 9.805852187193167993e+02 -4.418190692924146390e+01 0.000000000000000000e+00 0.000000000000000000e+00 2.419307629737943444e-02 4.077461671032668773e-03 4.077461671032666171e-03 2.883468532153596504e-03
1.554557720945929077e+03 9.805429386954931488e+02 -4.418147555875144405e+01 0.000000000000000000e+00 0.000000000000000000e+00 3.840491895658715293e-03 4.077461671032668773e-03 4.077461671032666171e-03 2.883468528787137049e-03
1.554608147195862557e+03 9.804793267921386359e+02 -4.418193418803078032e+01 0.000000000000000000e+00 0.000000000000000000e+00 -1.459506882068239975e-02 4.077461671032668773e-03 4.077461671032666171e-03 2.883468535991863015e-03
1.204343672417194284e+03 1.009905001978634118e+03 -3.696596178571259372e+01 0.000000000000000000e+00 0.000000000000000000e+00 2.272697105640730797e-02 4.077461671032668773e-03 4.077461671032666171e-03 2.883387531519151451e-03
1.204393037211125375e+03 1.009851701735344477e+03 -3.696622739300813976e+01 0.000000000000000000e+00 0.000000000000000000e+00 1.606897794335537810e-02 4.077461671032668773e-03 4.077461671032666171e-03 2.883387536133923124e-03
1.204391054054611459e+03 1.009767268694992708e+03 -3.696513015211782260e+01 0.000000000000000000e+00 0.000000000000000000e+00 2.390502305466668531e-02 4.077461671032668773e-03 4.077461671032666171e-03 2.883387526579004635e-03
1.541110264241275672e+03 1.314338424504531304e+03 -4.856622502922269291e+01 0.000000000000000000e+00 0.000000000000000000e+00 6.304328388037561126e-02 4.077461671032668773e-03 4.077461671032666171e-03 2.883504296273899353e-03
1.541079255924860945e+03 1.314395186482086046e+03 -4.856639698654735326e+01 0.000000000000000000e+00 0.000000000000000000e+00 4.400890618138220134e-02 4.077461671032668773e-03 4.077461671032666171e-03 2.883504295826103906e-03
1.541163421601443133e+03 1.314384085145286463e+03 -4.856823693100236028e+01 0.000000000000000000e+00 0.000000000000000000e+00 6.639483378971533512e-02 4.077461671032668773e-03 4.077461671032666171e-03 2.883504316371572444e-03
1.182774598734916253e+03 1.306451257947256181e+03 -4.082258405360717290e+01 0.000000000000000000e+00 0.000000000000000000e+00 7.797073290137035428e-02 4.077461671032668773e-03 4.077461671032666171e-03 2.883419871930966577e-03
1.182758861799109127e+03 1.306476845820918243e+03 -4.082270667178086399e+01 0.000000000000000000e+00 0.000000000000000000e+00 5.665360114090134402e-02 4.077461671032668773e-03 4.077461671032666171e-03 2.883419872314883000e-03
1.182838261443911961e+03 1.306379016484702788e+03 -4.082259387043571053e+01 0.000000000000000000e+00 0.000000000000000000e+00 4.992967228751865605e-02 4.077461671032668773e-03 4.077461671032666171e-03 2.883419874750730097e-03
1.324340930287742140e+03 1.537668372454566679e+03 -4.764645884149345534e+01 0.000000000000000000e+00 0.000000000000000000e+00 -9.222736786917096197e-03 4.077461671032668773e-03 4.077461671032666171e-03 2.883484878123494018e-03
1.324379948665057327e+03 1.537641184223678238e+03 -4.764674856736114350e+01 0.000000000000000000e+00 0.000000000000000000e+00 1.697331764923148967e-03 4.077461671032668773e-03 4.077461671032666171e-03 2.883484882433413627e-03
1.324329372833229627e+03 1.537630871031598417e+03 -4.764551200247825591e+01 0.000000000000000000e+00 0.000000000000000000e+00 -5.215679582732946074e-04 4.077461671032668773e-03 4.077461671032666171e-03 2.883484869492178738e-03
1.175888063954155768e+03 1.730969307644171522e+03 -4.864456977452448427e+01 0.000000000000000000e+00 0.000000000000000000e+00 4.951977056158796131e-02 4.077461671032668773e-03 4.077461671032666171e-03 2.883487107873614671e-03
1.175897781949053524e+03 1.730915185484805761e+03 -4.864359677806103832e+01 0.000000000000000000e+00 0.000000000000000000e+00 5.797131404707300817e-02 4.077461671032668773e-03 4.077461671032666171e-03 2.883487099866379171e-03
1.175835005358843091e+03 1.730989531696712902e+03 -4.864403130793593277e+01 0.000000000000000000e+00 0.000000000000000000e+00 8.895803148095637880e-02 4.077461671032668773e-03 4.077461671032666171e-03 2.883487101188543771e-03
1.488873303412558926e+03 1.755441270640658104e+03 -5.562409533058324485e+01 0.000000000000000000e+00 0.000000000000000000e+00 -1.170841805205213859e-03 4.077461671032668773e-03 4.077461671032666171e-03 2.883560681176802754e-03
1.488863458572876425e+03 1.755401322943984951e+03 -5.562301350785865139e+01 0.000000000000000000e+00 0.000000000000000000e+00 -2.543443831154235113e-02 4.077461671032668773e-03 4.077461671032666171e-03 2.883560671556308248e-03
1.488954658283865001e+03 1.755333983759131570e+03 -5.562366944611194697e+01 0.000000000000000000e+00 0.000000000000000000e+00 -1.115584548504955364e-02 4.077461671032668773e-03 4.077461671032666171e-03 2.883560681825727678e-03
8.433268116924499509e+02 1.724905594938431705e+03 -4.329543150912409999e+01 0.000000000000000000e+00 0.000000000000000000e+00 4.684593030749795162e-02 4.077461671032668773e-03 4.077461671032666171e-03 2.883429910107542134e-03
8.433027957897731994e+02 1.724995051172961212e+03 -4.329702066901768376e+01 0.000000000000000000e+00 0.000000000000000000e+00 4.075262889620745455e-02 4.077461671032668773e-03 4.077461671032666171e-03 2.883429923423894928e-03
8.433204972800205041e+02 1.725024103216588856e+03 -4.329787171278110236e+01 0.000000000000000000e+00 0.000000000000000000e+00 3.396561156838373563e-02 4.077461671032668773e-03 4.077461671032666171e-03 2.883429931351327510e-03
5.144521669242492408e+02 1.741888906578891920e+03 -4.017893261205772149e+01 0.000000000000000000e+00 0.000000000000000000e+00 2.448621986791010841e-02 4.077461671032668773e-03 4.077461671032666171e-03 2.883395673656636952e-03
5.144275538298983292e+02 1.741912341085518165e+03 -4.017924038421294597e+01 0.000000000000000000e+00 0.000000000000000000e+00 -3.390320428714233003e-03 4.077461671032668773e-03 4.077461671032666171e-03 2.883395676015350004e-03
5.144427246992191840e+02 1.741914130749694095e+03 -4.017940074480164014e+01 0.000000000000000000e+00 0.000000000000000000e+00 2.374842095368734363e-02 4.077461671032668773e-03 4.077461671032666171e-03 2.883395677668404000e-03
6.294536930607434897e+02 1.608060898178353000e+03 -3.842841271933701819e+01 0.000000000000000000e+00 0.000000000000000000e+00 1.151228199359621840e-02 4.077461671032668773e-03 4.077461671032666171e-03 2.883382122653775897e-03
6.294440038728590707e+02 1.608011794656458051e+03 -3.842733782405991860e+01 0.000000000000000000e+00 0.000000000000000000e+00 -3.141121553277059775e-03 4.077461671032668773e-03 4.077461671032666171e-03 2.883382112932562046e-03
6.294440804466951249e+02 1.608097690112617329e+03 -3.842905207854852989e+01 0.000000000000000000e+00 0.000000000000000000e+00 -8.171489486962002502e-03 4.077461671032668773e-03 4.077461671032666171e-03 2.883382128138134090e-03
5.122382042098038255e+02 1.353997065094777327e+03 -3.269603854653067287e+01 0.000000000000000000e+00 0.000000000000000000e+00 -4.327650040835351319e-03 4.077461671032668773e-03 4.077461671032666171e-03 2.883328955075748629e-03
5.122501555530377573e+02 1.354035506925119307e+03 -3.269678487904040054e+01 0.000000000000000000e+00 0.000000000000000000e+00 1.644568183380101800e-03 4.077461671032668773e-03 4.077461671032666171e-03 2.883328961950904021e-03
8.258519548572913891e+02 1.344696423052235104e+03 -3.583520329125926906e+01 0.000000000000000000e+00 0.000000000000000000e+00 -7.175999829385659723e-03 4.077461671032668773e-03 4.077461671032666171e-03 2.883363754736995455e-03
8.258278289854931700e+02 1.344820406348542065e+03 -3.583696588945090866e+01 0.000000000000000000e+00 0.000000000000000000e+00 2.460254017035623519e-02 4.077461671032668773e-03 4.077461671032666171e-03 2.883363769643235760e-03
8.257752438333393457e+02 1.344828394475074901e+03 -3.583641819193360334e+01 0.000000000000000000e+00 0.000000000000000000e+00 -1.779719433707072085e-02 4.077461671032668773e-03 4.077461671032666171e-03 2.883363763346094566e-03
9.002178523562297414e+02 1.035008021583840900e+03 -3.224780588643136525e+01 0.000000000000000000e+00 0.000000000000000000e+00 -6.702556127477521386e-02 4.077461671032668773e-03 4.077461671032666171e-03 2.883334303757160468e-03
9.002135951368968563e+02 1.034952608374354668e+03 -3.224702838170615848e+01 0.000000000000000000e+00 0.000000000000000000e+00 -6.311306989697840208e-02 4.077461671032668773e-03 4.077461671032666171e-03 2.883334296755718940e-03
5.278337077059285321e+02 1.008145443236526717e+03 -2.770511348342782298e+01 0.000000000000000000e+00 0.000000000000000000e+00 -2.357600436783258147e-02 4.077461671032668773e-03 4.077461671032666171e-03 2.883284436716376884e-03
5.278520538754560221e+02 1.008134209405065803e+03 -2.770512421163785888e+01 0.000000000000000000e+00 0.000000000000000000e+00 -2.611137584016276492e-02 4.077461671032668773e-03 4.077461671032666171e-03 2.883284437144792867e-03
6.743994071989235408e+02 8.513425945618782862e+02 -2.726529554786813137e+01 0.000000000000000000e+00 0.000000000000000000e+00 -2.128493412245902050e-02 4.077461671032668773e-03 4.077461671032666171e-03 2.883283583342274598e-03
6.743759465937203004e+02 8.512915312222551165e+02 -2.726449774489033473e+01 0.000000000000000000e+00 0.000000000000000000e+00 -4.508575774833900596e-02 4.077461671032668773e-03 4.077461671032666171e-03 2.883283575628001801e-03
5.091289116235516872e+02 6.040877686368523882e+02 -2.344106961561720226e+01 0.000000000000000000e+00 0.000000000000000000e+00 -3.413500969046978639e-02 4.077461671032668773e-03 4.077461671032666171e-03 2.883245620342852165e-03
5.091634640383250598e+02 6.040722560335243543e+02 -2.344123086841212000e+01 0.000000000000000000e+00 0.000000000000000000e+00 -6.215844809151604977e-02 4.077461671032668773e-03 4.077461671032666171e-03 2.883245622445477531e-03
5.091024547478826889e+02 6.040366870655743696e+02 -2.344046447551217227e+01 0.000000000000000000e+00 0.000000000000000000e+00 -6.019980071621233719e-02 4.077461671032668773e-03 4.077461671032666171e-03 2.883245614376542254e-03
8.593709146262212926e+02 6.162105649569159596e+02 -2.734278248055747085e+01 0.000000000000000000e+00 0.000000000000000000e+00 -5.289286840506690623e-02 4.077461671032668773e-03 4.077461671032666171e-03 2.883289605541036835e-03
8.593699544974688251e+02 6.162206538974623982e+02 -2.734284759648360819e+01 0.000000000000000000e+00 0.000000000000000000e+00 -2.634059826164758533e-02 4.077461671032668773e-03 4.077461671032666171e-03 2.883289606083649231e-03
8.594259814520319196e+02 6.162871469057299691e+02 -2.734412720031197352e+01 0.000000000000000000e+00 0.000000000000000000e+00 -2.537402042465330965e-02 4.077461671032668773e-03 4.077461671032666171e-03 2.883289619283003168e-03
8.893240527141748544e+02 2.974802693252054837e+02 -2.592785183794695669e+01 0.000000000000000000e+00 0.000000000000000000e+00 -5.311087878925491168e-02 4.077461671032668773e-03 4.077461671032666171e-03 2.883278288172722633e-03
8.910896955911211990e+02 2.971216599710695618e+02 -2.595154697760777651e+01 0.000000000000000000e+00 0.000000000000000000e+00 -6.658947109490043204e-02 4.077461671032668773e-03 4.077461671032666171e-03 2.883278562704084252e-03
8.909780529009872225e+02 2.973150595521931336e+02 -2.595068374788149157e+01 0.000000000000000000e+00 0.000000000000000000e+00 -4.891545226036342342e-02 4.077461671032668773e-03 4.077461671032666171e-03 2.883278550808842083e-03
5.150288144031114825e+02 2.738858395137301613e+02 -2.165048653615162166e+01 0.000000000000000000e+00 0.000000000000000000e+00 1.430097681424058464e-02 4.077461671032668773e-03 4.077461671032666171e-03 2.883229553830871528e-03
5.150390706055402461e+02 2.738088956997749506e+02 -2.165030336691767943e+01 0.000000000000000000e+00 0.000000000000000000e+00 -3.391467175145379542e-03 4.077461671032668773e-03 4.077461671032666171e-03 2.883229552390906628e-03
5.151081716928860033e+02 2.738278083784750265e+02 -2.165093774852520170e+01 0.000000000000000000e+00 0.000000000000000000e+00 1.609167198707339708e-02 4.077461671032668773e-03 4.077461671032666171e-03 2.883229559502036021e-03
6.730794335975207332e+02 1.074541997384445580e+02 -2.274977761720081304e+01 0.000000000000000000e+00 0.000000000000000000e+00 -3.074265255638408689e-02 4.077461671032668773e-03 4.077461671032666171e-03 2.883243243853340909e-03
6.731124519542328244e+02 1.074282256795864470e+02 -2.275009803797592767e+01 0.000000000000000000e+00 0.000000000000000000e+00 -4.426624598281136969e-03 4.077461671032668773e-03 4.077461671032666171e-03 2.883243247647412737e-03
6.730816145449507530e+02 1.073911876163831920e+02 -2.274971650497302633e+01 0.000000000000000000e+00 0.000000000000000000e+00 -7.560413080129535501e-02 4.077461671032668773e-03 4.077461671032666171e-03 2.883243243411870698e-03
8.644956436242805466e+02 -1.301785251095205638e+02 -2.514706032281480930e+01 0.000000000000000000e+00 0.000000000000000000e+00 -9.490502096341302263e-02 4.077461671032668773e-03 4.077461671032666171e-03 2.883271079279790382e-03
8.644494986153072205e+02 -1.300634305626772971e+02 -2.514622492835439260e+01 0.000000000000000000e+00 0.000000000000000000e+00 -6.518833575908900002e-02 4.077461671032668773e-03 4.077461671032666171e-03 2.883271069925794506e-03
5.127000474294738979e+02 -1.447179338027382585e+02 -2.129386069937497084e+01 0.000000000000000000e+00 0.000000000000000000e+00 -2.842787490521558880e-02 4.077461671032668773e-03 4.077461671032666171e-03 2.883226485300904082e-03
5.126493357177920416e+02 -1.446730391857243490e+02 -2.129335955888954146e+01 0.000000000000000000e+00 0.000000000000000000e+00 1.533566642038408645e-02 4.077461671032668773e-03 4.077461671032666171e-03 2.883226479670866847e-03
5.125648893596433027e+02 -1.448784860525489933e+02 -2.129305090524209731e+01 0.000000000000000000e+00 0.000000000000000000e+00 -4.768400142786788365e-02 4.077461671032668773e-03 4.077461671032666171e-03 2.883226475306727155e-03
8.646353330665090198e+02 -4.535387679611558838e+02 -2.637565019957222745e+01 0.000000000000000000e+00 0.000000000000000000e+00 -3.263496426988510279e-02 4.077461671032668773e-03 4.077461671032666171e-03 2.883282842968315409e-03
8.645848608240347630e+02 -4.535332683407302170e+02 -2.637491884365361727e+01 0.000000000000000000e+00 0.000000000000000000e+00 -2.666604312323173076e-02 4.077461671032668773e-03 4.077461671032666171e-03 2.883282834557710297e-03
8.645422039744183849e+02 -4.534169465550232871e+02 -2.637364489616055252e+01 0.000000000000000000e+00 0.000000000000000000e+00 -1.811312195583880680e-02 4.077461671032668773e-03 4.077461671032666171e-03 2.883282821266230835e-03
5.347633541495999907e+02 -4.873014331293936721e+02 -2.287844318648199504e+01 0.000000000000000000e+00 0.000000000000000000e+00 1.789184516280073467e-02 4.077461671032668773e-03 4.077461671032666171e-03 2.883241766163243888e-03
5.347925492786102950e+02 -4.874377583900027275e+02 -2.287955242473544715e+01 0.000000000000000000e+00 0.000000000000000000e+00 2.266354084410338032e-02 4.077461671032668773e-03 4.077461671032666171e-03 2.883241777101869761e-03
5.348196869318495601e+02 -4.874329478759219114e+02 -2.287975528333246444e+01 0.000000000000000000e+00 0.000000000000000000e+00 3.525693512976602051e-03 4.077461671032668773e-03 4.077461671032666171e-03 2.883241779531165241e-03
7.032749596311406322e+02 -6.298310811658848252e+02 -2.558260505925302652e+01 0.000000000000000000e+00 0.000000000000000000e+00 -1.765233241843944256e-02 4.077461671032668773e-03 4.077461671032666171e-03 2.883270868231906352e-03
7.031899899523451722e+02 -6.297863056666778903e+02 -2.558128131087229562e+01 0.000000000000000000e+00 0.000000000000000000e+00 -1.285624596962620103e-02 4.077461671032668773e-03 4.077461671032666171e-03 2.883270853670635760e-03
7.031980220572393137e+02 -6.298588856296371432e+02 -2.558196303007531469e+01 0.000000000000000000e+00 0.000000000000000000e+00 -6.233489264477753977e-02 4.077461671032668773e-03 4.077461671032666171e-03 2.883270860247359301e-03
8.774178393779910721e+02 -8.701445989708342950e+02 -3.012064313322219888e+01 0.000000000000000000e+00 0.000000000000000000e+00 -2.650980343164377473e-02 4.077461671032668773e-03 4.077461671032666171e-03 2.883318261247599674e-03
8.774473740503552790e+02 -8.701889971057200910e+02 -3.012155789689032304e+01 0.000000000000000000e+00 0.000000000000000000e+00 -2.331724404945845208e-02 4.077461671032668773e-03 4.077461671032666171e-03 2.883318270718805178e-03
8.773906007015149271e+02 -8.701328385749177414e+02 -3.012012782082177864e+01 0.000000000000000000e+00 0.000000000000000000e+00 -3.770020006642837984e-02 4.077461671032668773e-03 4.077461671032666171e-03 2.883318255568772474e-03
5.303882989299252131e+02 -8.979532758299683337e+02 -2.651776198466173184e+01 0.000000000000000000e+00 0.000000000000000000e+00 -2.875151753745797123e-02 4.077461671032668773e-03 4.077461671032666171e-03 2.883275617294374284e-03
5.304068908731117062e+02 -8.979884944423624802e+02 -2.651832946891936160e+01 0.000000000000000000e+00 0.000000000000000000e+00 -3.814474875638751428e-02 4.077461671032668773e-03 4.077461671032666171e-03 2.883275622951201288e-03
5.304305600772489697e+02 -8.981030557424055587e+02 -2.651986171518576185e+01 0.000000000000000000e+00 0.000000000000000000e+00 -3.880130265379122534e-02 4.077461671032668773e-03 4.077461671032666171e-03 2.883275637696815739e-03
8.733149092665713624e+02 -1.199341053555467397e+03 -3.446452657720368506e+01 0.000000000000000000e+00 0.000000000000000000e+00 -7.655423874987832278e-02 4.077461671032668773e-03 4.077461671032666171e-03 2.883358450360108075e-03
8.732714271600774509e+02 -1.199302502354290027e+03 -3.446332150840511588e+01 0.000000000000000000e+00 0.000000000000000000e+00 -7.565971080349953581e-02 4.077461671032668773e-03 4.077461671032666171e-03 2.883358437788589163e-03
8.732470810076250700e+02 -1.199240831116334220e+03 -3.446202596876722168e+01 0.000000000000000000e+00 0.000000000000000000e+00 -7.239912767315814790e-02 4.077461671032668773e-03 4.077461671032666171e-03 2.883358424999789196e-03
5.352786157981078077e+02 -1.235727521883065492e+03 -3.121960579421074300e+01 0.000000000000000000e+00 0.000000000000000000e+00 -7.281929229201722364e-02 4.077461671032668773e-03 4.077461671032666171e-03 2.883319480895282869e-03
7.084150879677670218e+02 -1.382227143305090749e+03 -3.542426632077648918e+01 0.000000000000000000e+00 0.000000000000000000e+00 -7.862345731519582159e-02 4.077461671032668773e-03 4.077461671032666171e-03 2.883362509834236451e-03
7.084143409646109149e+02 -1.382235679282284991e+03 -3.542441019531456448e+01 0.000000000000000000e+00 0.000000000000000000e+00 -6.476700685549729997e-02 4.077461671032668773e-03 4.077461671032666171e-03 2.883362511148052695e-03
7.084349926170373237e+02 -1.382231801578601562e+03 -3.542457535360829013e+01 0.000000000000000000e+00 0.000000000000000000e+00 -1.403966773171561044e-02 4.077461671032668773e-03 4.077461671032666171e-03 2.883362513218385749e-03
9.064509132969413940e+02 -1.634432010890632000e+03 -4.288457668700340264e+01 0.000000000000000000e+00 0.000000000000000000e+00 3.774080864737072716e-03 4.077461671032668773e-03 4.077461671032666171e-03 2.883437231524457137e-03
9.064272747205577616e+02 -1.634388157552461053e+03 -4.288331254963020456e+01 0.000000000000000000e+00 0.000000000000000000e+00 -1.088981237599995211e-02 4.077461671032668773e-03 4.077461671032666171e-03 2.883437219126273963e-03
9.063753602171714192e+02 -1.634293287678384104e+03 -4.288056667955642354e+01 0.000000000000000000e+00 0.000000000000000000e+00 6.287811378987129274e-02 4.077461671032668773e-03 4.077461671032666171e-03 2.883437192177147439e-03
5.453400940787580566e+02 -1.667976321197751986e+03 -3.941139834761563776e+01 0.000000000000000000e+00 0.000000000000000000e+00 8.716587241380580053e-03 4.077461671032668773e-03 4.077461671032666171e-03 2.883395725180823346e-03
5.453514798788362441e+02 -1.668058350197017262e+03 -3.941326209929971469e+01 0.000000000000000000e+00 0.000000000000000000e+00 -8.804929838191810632e-03 4.077461671032668773e-03 4.077461671032666171e-03 2.883395742668787981e-03
5.453764653701034604e+02 -1.668093797908924671e+03 -3.941424258147498705e+01 0.000000000000000000e+00 0.000000000000000000e+00 -3.221243674371265797e-02 4.077461671032668773e-03 4.077461671032666171e-03 2.883395752240727142e-03
5.418905826161086452e+02 -1.974952281735512543e+03 -4.657908636250621726e+01 0.000000000000000000e+00 0.000000000000000000e+00 2.553050375738763478e-02 4.077461671032668773e-03 4.077461671032666171e-03 2.883461916610677040e-03
5.419815350387916624e+02 -1.975093948614463216e+03 -4.658346609149762685e+01 0.000000000000000000e+00 0.000000000000000000e+00 -1.953600186391923899e-02 4.077461671032668773e-03 4.077461671032666171e-03 2.883461958694236767e-03
8.991761499328227956e+02 -1.958694130283614186e+03 -5.026230280683914486e+01 0.000000000000000000e+00 0.000000000000000000e+00 -6.655878771260148596e-02 4.077461671032668773e-03 4.077461671032666171e-03 2.883504617123183560e-03
8.990977000196095332e+02 -1.958653915832488792e+03 -5.026017367738421626e+01 0.000000000000000000e+00 0.000000000000000000e+00 -8.016666781525572105e-02 4.077461671032668773e-03 4.077461671032666171e-03 2.883504595217664928e-03
8.991466954273844294e+02 -1.958794229993211729e+03 -5.026439507982220789e+01 0.000000000000000000e+00 0.000000000000000000e+00 -7.322092839749672066e-02 4.077461671032668773e-03 4.077461671032666171e-03 2.883504635318755779e-03
7.189638804282373030e+02 -2.142005180903559449e+03 -5.276208820302306890e+01 0.000000000000000000e+00 0.000000000000000000e+00 -8.550849997798337654e-02 4.077461671032668773e-03 4.077461671032666171e-03 2.883522503827272779e-03
7.189540733651016353e+02 -2.141936363784040623e+03 -5.276009042585950226e+01 0.000000000000000000e+00 0.000000000000000000e+00 -4.279519503776185729e-02 4.077461671032668773e-03 4.077461671032666171e-03 2.883522485308862016e-03
7.188898032025052771e+02 -2.141912098569878253e+03 -5.275869291410300121e+01 0.000000000000000000e+00 0.000000000000000000e+00 -8.926064675826950179e-02 4.077461671032668773e-03 4.077461671032666171e-03 2.883522470976855948e-03
8.863636083905140595e+02 -2.362735292454693990e+03 -6.122592189596492318e+01 0.000000000000000000e+00 0.000000000000000000e+00 -9.541484351596807301e-02 4.077461671032668773e-03 4.077461671032666171e-03 2.883603912137266533e-03
8.864775553072416869e+02 -2.362814910703987607e+03 -6.122990340200683335e+01 0.000000000000000000e+00 0.000000000000000000e+00 -7.932948464977584990e-02 4.077461671032668773e-03 4.077461671032666171e-03 2.883603951378816647e-03
5.538493055946579489e+02 -2.373316090200738927e+03 -5.776877955685306176e+01 0.000000000000000000e+00 0.000000000000000000e+00 -1.429154063114310702e-01 4.077461671032668773e-03 4.077461671032666171e-03 2.883564891819117605e-03
9.099335489956869196e+02 -2.719242747389594570e+03 -7.301317674797417112e+01 0.000000000000000000e+00 0.000000000000000000e+00 -8.646185744700574105e-02 4.077461671032668773e-03 4.077461671032666171e-03 2.883710465215281928e-03
9.098258008232580778e+02 -2.719196993812954133e+03 -7.301008477400037577e+01 0.000000000000000000e+00 0.000000000000000000e+00 -1.088936725641360681e-01 4.077461671032668773e-03 4.077461671032666171e-03 2.883710434814036605e-03
9.100014352317685962e+02 -2.719171894171041913e+03 -7.301171606451346463e+01 0.000000000000000000e+00 0.000000000000000000e+00 -5.259189210634929168e-02 4.077461671032668773e-03 4.077461671032666171e-03 2.883710453953886466e-03
5.089609285047939693e+02 -2.718799717898294602e+03 -6.855619234195147271e+01 0.000000000000000000e+00 0.000000000000000000e+00 -1.243523623340507811e-01 4.077461671032668773e-03 4.077461671032666171e-03 2.883662344909924350e-03
5.089703506969183877e+02 -2.718723145684396059e+03 -6.855363820587842838e+01 0.000000000000000000e+00 0.000000000000000000e+00 -1.095313490332046058e-01 4.077461671032668773e-03 4.077461671032666171e-03 2.883662321913638919e-03
5.089120588965982392e+02 -2.718597940930977984e+03 -6.854887501541912798e+01 0.000000000000000000e+00 0.000000000000000000e+00 -7.306712335719112161e-02 4.077461671032668773e-03 4.077461671032666171e-03 2.883662277948953294e-03
7.139691802299859091e+02 -2.886960030721391831e+03 -7.644037370907994955e+01 0.000000000000000000e+00 0.000000000000000000e+00 -2.932936602636004864e-02 4.077461671032668773e-03 4.077461671032666171e-03 2.883736689663749311e-03
7.138985512245834570e+02 -2.887072619776067768e+03 -7.644366397693676163e+01 0.000000000000000000e+00 0.000000000000000000e+00 -1.170686725116922844e-01 4.077461671032668773e-03 4.077461671032666171e-03 2.883736717743049047e-03
5.345373673194047797e+02 -3.127563338188773287e+03 -8.373870507863998114e+01 0.000000000000000000e+00 0.000000000000000000e+00 -8.518209284579825180e-02 4.077461671032668773e-03 4.077461671032666171e-03 2.883799015568990799e-03
5.344819965986545185e+02 -3.127557109032527478e+03 -8.373800673647063775e+01 0.000000000000000000e+00 0.000000000000000000e+00 -7.533882002054781424e-02 4.077461671032668773e-03 4.077461671032666171e-03 2.883799008676445671e-03
8.966923298332498007e+02 -3.142313218587794836e+03 -8.829637602092907400e+01 0.000000000000000000e+00 0.000000000000000000e+00 -5.971866995400887390e-02 4.077461671032668773e-03 4.077461671032666171e-03 2.883845264279239016e-03
8.966467476553225424e+02 -3.142241403114909645e+03 -8.829295816559002219e+01 0.000000000000000000e+00 0.000000000000000000e+00 -5.590028519560519271e-02 4.077461671032668773e-03 4.077461671032666171e-03 2.883845233396192462e-03
-1.402516409964620721e+02 -3.121681030510212167e+03 -8.145697526610226191e+01 0.000000000000000000e+00 0.000000000000000000e+00 -2.173586986148734468e-02 4.077475475935010696e-03 4.077475475935009828e-03 2.883785365399102289e-03
-1.402102186910930186e+02 -3.121758589016739279e+03 -8.145990264487618049e+01 0.000000000000000000e+00 0.000000000000000000e+00 -2.197954163331417021e-02 4.077475475935010696e-03 4.077475475935009828e-03 2.883785391526787374e-03
-1.402683689740090358e+02 -3.121919432857269385e+03 -8.146628590855983987e+01 0.000000000000000000e+00 0.000000000000000000e+00 -4.882590551041232629e-02 4.077475475935010696e-03 4.077475475935009828e-03 2.883785448969451281e-03
1.710265909803161151e+02 -3.152174583045139570e+03 -8.272211319093935344e+01 0.000000000000000000e+00 0.000000000000000000e+00 -7.710983561025841482e-03 4.077475475935010696e-03 4.077475475935009828e-03 2.883796811654903546e-03
1.708628679390368177e+02 -3.152056093460390912e+03 -8.271703362079253452e+01 0.000000000000000000e+00 0.000000000000000000e+00 4.683999548657880041e-02 4.077475475935010696e-03 4.077475475935009828e-03 2.883796765545538956e-03
4.482895104575077738e+01 -2.873882224959111682e+03 -7.201566783338139999e+01 0.000000000000000000e+00 0.000000000000000000e+00 -1.685147056292635170e-03 4.077475475935010696e-03 4.077475475935009828e-03 2.883699999188511862e-03
4.491363079468055730e+01 -2.873829984665441316e+03 -7.201383748129413220e+01 0.000000000000000000e+00 0.000000000000000000e+00 2.971487766859581825e-02 4.077475475935010696e-03 4.077475475935009828e-03 2.883699982692091313e-03
4.478079704426171048e+01 -2.873814534178797203e+03 -7.201318567105077761e+01 0.000000000000000000e+00 0.000000000000000000e+00 3.470567084249864820e-03 4.077475475935010696e-03 4.077475475935009828e-03 2.883699976628842018e-03
-1.362380539689344232e+02 -2.704566087158089886e+03 -6.618418680187872383e+01 0.000000000000000000e+00 0.000000000000000000e+00 1.032600820474272041e-01 4.077475475935010696e-03 4.077475475935009828e-03 2.883647205441836319e-03
-1.361805018250994976e+02 -2.704651856199714075e+03 -6.618699987360062664e+01 0.000000000000000000e+00 0.000000000000000000e+00 4.648819718164531878e-02 4.077475475935010696e-03 4.077475475935009828e-03 2.883647230866817016e-03
2.372096043904213616e+02 -2.718728318946738000e+03 -6.696573205458219036e+01 0.000000000000000000e+00 0.000000000000000000e+00 1.041408364855556101e-02 4.077475475935010696e-03 4.077475475935009828e-03 2.883654847681230583e-03
2.372577356552855292e+02 -2.718693676517998483e+03 -6.696471983512036275e+01 0.000000000000000000e+00 0.000000000000000000e+00 5.214680739312882451e-02 4.077475475935010696e-03 4.077475475935009828e-03 2.883654838783322565e-03
2.371230668610235170e+02 -2.718770654141776959e+03 -6.696686608233891036e+01 0.000000000000000000e+00 0.000000000000000000e+00 4.492232137394580604e-03 4.077475475935010696e-03 4.077475475935009828e-03 2.883654857435859545e-03
1.635595112441088190e+02 -2.413925392474491218e+03 -5.679563100228701700e+01 0.000000000000000000e+00 0.000000000000000000e+00 -1.392643886835287503e-02 4.077475475935010696e-03 4.077475475935009828e-03 2.883561388676680014e-03
1.634826588500785363e+02 -2.413917998858218198e+03 -5.679520455651812938e+01 0.000000000000000000e+00 0.000000000000000000e+00 -4.079462669798061825e-02 4.077475475935010696e-03 4.077475475935009828e-03 2.883561384371914268e-03
1.635175160552398665e+02 -2.413901438339164088e+03 -5.679478466912303247e+01 0.000000000000000000e+00 0.000000000000000000e+00 -2.053449251204142456e-02 4.077475475935010696e-03 4.077475475935009828e-03 2.883561380688593259e-03
-1.216679948818643737e+02 -2.382617318058841192e+03 -5.574276321234179932e+01 0.000000000000000000e+00 0.000000000000000000e+00 -7.948249324866196730e-02 4.077475475935010696e-03 4.077475475935009828e-03 2.883551524398660169e-03
-1.216507223913508398e+02 -2.382616230282971173e+03 -5.574269685839189492e+01 0.000000000000000000e+00 0.000000000000000000e+00 -7.883439636865574585e-02 4.077475475935010696e-03 4.077475475935009828e-03 2.883551523723175327e-03
-1.216218318602794142e+02 -2.382603949429904787e+03 -5.574226761964572319e+01 0.000000000000000000e+00 0.000000000000000000e+00 -5.523351379761720636e-02 4.077475475935010696e-03 4.077475475935009828e-03 2.883551519665891304e-03
3.711957203811410011e+01 -2.204772211256004994e+03 -5.041746628900327920e+01 0.000000000000000000e+00 0.000000000000000000e+00 -5.116412280656845724e-03 4.077475475935010696e-03 4.077475475935009828e-03 2.883502223375940601e-03
3.712506713896284083e+01 -2.204756142555218048e+03 -5.041701542529024493e+01 0.000000000000000000e+00 0.000000000000000000e+00 -3.696805103436417994e-02 4.077475475935010696e-03 4.077475475935009828e-03 2.883502219218168384e-03
3.707654195939242214e+01 -2.204643786330394960e+03 -5.041381168358651621e+01 0.000000000000000000e+00 0.000000000000000000e+00 5.655514499323999189e-03 4.077475475935010696e-03 4.077475475935009828e-03 2.883502189568386189e-03
-1.397036348542308986e+02 -2.023742343877870098e+03 -4.564834516975946599e+01 0.000000000000000000e+00 0.000000000000000000e+00 -1.155268450467801244e-01 4.077475475935010696e-03 4.077475475935009828e-03 2.883458410520292441e-03
-1.397199479718067039e+02 -2.023654760611724214e+03 -4.564610279493008704e+01 0.000000000000000000e+00 0.000000000000000000e+00 -6.175808530016269060e-02 4.077475475935010696e-03 4.077475475935009828e-03 2.883458389827262686e-03
-1.398057926928021857e+02 -2.023613965660561007e+03 -4.564523275666914515e+01 0.000000000000000000e+00 0.000000000000000000e+00 -6.709416536733670000e-02 4.077475475935010696e-03 4.077475475935009828e-03 2.883458382173896464e-03
1.740389329361580337e+02 -1.987271831284613199e+03 -4.479367739649295288e+01 0.000000000000000000e+00 0.000000000000000000e+00 -4.959028131104048498e-02 4.077475475935010696e-03 4.077475475935009828e-03 2.883450675372360109e-03
1.739603898055952982e+02 -1.987216161508494224e+03 -4.479203634251204846e+01 0.000000000000000000e+00 0.000000000000000000e+00 3.167007757171802496e-02 4.077475475935010696e-03 4.077475475935009828e-03 2.883450659701466273e-03
-1.480122021435917361e+02 -1.651233708208151256e+03 -3.684698345215494442e+01 0.000000000000000000e+00 0.000000000000000000e+00 3.288320001269084969e-02 4.077475475935010696e-03 4.077475475935009828e-03 2.883376736940663002e-03
-1.480115303412852938e+02 -1.651245675197181299e+03 -3.684723701394922557e+01 0.000000000000000000e+00 0.000000000000000000e+00 9.284956617925388400e-03 4.077475475935010696e-03 4.077475475935009828e-03 2.883376739296120411e-03
1.927098621352652970e+02 -1.649474420059677186e+03 -3.693155864622110585e+01 0.000000000000000000e+00 0.000000000000000000e+00 -5.066092792953469370e-02 4.077475475935010696e-03 4.077475475935009828e-03 2.883377796951545457e-03
1.926603302167938523e+02 -1.649426480539766544e+03 -3.693038466907422901e+01 0.000000000000000000e+00 0.000000000000000000e+00 -3.553151742136861913e-02 4.077475475935010696e-03 4.077475475935009828e-03 2.883377785689129110e-03
1.927206441387870370e+02 -1.649391451526541914e+03 -3.692982495057472647e+01 0.000000000000000000e+00 0.000000000000000000e+00 -1.474169575526929066e-02 4.077475475935010696e-03 4.077475475935009828e-03 2.883377780899955712e-03
2.604189376472009698e+01 -1.448158162000811444e+03 -3.260998920969697679e+01 0.000000000000000000e+00 0.000000000000000000e+00 -9.578020654025465319e-02 4.077475475935010696e-03 4.077475475935009828e-03 2.883336898437303085e-03
2.603030720603130632e+01 -1.448190794448412362e+03 -3.261059542403162226e+01 0.000000000000000000e+00 0.000000000000000000e+00 -4.032306834724863620e-02 4.077475475935010696e-03 4.077475475935009828e-03 2.883336904075358212e-03
2.596110535196608282e+01 -1.448176833018132129e+03 -3.261030508784153170e+01 0.000000000000000000e+00 0.000000000000000000e+00 -8.389457322051896426e-02 4.077475475935010696e-03 4.077475475935009828e-03 2.883336901303797453e-03
-1.204006680124263653e+02 -1.250450278504891457e+03 -2.927047758378505193e+01 0.000000000000000000e+00 0.000000000000000000e+00 -2.619927261430632370e-02 4.077475475935010696e-03 4.077475475935009828e-03 2.883306025278251691e-03
-1.204620135629430280e+02 -1.250414113409662150e+03 -2.927001133352042217e+01 0.000000000000000000e+00 0.000000000000000000e+00 1.974334334170180227e-02 4.077475475935010696e-03 4.077475475935009828e-03 2.883306021206698266e-03
-1.204848133561796431e+02 -1.250393213862974335e+03 -2.926971740782768094e+01 0.000000000000000000e+00 0.000000000000000000e+00 1.422349986602000627e-02 4.077475475935010696e-03 4.077475475935009828e-03 2.883306018568741573e-03
1.658613002698240564e+02 -1.234085035970196486e+03 -2.911210747437890589e+01 0.000000000000000000e+00 0.000000000000000000e+00 -1.848892970044602180e-02 4.077475475935010696e-03 4.077475475935009828e-03 2.883304791526761397e-03
1.658479186808136205e+02 -1.234118215786840892e+03 -2.911260154539019851e+01 0.000000000000000000e+00 0.000000000000000000e+00 -8.525078443057054756e-03 4.077475475935010696e-03 4.077475475935009828e-03 2.883304796049919287e-03
1.658638725116549892e+02 -1.234130223583500765e+03 -2.911283583174891021e+01 0.000000000000000000e+00 0.000000000000000000e+00 -9.764856697639601180e-03 4.077475475935010696e-03 4.077475475935009828e-03 2.883304798332808443e-03
-1.348129995614351913e+02 -9.291781711326984805e+02 -2.477009593940146814e+01 0.000000000000000000e+00 0.000000000000000000e+00 -1.657924692499079811e-02 4.077475475935010696e-03 4.077475475935009828e-03 2.883264134026555011e-03
-1.347747490131630173e+02 -9.290955718805157630e+02 -2.476902021511345353e+01 0.000000000000000000e+00 0.000000000000000000e+00 -2.069354894639019449e-02 4.077475475935010696e-03 4.077475475935009828e-03 2.883264123803631375e-03
1.620977678772878221e+02 -8.885621177871478267e+02 -2.435784815642191603e+01 0.000000000000000000e+00 0.000000000000000000e+00 -7.461566153937582158e-02 4.077475475935010696e-03 4.077475475935009828e-03 2.883260444634916462e-03
1.621198816046826323e+02 -8.885688176234930324e+02 -2.435798286767899867e+01 0.000000000000000000e+00 0.000000000000000000e+00 -1.030230415849437975e-01 4.077475475935010696e-03 4.077475475935009828e-03 2.883260446026262268e-03
1.620913733688818752e+02 -8.885453619186903325e+02 -2.435763891062203612e+01 0.000000000000000000e+00 0.000000000000000000e+00 -8.965427590316465967e-02 4.077475475935010696e-03 4.077475475935009828e-03 2.883260442645338689e-03
4.226470227677720004e+01 -6.813317743478817192e+02 -2.205778754156171217e+01 0.000000000000000000e+00 0.000000000000000000e+00 -5.424363873020610072e-02 4.077475475935010696e-03 4.077475475935009828e-03 2.883238550069986729e-03
4.221182348737613665e+01 -6.813247706959546122e+02 -2.205768992715902499e+01 0.000000000000000000e+00 0.000000000000000000e+00 -6.162134160651433490e-02 4.077475475935010696e-03 4.077475475935009828e-03 2.883238549076179696e-03
4.224392263368704903e+01 -6.813309626217173900e+02 -2.205776625909853905e+01 0.000000000000000000e+00 0.000000000000000000e+00 -4.006073644686125590e-02 4.077475475935010696e-03 4.077475475935009828e-03 2.883238549838457957e-03
-1.172505241754997201e+02 -4.607140618009524360e+02 -2.052748995209229221e+01 0.000000000000000000e+00 0.000000000000000000e+00 -5.754223622774290448e-02 4.077475475935010696e-03 4.077475475935009828e-03 2.883224535831329597e-03
-1.172125099632668537e+02 -4.606746121917866503e+02 -2.052718380175328150e+01 0.000000000000000000e+00 0.000000000000000000e+00 -1.568403618436065017e-02 4.077475475935010696e-03 4.077475475935009828e-03 2.883224532815840697e-03
1.967950555125896983e+02 -4.584046768551770015e+02 -2.071473610487958794e+01 0.000000000000000000e+00 0.000000000000000000e+00 -3.690180906734852329e-02 4.077475475935010696e-03 4.077475475935009828e-03 2.883226749218117686e-03
1.967740081150741673e+02 -4.583763520782125624e+02 -2.071450196419523593e+01 0.000000000000000000e+00 0.000000000000000000e+00 -6.389121645566930852e-02 4.077475475935010696e-03 4.077475475935009828e-03 2.883226746883574103e-03
1.967897419082293595e+02 -4.584506720408354568e+02 -2.071499132448239777e+01 0.000000000000000000e+00 0.000000000000000000e+00 -5.437868083954455756e-02 4.077475475935010696e-03 4.077475475935009828e-03 2.883226751553133547e-03
-1.056423243961798875e+02 -1.561280830679821179e+02 -1.929624892201331576e+01 0.000000000000000000e+00 0.000000000000000000e+00 -5.851746598988682990e-02 4.077475475935010696e-03 4.077475475935009828e-03 2.883213049248677540e-03
-1.056953491867703008e+02 -1.560313432664154902e+02 -1.929614469483088968e+01 0.000000000000000000e+00 0.000000000000000000e+00 -2.807012567780375889e-02 4.077475475935010696e-03 4.077475475935009828e-03 2.883213048490452894e-03
-1.056511946851209274e+02 -1.560820408026853556e+02 -1.929617152192584228e+01 0.000000000000000000e+00 0.000000000000000000e+00 -1.054503763181244835e-01 4.077475475935010696e-03 4.077475475935009828e-03 2.883213048565487057e-03
2.015799463433177436e+02 -1.297584785824959681e+02 -1.948439780448273950e+01 0.000000000000000000e+00 0.000000000000000000e+00 -4.409717664676904292e-02 4.077475475935010696e-03 4.077475475935009828e-03 2.883215342280909515e-03
2.015862915386127554e+02 -1.297342298066948274e+02 -1.948437783838363657e+01 0.000000000000000000e+00 0.000000000000000000e+00 5.060369046102408674e-03 4.077475475935010696e-03 4.077475475935009828e-03 2.883215342141786427e-03
2.015429831941087855e+02 -1.296750861213211294e+02 -1.948413893018700094e+01 0.000000000000000000e+00 0.000000000000000000e+00 -3.381513620309206658e-02 4.077475475935010696e-03 4.077475475935009828e-03 2.883215339597807944e-03
4.721125165812090785e+01 9.004332974377008725e+01 -1.911984689679672655e+01 0.000000000000000000e+00 0.000000000000000000e+00 -1.203210388398900932e-02 4.077475475935010696e-03 4.077475475935009828e-03 2.883211245664077729e-03
4.711010298160437770e+01 9.008787327689896074e+01 -1.911982184963920162e+01 0.000000000000000000e+00 0.000000000000000000e+00 1.465417122921763848e-02 4.077475475935010696e-03 4.077475475935009828e-03 2.883211245256662742e-03
4.711166354738264772e+01 8.999546569582572886e+01 -1.911971639375828502e+01 0.000000000000000000e+00 0.000000000000000000e+00 -2.305959859976169923e-02 4.077475475935010696e-03 4.077475475935009828e-03 2.883211244285685104e-03
-1.279868707227272466e+02 2.658345332960758469e+02 -1.963336376492494750e+01 0.000000000000000000e+00 0.000000000000000000e+00 -7.508529358222659766e-03 4.077475475935010696e-03 4.077475475935009828e-03 2.883216237045745523e-03
-1.280306090306911528e+02 2.659316422390199932e+02 -1.963378328642350823e+01 0.000000000000000000e+00 0.000000000000000000e+00 2.038045817158007367e-02 4.077475475935010696e-03 4.077475475935009828e-03 2.883216241109842239e-03
1.816820336483626477e+02 2.856387212031610829e+02 -1.983611482915633317e+01 0.000000000000000000e+00 0.000000000000000000e+00 1.668069870212463002e-02 4.077475475935010696e-03 4.077475475935009828e-03 2.883218404872536431e-03
1.817015375319503789e+02 2.856341045978661555e+02 -1.983615466816844730e+01 0.000000000000000000e+00 0.000000000000000000e+00 -3.813011529980769865e-02 4.077475475935010696e-03 4.077475475935009828e-03 2.883218405368245807e-03
2.068711973848974139e+02 5.400689258607003467e+02 -2.125270883059756954e+01 0.000000000000000000e+00 0.000000000000000000e+00 8.045155006829673994e-03 4.077475475935010696e-03 4.077475475935009828e-03 2.883231567867965313e-03
2.068126093726887120e+02 5.401607183370219900e+02 -2.125314613407995878e+01 0.000000000000000000e+00 0.000000000000000000e+00 3.166416608552324874e-02 4.077475475935010696e-03 4.077475475935009828e-03 2.883231571438453836e-03
2.067304368681518554e+02 5.400740103784344228e+02 -2.125227962571298690e+01 0.000000000000000000e+00 0.000000000000000000e+00 2.454615763981848886e-02 4.077475475935010696e-03 4.077475475935009828e-03 2.883231562904669913e-03
-1.420750306768488258e+02 5.952593125542539383e+02 -2.147082694345693810e+01 0.000000000000000000e+00 0.000000000000000000e+00 2.027698246164888474e-02 4.077475475935010696e-03 4.077475475935009828e-03 2.883233164131987318e-03
-1.421312426262019528e+02 5.952724153194160408e+02 -2.147105335771954060e+01 0.000000000000000000e+00 0.000000000000000000e+00 9.917966360642793688e-03 4.077475475935010696e-03 4.077475475935009828e-03 2.883233166485513980e-03
-1.421829687928501471e+02 5.952870196903461419e+02 -2.147128102228468194e+01 0.000000000000000000e+00 0.000000000000000000e+00 2.966535826293537070e-02 4.077475475935010696e-03 4.077475475935009828e-03 2.883233168828151349e-03
-1.059494904863495890e+01 7.922020246186086752e+02 -2.304454364385727771e+01 0.000000000000000000e+00 0.000000000000000000e+00 1.013770968146587848e-02 4.077475475935010696e-03 4.077475475935009828e-03 2.883247201115271812e-03
-1.065821237204742289e+01 7.921593398726413398e+02 -2.304412602045564640e+01 0.000000000000000000e+00 0.000000000000000000e+00 2.195986792729698323e-02 4.077475475935010696e-03 4.077475475935009828e-03 2.883247197325919733e-03
-1.065990565311980376e+01 7.921257397338288229e+02 -2.304378917304406471e+01 0.000000000000000000e+00 0.000000000000000000e+00 2.135536944625826550e-02 4.077475475935010696e-03 4.077475475935009828e-03 2.883247194251581640e-03
-1.408325140573018643e+02 9.929853436135103948e+02 -2.546614038714318085e+01 0.000000000000000000e+00 0.000000000000000000e+00 1.890847990782162924e-02 4.077475475935010696e-03 4.077475475935009828e-03 2.883269585354016930e-03
-1.408765536922984722e+02 9.930498432997417240e+02 -2.546704651204810688e+01 0.000000000000000000e+00 0.000000000000000000e+00 1.936782660277458490e-02 4.077475475935010696e-03 4.077475475935009828e-03 2.883269593792729766e-03
-1.409035681063004404e+02 9.930411474317888860e+02 -2.546699788163847700e+01 0.000000000000000000e+00 0.000000000000000000e+00 1.427228287499104908e-02 4.077475475935010696e-03 4.077475475935009828e-03 2.883269593477478469e-03
1.801686993779133559e+02 9.718613293118564798e+02 -2.530436482225557882e+01 0.000000000000000000e+00 0.000000000000000000e+00 -3.949522902068736130e-02 4.077475475935010696e-03 4.077475475935009828e-03 2.883268326075280955e-03
1.802102218444240123e+02 9.719643168319817050e+02 -2.530574626263928195e+01 0.000000000000000000e+00 0.000000000000000000e+00 -3.521195855779524209e-02 4.077475475935010696e-03 4.077475475935009828e-03 2.883268338875720916e-03
1.802066045964588170e+02 9.719842610119671917e+02 -2.530598051621364064e+01 0.000000000000000000e+00 0.000000000000000000e+00 -4.632314980196028387e-02 4.077475475935010696e-03 4.077475475935009828e-03 2.883268340982124943e-03
1.966746623424645861e+02 6.189762706720293863e+02 -2.180109995921208110e+01 0.000000000000000000e+00 0.000000000000000000e+00 -3.716247425442276153e-02 4.077475475935010696e-03 4.077475475935009828e-03 2.883236510699192529e-03
1.966940827399853333e+02 6.189362777864821510e+02 -2.180084639675687086e+01 0.000000000000000000e+00 0.000000000000000000e+00 -1.436795697176052045e-02 4.077475475935010696e-03 4.077475475935009828e-03 2.883236508515700861e-03
1.966652710159991102e+02 6.188618206153641950e+02 -2.180017085168868363e+01 0.000000000000000000e+00 0.000000000000000000e+00 -2.571773186813786083e-02 4.077475475935010696e-03 4.077475475935009828e-03 2.883236502140808059e-03
-1.521690887136991535e+02 1.305378790467388626e+03 -3.000481369307843948e+01 0.000000000000000000e+00 0.000000000000000000e+00 1.395665167361315184e-02 4.077475475935010696e-03 4.077475475935009828e-03 2.883310731069582949e-03
-1.521640056170068931e+02 1.305347688086865901e+03 -3.000429284126595775e+01 0.000000000000000000e+00 0.000000000000000000e+00 -4.698557468397979164e-03 4.077475475935010696e-03 4.077475475935009828e-03 2.883310726345028868e-03
1.707380691846488219e+02 1.308558877427342850e+03 -3.010411447855987888e+01 0.000000000000000000e+00 0.000000000000000000e+00 -1.134024097301633560e-02 4.077475475935010696e-03 4.077475475935009828e-03 2.883311721518844184e-03
-8.109395808244865833e+00 1.538806179240380516e+03 -3.397142487506712882e+01 0.000000000000000000e+00 0.000000000000000000e+00 1.450057823911521382e-02 4.077475475935010696e-03 4.077475475935009828e-03 2.883346085823786618e-03
-8.031632918228947204e+00 1.538829655997364625e+03 -3.397186532531701175e+01 0.000000000000000000e+00 0.000000000000000000e+00 1.114323391316673906e-02 4.077475475935010696e-03 4.077475475935009828e-03 2.883346089760991347e-03
1.646028990032991715e+02 1.715275786099454535e+03 -3.775385286899570048e+01 0.000000000000000000e+00 0.000000000000000000e+00 1.515201583823966303e-02 4.077475475935010696e-03 4.077475475935009828e-03 2.883380371186160425e-03
-1.525998013012394665e+02 1.730504621181692528e+03 -3.804964269693250145e+01 0.000000000000000000e+00 0.000000000000000000e+00 -1.936752788952844639e-02 4.077475475935010696e-03 4.077475475935009828e-03 2.883382959390532602e-03
-1.526178020482433055e+02 1.730541138815396152e+03 -3.805046956130647118e+01 0.000000000000000000e+00 0.000000000000000000e+00 -2.479411974720591161e-02 4.077475475935010696e-03 4.077475475935009828e-03 2.883382966857441203e-03
-1.526631285355365719e+02 1.730521700991595026e+03 -3.805016037831708076e+01 0.000000000000000000e+00 0.000000000000000000e+00 -1.072000965727681887e-03 4.077475475935010696e-03 4.077475475935009828e-03 2.883382964294281016e-03
-2.003903194971561277e+02 2.037661897425171674e+03 -4.533164072680730783e+01 0.000000000000000000e+00 0.000000000000000000e+00 8.897269279799502328e-03 4.077475475935010696e-03 4.077475475935009828e-03 2.883447986971889986e-03
-2.003889135188876196e+02 2.037627780017247915e+03 -4.533078063484843767e+01 0.000000000000000000e+00 0.000000000000000000e+00 -4.335128163027945902e-03 4.077475475935010696e-03 4.077475475935009828e-03 2.883447979342054421e-03
-2.004234537799391660e+02 2.037657675710039712e+03 -4.533163789678445710e+01 0.000000000000000000e+00 0.000000000000000000e+00 2.418225859209144346e-03 4.077475475935010696e-03 4.077475475935009828e-03 2.883447987124072940e-03
1.672933914099649257e+02 2.046076816107709192e+03 -4.544869716354749301e+01 0.000000000000000000e+00 0.000000000000000000e+00 -1.212903463738257415e-02 4.077475475935010696e-03 4.077475475935009828e-03 2.883448862250857347e-03
1.673641066443902332e+02 2.046076665548249366e+03 -4.544887699157260386e+01 0.000000000000000000e+00 0.000000000000000000e+00 -2.463532246500932388e-02 4.077475475935010696e-03 4.077475475935009828e-03 2.883448864159410957e-03
1.673148205711803485e+02 2.046199111672090112e+03 -4.545183254311888987e+01 0.000000000000000000e+00 0.000000000000000000e+00 -5.645112730370271947e-03 4.077475475935010696e-03 4.077475475935009828e-03 2.883448890134747422e-03
4.201926722738005537e+01 2.322441238752063782e+03 -5.264883286011659891e+01 0.000000000000000000e+00 0.000000000000000000e+00 1.391755021190022035e-02 4.077475475935010696e-03 4.077475475935009828e-03 2.883512125450943871e-03
4.200954434999519549e+01 2.322315574964270127e+03 -5.264525997888682696e+01 0.000000000000000000e+00 0.000000000000000000e+00 6.980448621192181236e-04 4.077475475935010696e-03 4.077475475935009828e-03 2.883512093986745437e-03
-1.561635625518223378e+02 2.489475067172221316e+03 -5.772274879383373047e+01 0.000000000000000000e+00 0.000000000000000000e+00 4.250769123143527395e-02 4.077475475935010696e-03 4.077475475935009828e-03 2.883556949235836862e-03
-1.562320040625124875e+02 2.489462635236309779e+03 -5.772253648705492424e+01 0.000000000000000000e+00 0.000000000000000000e+00 4.042031556507197365e-02 4.077475475935010696e-03 4.077475475935009828e-03 2.883556947624307809e-03
-1.561513824483013764e+02 2.489443070072244609e+03 -5.772175062642043031e+01 0.000000000000000000e+00 0.000000000000000000e+00 3.530104904322683979e-02 4.077475475935010696e-03 4.077475475935009828e-03 2.883556940448883492e-03
2.104095521729574898e+02 2.473223426056160861e+03 -5.738483721310615948e+01 0.000000000000000000e+00 0.000000000000000000e+00 -3.585614576870455039e-03 4.077475475935010696e-03 4.077475475935009828e-03 2.883554221066829751e-03
2.103866003047228332e+02 2.473138016560238157e+03 -5.738219269742171491e+01 0.000000000000000000e+00 0.000000000000000000e+00 2.391608667672073807e-03 4.077475475935010696e-03 4.077475475935009828e-03 2.883554197790704800e-03
2.103932162345975314e+02 2.473150519072509269e+03 -5.738259032787185987e+01 0.000000000000000000e+00 0.000000000000000000e+00 1.047167843210417004e-02 4.077475475935010696e-03 4.077475475935009828e-03 2.883554201306083760e-03
-5.493242805853125219e+02 2.480994280159819027e+03 -5.959511085203517666e+01 0.000000000000000000e+00 0.000000000000000000e+00 3.445996502026815733e-02 4.077475475935010696e-03 4.077475475935009828e-03 2.883576569650782816e-03
-5.493594153001771474e+02 2.480990537669930291e+03 -5.959529414682278770e+01 0.000000000000000000e+00 0.000000000000000000e+00 3.388437795796050978e-02 4.077475475935010696e-03 4.077475475935009828e-03 2.883576571708840099e-03
-5.686238493907877682e+02 2.112828544677743139e+03 -4.944210983424494543e+01 0.000000000000000000e+00 0.000000000000000000e+00 2.095931577259335654e-02 4.077475475935010696e-03 4.077475475935009828e-03 2.883488049293891041e-03
-6.744681003698984796e+02 2.281771332760543828e+03 -5.499752737234422284e+01 0.000000000000000000e+00 0.000000000000000000e+00 5.648412825136261972e-02 4.077475475935010696e-03 4.077475475935009828e-03 2.883538412621794531e-03
-6.744670551480357972e+02 2.281780138688651277e+03 -5.499776161098385785e+01 0.000000000000000000e+00 0.000000000000000000e+00 6.748289656679418158e-02 4.077475475935010696e-03 4.077475475935009828e-03 2.883538414646429331e-03
-6.745149052482175875e+02 2.281814241210608998e+03 -5.499920790993608932e+01 0.000000000000000000e+00 0.000000000000000000e+00 4.838283117301500624e-02 4.077475475935010696e-03 4.077475475935009828e-03 2.883538428096714488e-03
-8.530649286778324267e+02 2.461803993994740722e+03 -6.228424802852846653e+01 0.000000000000000000e+00 0.000000000000000000e+00 4.793836995531819412e-02 4.077475475935010696e-03 4.077475475935009828e-03 2.883605104158468765e-03
-8.531045180955655951e+02 2.461810095779866970e+03 -6.228494735488692413e+01 0.000000000000000000e+00 0.000000000000000000e+00 3.729280869514184360e-02 4.077475475935010696e-03 4.077475475935009828e-03 2.883605111041377504e-03
-8.531168401344904169e+02 2.461832532926982822e+03 -6.228577780167319133e+01 0.000000000000000000e+00 0.000000000000000000e+00 1.543259594143364666e-02 4.077475475935010696e-03 4.077475475935009828e-03 2.883605118471335195e-03
-8.707817582190688199e+02 2.113015859911784446e+03 -5.280821017706310272e+01 0.000000000000000000e+00 0.000000000000000000e+00 -1.014338333035880169e-03 4.077475475935010696e-03 4.077475475935009828e-03 2.883523438566964678e-03
-8.707673783429941068e+02 2.112901330711947139e+03 -5.280505830936346712e+01 0.000000000000000000e+00 0.000000000000000000e+00 -3.645914015986306822e-02 4.077475475935010696e-03 4.077475475935009828e-03 2.883523410815880695e-03
-8.707878021115118372e+02 2.112974997101996905e+03 -5.280723585038977319e+01 0.000000000000000000e+00 0.000000000000000000e+00 -1.190415939387889921e-02 4.077475475935010696e-03 4.077475475935009828e-03 2.883523430244422370e-03
-8.915459330095261521e+02 1.781811447688218095e+03 -4.517666070763917219e+01 0.000000000000000000e+00 0.000000000000000000e+00 5.395498152019229110e-02 4.077475475935010696e-03 4.077475475935009828e-03 2.883457437648285528e-03
-8.915980560902087291e+02 1.781792772386238994e+03 -4.517697338278256325e+01 0.000000000000000000e+00 0.000000000000000000e+00 6.396108232581099173e-02 4.077475475935010696e-03 4.077475475935009828e-03 2.883457441809295606e-03
-5.586947626557951025e+02 1.784302822060570634e+03 -4.147420984076408246e+01 0.000000000000000000e+00 0.000000000000000000e+00 2.782681807575926314e-02 4.077475475935010696e-03 4.077475475935009828e-03 2.883417616238235885e-03
-5.587261644082535668e+02 1.784325723832092535e+03 -4.147498845147046609e+01 0.000000000000000000e+00 0.000000000000000000e+00 9.220309989807162765e-03 4.077475475935010696e-03 4.077475475935009828e-03 2.883417623647189544e-03
-7.580626529208432203e+02 1.592929506727871285e+03 -3.952274932946687613e+01 0.000000000000000000e+00 0.000000000000000000e+00 6.638454418059325235e-03 4.077475475935010696e-03 4.077475475935009828e-03 2.883404344097247225e-03
-7.580806953585876045e+02 1.593022126278971200e+03 -3.952479143099454717e+01 0.000000000000000000e+00 0.000000000000000000e+00 2.560551894369211823e-03 4.077475475935010696e-03 4.077475475935009828e-03 2.883404362554697637e-03
-8.544987470509151990e+02 1.346810682806677960e+03 -3.624823059266620362e+01 0.000000000000000000e+00 0.000000000000000000e+00 2.364526883821582715e-02 4.077475475935010696e-03 4.077475475935009828e-03 2.883377973403196924e-03
-8.545260339827398184e+02 1.346699027059567243e+03 -3.624672554515986178e+01 0.000000000000000000e+00 0.000000000000000000e+00 1.508432383290170264e-02 4.077475475935010696e-03 4.077475475935009828e-03 2.883377960910175983e-03
-5.466387107116247535e+02 1.334487910593923289e+03 -3.265485516893183160e+01 0.000000000000000000e+00 0.000000000000000000e+00 -3.089976416076467558e-02 4.077475475935010696e-03 4.077475475935009828e-03 2.883338934681831979e-03
-5.466396190149899894e+02 1.334587959929542421e+03 -3.265653072914899724e+01 0.000000000000000000e+00 0.000000000000000000e+00 -2.542851725125672147e-02 4.077475475935010696e-03 4.077475475935009828e-03 2.883338949681483240e-03
-5.121840246141082389e+02 1.031867228421804384e+03 -2.788067811595194456e+01 0.000000000000000000e+00 0.000000000000000000e+00 9.118105868322246010e-02 4.077475475935010696e-03 4.077475475935009828e-03 2.883295500507917358e-03
-5.109736135506337291e+02 1.031723617353156214e+03 -2.786902480598458709e+01 0.000000000000000000e+00 0.000000000000000000e+00 1.051981912471262604e-01 4.077475475935010696e-03 4.077475475935009828e-03 2.883295374530948918e-03
-5.104044620045816032e+02 1.031552922344622630e+03 -2.786221523581101067e+01 0.000000000000000000e+00 0.000000000000000000e+00 1.132575569903941926e-01 4.077475475935010696e-03 4.077475475935009828e-03 2.883295303339634789e-03
-8.463750375814948939e+02 9.647727617030750480e+02 -3.062691571557159165e+01 0.000000000000000000e+00 0.000000000000000000e+00 -3.769970027686753156e-02 4.077475475935010696e-03 4.077475475935009828e-03 2.883328023365177954e-03
-8.463549782345482981e+02 9.647590368774476701e+02 -3.062648171843890310e+01 0.000000000000000000e+00 0.000000000000000000e+00 -3.768713366824272271e-02 4.077475475935010696e-03 4.077475475935009828e-03 2.883328018901920933e-03
-7.280188100145285262e+02 8.457782205608730237e+02 -2.780135802247313848e+01 0.000000000000000000e+00 0.000000000000000000e+00 -3.551351141640779474e-02 4.077475475935010696e-03 4.077475475935009828e-03 2.883299501026560276e-03
-7.276096726790800631e+02 8.458714740230100233e+02 -2.779763473714524125e+01 0.000000000000000000e+00 0.000000000000000000e+00 -1.775791806031534747e-02 4.077475475935010696e-03 4.077475475935009828e-03 2.883299456933719786e-03
-7.273791835309632461e+02 8.458766727392946905e+02 -2.779503478203234579e+01 0.000000000000000000e+00 0.000000000000000000e+00 -5.408384004081412400e-02 4.077475475935010696e-03 4.077475475935009828e-03 2.883299427610907812e-03
-5.156478128239338048e+02 6.118248839552068148e+02 -2.355378614048286323e+01 0.000000000000000000e+00 0.000000000000000000e+00 -1.040514987167640015e-02 4.077475475935010696e-03 4.077475475935009828e-03 2.883256523596069987e-03
-5.156815991510535468e+02 6.118129308833135838e+02 -2.355397073293926624e+01 0.000000000000000000e+00 0.000000000000000000e+00 -1.062204286266776876e-02 4.077475475935010696e-03 4.077475475935009828e-03 2.883256525902829805e-03
-8.384259845388861550e+02 5.835141889313053980e+02 -2.681370446656029216e+01 0.000000000000000000e+00 0.000000000000000000e+00 -1.123241152231813089e-02 4.077475475935010696e-03 4.077475475935009828e-03 2.883293990237526840e-03
-8.384644698271044945e+02 5.835522346180130171e+02 -2.681449635391960129e+01 0.000000000000000000e+00 0.000000000000000000e+00 -1.754241860038163736e-02 4.077475475935010696e-03 4.077475475935009828e-03 2.883293998514321888e-03
-8.384622742393904673e+02 5.836017841073694399e+02 -2.681483114820770197e+01 0.000000000000000000e+00 0.000000000000000000e+00 -1.108882260325572133e-02 4.077475475935010696e-03 4.077475475935009828e-03 2.883294001401736154e-03
-8.685163327937968916e+02 2.770292723166529640e+02 -2.556282247248362438e+01 0.000000000000000000e+00 0.000000000000000000e+00 -9.714428213893455677e-03 4.077475475935010696e-03 4.077475475935009828e-03 2.883284084999293909e-03
-8.684214542944087043e+02 2.769647246530803955e+02 -2.556128527922481553e+01 0.000000000000000000e+00 0.000000000000000000e+00 -5.400792026499345866e-03 4.077475475935010696e-03 4.077475475935009828e-03 2.883284068054218791e-03
-8.685102141760440873e+02 2.770742897443249717e+02 -2.556289428999005509e+01 0.000000000000000000e+00 0.000000000000000000e+00 1.072480461953873032e-02 4.077475475935010696e-03 4.077475475935009828e-03 2.883284085378371320e-03
-5.360203611621382151e+02 2.493685732855778099e+02 -2.174531795638733911e+01 0.000000000000000000e+00 0.000000000000000000e+00 -3.084674056330882763e-02 4.077475475935010696e-03 4.077475475935009828e-03 2.883240605470942502e-03
-7.038720049196333548e+02 1.047154155586242013e+02 -2.308502873545933909e+01 0.000000000000000000e+00 0.000000000000000000e+00 -8.273383096389252955e-02 4.077475475935010696e-03 4.077475475935009828e-03 2.883256873467509099e-03
-7.039343202469952985e+02 1.046810445280071065e+02 -2.308568498565087168e+01 0.000000000000000000e+00 0.000000000000000000e+00 -8.801715933989129326e-02 4.077475475935010696e-03 4.077475475935009828e-03 2.883256881159071763e-03
-5.186175588741140245e+02 -1.471120034770831069e+02 -2.134732370371661858e+01 0.000000000000000000e+00 0.000000000000000000e+00 -5.621098984143202415e-03 4.077475475935010696e-03 4.077475475935009828e-03 2.883236856692937035e-03
-8.387508029312569988e+02 -1.624422733426747243e+02 -2.485839520791483181e+01 0.000000000000000000e+00 0.000000000000000000e+00 -4.484725705341574553e-02 4.077475475935010696e-03 4.077475475935009828e-03 2.883277408732948157e-03
-8.387840908276890559e+02 -1.624047764344483369e+02 -2.485876211656410462e+01 0.000000000000000000e+00 0.000000000000000000e+00 -2.317440069296239358e-02 4.077475475935010696e-03 4.077475475935009828e-03 2.883277413106928068e-03
-8.739836545038023132e+02 -4.736244122148119118e+02 -2.662641522895901858e+01 0.000000000000000000e+00 0.000000000000000000e+00 -1.023793144357760809e-01 4.077475475935010696e-03 4.077475475935009828e-03 2.883295250769645629e-03
-8.740392663276497842e+02 -4.734470629054360415e+02 -2.662610629124614192e+01 0.000000000000000000e+00 0.000000000000000000e+00 1.338960798999977442e-03 4.077475475935010696e-03 4.077475475935009828e-03 2.883295249554405915e-03
-5.270742393988493859e+02 -4.887061081089778440e+02 -2.282171679727061431e+01 0.000000000000000000e+00 0.000000000000000000e+00 2.863002238061795879e-02 4.077475475935010696e-03 4.077475475935009828e-03 2.883250847612052557e-03
-5.271256118724561475e+02 -4.888482846661257781e+02 -2.282304964751470777e+01 0.000000000000000000e+00 0.000000000000000000e+00 -2.711893090030770281e-02 4.077475475935010696e-03 4.077475475935009828e-03 2.883250861060914372e-03
-6.988437976186417018e+02 -6.524786707026746626e+02 -2.572048808990473390e+01 0.000000000000000000e+00 0.000000000000000000e+00 -2.965892274922765637e-02 4.077475475935010696e-03 4.077475475935009828e-03 2.883281803817310581e-03
-6.988357022490168902e+02 -6.524466843024649734e+02 -2.572012743194211026e+01 0.000000000000000000e+00 0.000000000000000000e+00 -2.957332297125248033e-02 4.077475475935010696e-03 4.077475475935009828e-03 2.883281800240861115e-03
-6.988197919649569485e+02 -6.524350630693177209e+02 -2.571985091450182992e+01 0.000000000000000000e+00 0.000000000000000000e+00 -2.871570975671033921e-03 4.077475475935010696e-03 4.077475475935009828e-03 2.883281797249240275e-03
-5.489156122794096291e+02 -9.115860342492437667e+02 -2.683797664276069028e+01 0.000000000000000000e+00 0.000000000000000000e+00 -4.137246919589543381e-02 4.077475475935010696e-03 4.077475475935009828e-03 2.883288737246469512e-03
-5.488476950707441802e+02 -9.115694960454263764e+02 -2.683718253062895798e+01 0.000000000000000000e+00 0.000000000000000000e+00 -3.377023652160460188e-02 4.077475475935010696e-03 4.077475475935009828e-03 2.883288728450817805e-03
-8.352385577848689309e+02 -9.514087313133579755e+02 -3.049843902652125749e+01 0.000000000000000000e+00 0.000000000000000000e+00 -3.588487376620008718e-02 4.077475475935010696e-03 4.077475475935009828e-03 2.883330199885487857e-03
-8.352512291750541635e+02 -9.513945598500110918e+02 -3.049843442144652172e+01 0.000000000000000000e+00 0.000000000000000000e+00 -6.907668246075360230e-02 4.077475475935010696e-03 4.077475475935009828e-03 2.883330200235640489e-03
-8.351448641768099606e+02 -9.515412702692512994e+02 -3.049881459639149384e+01 0.000000000000000000e+00 0.000000000000000000e+00 -7.124231363631849945e-02 4.077475475935010696e-03 4.077475475935009828e-03 2.883330200472047737e-03
-8.790250883469633436e+02 -1.216346540902140305e+03 -3.480986678965819436e+01 0.000000000000000000e+00 0.000000000000000000e+00 -4.016077845793830647e-02 4.077475475935010696e-03 4.077475475935009828e-03 2.883371596197502849e-03
-5.662616763962600999e+02 -1.258073292881601446e+03 -3.185378012922679147e+01 0.000000000000000000e+00 0.000000000000000000e+00 -3.396604056106156122e-02 4.077475475935010696e-03 4.077475475935009828e-03 2.883335774386664926e-03
-6.860912966752989632e+02 -1.395098316484080442e+03 -3.540570311805900161e+01 0.000000000000000000e+00 0.000000000000000000e+00 -2.930372132330916202e-02 4.077475475935010696e-03 4.077475475935009828e-03 2.883371525856953058e-03
-6.860429506077474571e+02 -1.395115532202677059e+03 -3.540548185599136843e+01 0.000000000000000000e+00 0.000000000000000000e+00 -5.703995013313800655e-02 4.077475475935010696e-03 4.077475475935009828e-03 2.883371522583287865e-03
-6.860541023840077060e+02 -1.395137665788018921e+03 -3.540600317298495270e+01 0.000000000000000000e+00 0.000000000000000000e+00 -6.420092519189779523e-02 4.077475475935010696e-03 4.077475475935009828e-03 2.883371527697706303e-03
-5.398438409481278768e+02 -1.647482749987134184e+03 -3.892554387836787555e+01 0.000000000000000000e+00 0.000000000000000000e+00 -1.056633145050724920e-01 4.077475475935010696e-03 4.077475475935009828e-03 2.883400878664950633e-03
-5.398464176310528728e+02 -1.647453105917755465e+03 -3.892493622171835455e+01 0.000000000000000000e+00 0.000000000000000000e+00 -4.052213367796753118e-02 4.077475475935010696e-03 4.077475475935009828e-03 2.883400873084017782e-03
-5.398823846869133831e+02 -1.647484324470088723e+03 -3.892591031126907808e+01 0.000000000000000000e+00 0.000000000000000000e+00 -1.010530959665061346e-01 4.077475475935010696e-03 4.077475475935009828e-03 2.883400882809324280e-03
-8.472019091819724963e+02 -1.655085432787422860e+03 -4.249319046205982886e+01 0.000000000000000000e+00 0.000000000000000000e+00 -6.937780101820578693e-02 4.077475475935010696e-03 4.077475475935009828e-03 2.883441513970532843e-03
-8.471563198037429174e+02 -1.655027043053532907e+03 -4.249133023845675439e+01 0.000000000000000000e+00 0.000000000000000000e+00 -5.435519041143521690e-02 4.077475475935010696e-03 4.077475475935009828e-03 2.883441495451840187e-03
-8.433040946967812488e+02 -1.990459815636015492e+03 -5.029335599408340585e+01 0.000000000000000000e+00 0.000000000000000000e+00 -2.196453701075995468e-02 4.077475475935010696e-03 4.077475475935009828e-03 2.883512977361249192e-03
-5.366467105531214656e+02 -1.992653058408431662e+03 -4.698512753235627315e+01 0.000000000000000000e+00 0.000000000000000000e+00 -6.243910315482281703e-02 4.077475475935010696e-03 4.077475475935009828e-03 2.883475326666769516e-03
-5.366162271527394978e+02 -1.992524990046721996e+03 -4.698158934445565649e+01 0.000000000000000000e+00 0.000000000000000000e+00 -3.252368632465163500e-02 4.077475475935010696e-03 4.077475475935009828e-03 2.883475293482244510e-03
-6.790362717079906361e+02 -2.145831008685870074e+03 -5.242451229054356787e+01 0.000000000000000000e+00 0.000000000000000000e+00 -1.174415982931904523e-01 4.077475475935010696e-03 4.077475475935009828e-03 2.883528244851204635e-03
-6.789919483395558473e+02 -2.145777986931430405e+03 -5.242257892497614336e+01 0.000000000000000000e+00 0.000000000000000000e+00 -1.228153225744961219e-01 4.077475475935010696e-03 4.077475475935009828e-03 2.883528226136495599e-03
-8.407736089442814773e+02 -2.736505673012820353e+03 -7.266219917861907618e+01 0.000000000000000000e+00 0.000000000000000000e+00 -2.423214110849869485e-02 4.077475475935010696e-03 4.077475475935009828e-03 2.883715366792506327e-03
-8.408335998440256844e+02 -2.736659560332017008e+03 -7.266828319557625093e+01 0.000000000000000000e+00 0.000000000000000000e+00 -9.099698880028483927e-02 4.077475475935010696e-03 4.077475475935009828e-03 2.883715422644989555e-03
-5.285565696415346792e+02 -2.752273043152540595e+03 -6.987089709026308526e+01 0.000000000000000000e+00 0.000000000000000000e+00 -9.880836119971547760e-02 4.077475475935010696e-03 4.077475475935009828e-03 2.883684286188334823e-03
-5.285706227635441792e+02 -2.752327176017399324e+03 -6.987289248227808969e+01 0.000000000000000000e+00 0.000000000000000000e+00 -8.564564923106843253e-02 4.077475475935010696e-03 4.077475475935009828e-03 2.883684304432808897e-03
-5.285281009182041316e+02 -2.752339155911115540e+03 -6.987295708463659594e+01 0.000000000000000000e+00 0.000000000000000000e+00 -5.998752087043612846e-02 4.077475475935010696e-03 4.077475475935009828e-03 2.883684304396600014e-03
-6.531230188526949405e+02 -2.907434650835713910e+03 -7.653782336254634799e+01 0.000000000000000000e+00 0.000000000000000000e+00 -8.314291277112317857e-02 4.077475475935010696e-03 4.077475475935009828e-03 2.883746236084287068e-03
-6.530300156248815711e+02 -2.907404426023257656e+03 -7.653577911553585977e+01 0.000000000000000000e+00 0.000000000000000000e+00 -9.939249493265833735e-02 4.077475475935010696e-03 4.077475475935009828e-03 2.883746216208048392e-03
-6.530080270294439515e+02 -2.907489071185585090e+03 -7.653863977363437243e+01 0.000000000000000000e+00 0.000000000000000000e+00 -1.322198064907240678e-01 4.077475475935010696e-03 4.077475475935009828e-03 2.883746241440045873e-03
-8.560723296428582216e+02 -3.142328406126344817e+03 -8.775091150360634629e+01 0.000000000000000000e+00 0.000000000000000000e+00 -1.145502207719459875e-01 4.077475475935010696e-03 4.077475475935009828e-03 2.883849411816349646e-03
-8.560308637813770929e+02 -3.142347495014809283e+03 -8.775110919156793443e+01 0.000000000000000000e+00 0.000000000000000000e+00 -1.366414193488765250e-01 4.077475475935010696e-03 4.077475475935009828e-03 2.883849412719346941e-03
-8.561581359272097416e+02 -3.142375962684481692e+03 -8.775388810612558643e+01 0.000000000000000000e+00 0.000000000000000000e+00 -9.120422047730869508e-02 4.077475475935010696e-03 4.077475475935009828e-03 2.883849439651693918e-03
-2.182475233630741968e+03 -3.148461008742971899e+03 -1.183584170498768913e+02 0.000000000000000000e+00 0.000000000000000000e+00 -6.152551043476250925e-02 4.077501817555505802e-03 4.077501817555502332e-03 2.884173437926739868e-03
-2.182562364335108214e+03 -3.148323783348973848e+03 -1.183560792870613625e+02 0.000000000000000000e+00 0.000000000000000000e+00 -2.223491821752077158e-02 4.077501817555505802e-03 4.077501817555502332e-03 2.884173425906770647e-03
-2.182393996251694716e+03 -2.785239463321039693e+03 -1.053827667602603810e+02 0.000000000000000000e+00 0.000000000000000000e+00 -6.733903651988271122e-02 4.077501817555505802e-03 4.077501817555502332e-03 2.884072882145531213e-03
-2.182408247097138428e+03 -2.785162587265173897e+03 -1.053806331587122713e+02 0.000000000000000000e+00 0.000000000000000000e+00 -3.557143902457937656e-02 4.077501817555505802e-03 4.077501817555502332e-03 2.884072866398428806e-03
-1.994178197822732272e+03 -2.899586946045405966e+03 -1.034169697254708353e+02 0.000000000000000000e+00 0.000000000000000000e+00 2.418370150087412185e-02 4.077501817555505802e-03 4.077501817555502332e-03 2.884044314844138712e-03
-1.836432335193431527e+03 -2.760742628738183612e+03 -9.402922285332206798e+01 0.000000000000000000e+00 0.000000000000000000e+00 2.618489168412452273e-03 4.077501817555505802e-03 4.077501817555502332e-03 2.883958206858315033e-03
-1.836386903617378948e+03 -2.760740432242409497e+03 -9.402787729293008567e+01 0.000000000000000000e+00 0.000000000000000000e+00 -4.544893947935690903e-02 4.077501817555505802e-03 4.077501817555502332e-03 2.883958193060145395e-03
-1.836411918506948041e+03 -2.760700159717215229e+03 -9.402720865246261894e+01 0.000000000000000000e+00 0.000000000000000000e+00 -6.811127428917984616e-03 4.077501817555505802e-03 4.077501817555502332e-03 2.883958189002251184e-03
-1.821309691686468796e+03 -3.170914067740656719e+03 -1.084453306607685192e+02 0.000000000000000000e+00 0.000000000000000000e+00 1.029041607079932419e-01 4.077501817555505802e-03 4.077501817555502332e-03 2.884074912099696478e-03
-1.821295148145154144e+03 -3.170874805446129812e+03 -1.084434305099803737e+02 0.000000000000000000e+00 0.000000000000000000e+00 1.244981064110390889e-01 4.077501817555505802e-03 4.077501817555502332e-03 2.884074896105896443e-03
-1.525338743938728840e+03 -3.140468970724921292e+03 -9.982257839600737270e+01 0.000000000000000000e+00 0.000000000000000000e+00 7.014429637942498630e-02 4.077501817555505802e-03 4.077501817555502332e-03 2.883991060999105318e-03
-1.525401695878094642e+03 -3.140464530616003231e+03 -9.982386130760217213e+01 0.000000000000000000e+00 0.000000000000000000e+00 -4.550552257271078815e-03 4.077501817555505802e-03 4.077501817555502332e-03 2.883991074200119818e-03
-1.525355666134545572e+03 -3.140379872174078628e+03 -9.981955377512559835e+01 0.000000000000000000e+00 0.000000000000000000e+00 8.726336239615761770e-02 4.077501817555505802e-03 4.077501817555502332e-03 2.883991036454625154e-03
-1.514076001449295291e+03 -2.787074033703935129e+03 -8.667199798479462913e+01 0.000000000000000000e+00 0.000000000000000000e+00 7.537746253703403454e-03 4.077501817555505802e-03 4.077501817555502332e-03 2.883879622757863723e-03
-1.513978225286150746e+03 -2.786974409725687110e+03 -8.666628063020617390e+01 0.000000000000000000e+00 0.000000000000000000e+00 7.779649297044954892e-02 4.077501817555505802e-03 4.077501817555502332e-03 2.883879569509309720e-03
-1.513979382381878622e+03 -2.786899151941264790e+03 -8.666370593745983797e+01 0.000000000000000000e+00 0.000000000000000000e+00 6.628745743830677384e-02 4.077501817555505802e-03 4.077501817555502332e-03 2.883879547587503769e-03
-1.322001426646631444e+03 -2.895582336827052586e+03 -8.631247185072102468e+01 0.000000000000000000e+00 0.000000000000000000e+00 9.409141719815750093e-02 4.077501817555505802e-03 4.077501817555502332e-03 2.883868616562652431e-03
-1.322028719980217829e+03 -2.895545250506377215e+03 -8.631169419436298540e+01 0.000000000000000000e+00 0.000000000000000000e+00 6.101940253088855570e-02 4.077501817555505802e-03 4.077501817555502332e-03 2.883868610870624852e-03
-1.321976813463435292e+03 -2.895572985944031643e+03 -8.631163604278825119e+01 0.000000000000000000e+00 0.000000000000000000e+00 6.346253225453324376e-02 4.077501817555505802e-03 4.077501817555502332e-03 2.883868608442253113e-03
-1.174991157497790027e+03 -2.735034491720071401e+03 -7.784732964116858511e+01 0.000000000000000000e+00 0.000000000000000000e+00 7.417104948513042473e-02 4.077501817555505802e-03 4.077501817555502332e-03 2.883789666930578355e-03
-1.174991594669719916e+03 -2.734929703196189166e+03 -7.784375019811048446e+01 0.000000000000000000e+00 0.000000000000000000e+00 1.424144323706286741e-01 4.077501817555505802e-03 4.077501817555502332e-03 2.883789635501929176e-03
-1.174894419800890319e+03 -2.734911959852663131e+03 -7.784137297225743168e+01 0.000000000000000000e+00 0.000000000000000000e+00 1.227054598677455033e-01 4.077501817555505802e-03 4.077501817555502332e-03 2.883789611276184935e-03
-1.147959682989013345e+03 -3.148876896975778891e+03 -9.248087295808940667e+01 0.000000000000000000e+00 0.000000000000000000e+00 8.239156029301852868e-02 4.077501817555505802e-03 4.077501817555502332e-03 2.883916135756729466e-03
-1.147979713233417897e+03 -3.148752976075673814e+03 -9.247642049306153922e+01 0.000000000000000000e+00 0.000000000000000000e+00 1.371657931592835666e-01 4.077501817555505802e-03 4.077501817555502332e-03 2.883916097968763567e-03
-1.140486508016450443e+03 -2.460687057043923232e+03 -6.826125407391228350e+01 0.000000000000000000e+00 0.000000000000000000e+00 5.266755521435584342e-02 4.077501817555505802e-03 4.077501817555502332e-03 2.883703655342493427e-03
-1.140496815028790252e+03 -2.460568838804309962e+03 -6.825776251168592523e+01 0.000000000000000000e+00 0.000000000000000000e+00 1.317634200019455193e-01 4.077501817555505802e-03 4.077501817555502332e-03 2.883703624625687158e-03
-1.504971248885823798e+03 -2.459984285423247456e+03 -7.575194436808249066e+01 0.000000000000000000e+00 0.000000000000000000e+00 5.549015470901963454e-02 4.077501817555505802e-03 4.077501817555502332e-03 2.883785149032284164e-03
-1.504939821858605683e+03 -2.459945634979972510e+03 -7.575001695356223763e+01 0.000000000000000000e+00 0.000000000000000000e+00 8.563273096396528672e-02 4.077501817555505802e-03 4.077501817555502332e-03 2.883785130728484282e-03
-1.504979080926353845e+03 -2.459928185467213552e+03 -7.575039544225883503e+01 0.000000000000000000e+00 0.000000000000000000e+00 8.480530754660264847e-02 4.077501817555505802e-03 4.077501817555502332e-03 2.883785135965111386e-03
-1.329942345505187177e+03 -2.215040050289633200e+03 -6.465808246208702315e+01 0.000000000000000000e+00 0.000000000000000000e+00 6.327013417775617654e-02 4.077501817555505802e-03 4.077501817555502332e-03 2.883679325383521012e-03
-1.329934852966046265e+03 -2.214925342498675946e+03 -6.465470526489437475e+01 0.000000000000000000e+00 0.000000000000000000e+00 9.209612032418590388e-02 4.077501817555505802e-03 4.077501817555502332e-03 2.883679295035135749e-03
-1.145523265576497579e+03 -2.050407613670204682e+03 -5.660050442476713783e+01 0.000000000000000000e+00 0.000000000000000000e+00 3.859167503566141022e-02 4.077501817555505802e-03 4.077501817555502332e-03 2.883599309560560490e-03
-1.145458818763218460e+03 -2.050526573890469535e+03 -5.660245078548961573e+01 0.000000000000000000e+00 0.000000000000000000e+00 8.110985152747218763e-03 4.077501817555505802e-03 4.077501817555502332e-03 2.883599324564888999e-03
-1.517527024657732454e+03 -2.054422914627366481e+03 -6.449777165874340312e+01 0.000000000000000000e+00 0.000000000000000000e+00 7.487936206220524582e-02 4.077501817555505802e-03 4.077501817555502332e-03 2.883687222189408161e-03
-1.517521001025290843e+03 -2.054477283611835901e+03 -6.449904489929733131e+01 0.000000000000000000e+00 0.000000000000000000e+00 4.046450211916408080e-02 4.077501817555505802e-03 4.077501817555502332e-03 2.883687233108602962e-03
-1.517509835569056349e+03 -2.054490213755935656e+03 -6.449911621335168377e+01 0.000000000000000000e+00 0.000000000000000000e+00 5.603527304883471061e-02 4.077501817555505802e-03 4.077501817555502332e-03 2.883687233135129053e-03
-1.790735639619981384e+03 -2.051542178092088761e+03 -7.148265363186786203e+01 0.000000000000000000e+00 0.000000000000000000e+00 9.264652772543513493e-02 4.077501817555505802e-03 4.077501817555502332e-03 2.883764590074252947e-03
-1.790670408021079993e+03 -2.051658765866638078e+03 -7.148385131400857517e+01 0.000000000000000000e+00 0.000000000000000000e+00 8.325918401621379417e-02 4.077501817555505802e-03 4.077501817555502332e-03 2.883764596159167637e-03
-1.790637454638591180e+03 -2.051674020203091004e+03 -7.148332727623923688e+01 0.000000000000000000e+00 0.000000000000000000e+00 9.600111555946000408e-02 4.077501817555505802e-03 4.077501817555502332e-03 2.883764589467143098e-03
-1.813635892204987385e+03 -2.406639279362321304e+03 -8.205218393697977319e+01 0.000000000000000000e+00 0.000000000000000000e+00 8.776598192328322057e-02 4.077501817555505802e-03 4.077501817555502332e-03 2.883856550644707094e-03
-1.813654234155433642e+03 -2.406727251973859893e+03 -8.205533868216301130e+01 0.000000000000000000e+00 0.000000000000000000e+00 1.053940800000248146e-01 4.077501817555505802e-03 4.077501817555502332e-03 2.883856578529541727e-03
-1.813618140202968334e+03 -2.406634883049706787e+03 -8.205155541090358895e+01 0.000000000000000000e+00 0.000000000000000000e+00 1.037979667104167447e-01 4.077501817555505802e-03 4.077501817555502332e-03 2.883856544200545484e-03
-1.969793036290502641e+03 -2.196645531515463063e+03 -8.057301578854350055e+01 0.000000000000000000e+00 0.000000000000000000e+00 -2.863663797066351435e-02 4.077501817555505802e-03 4.077501817555502332e-03 2.883854618865841751e-03
-1.969682675296598518e+03 -2.196710164032302146e+03 -8.057143533442182104e+01 0.000000000000000000e+00 0.000000000000000000e+00 -2.132845109618131119e-02 4.077501817555505802e-03 4.077501817555502332e-03 2.883854597537016760e-03
-2.154583555036716007e+03 -2.417415509703862881e+03 -9.274947199642213036e+01 0.000000000000000000e+00 0.000000000000000000e+00 8.957783859011669847e-02 4.077501817555505802e-03 4.077501817555502332e-03 2.883969564361576685e-03
-2.154588706002283288e+03 -2.417521181290392178e+03 -9.275279487531209099e+01 0.000000000000000000e+00 0.000000000000000000e+00 -7.821467050419528277e-03 4.077501817555505802e-03 4.077501817555502332e-03 2.883969591812350543e-03
-2.154491872885510475e+03 -2.417529257011824484e+03 -9.274985414994237942e+01 0.000000000000000000e+00 0.000000000000000000e+00 4.029126687886730451e-02 4.077501817555505802e-03 4.077501817555502332e-03 2.883969560229529550e-03
-2.164906602147550984e+03 -2.062226370155355653e+03 -8.321466891577875913e+01 0.000000000000000000e+00 0.000000000000000000e+00 2.609744676340142178e-02 4.077501817555505802e-03 4.077501817555502332e-03 2.883891919215997995e-03
-2.164947298624346786e+03 -2.062383133606356751e+03 -8.322006050566528756e+01 0.000000000000000000e+00 0.000000000000000000e+00 -7.458005487904983966e-03 4.077501817555505802e-03 4.077501817555502332e-03 2.883891967487996373e-03
-2.447063560195137143e+03 -2.413147699519077378e+03 -1.028303817074831557e+02 0.000000000000000000e+00 0.000000000000000000e+00 5.436931937134659165e-02 4.077501817555505802e-03 4.077501817555502332e-03 2.884075302383683898e-03
-2.446903168653854209e+03 -2.413210821727158418e+03 -1.028263212859216509e+02 0.000000000000000000e+00 0.000000000000000000e+00 5.164842068624864169e-02 4.077501817555505802e-03 4.077501817555502332e-03 2.884075255477606785e-03
-2.447026200317463918e+03 -2.413115623885018977e+03 -1.028280571361168541e+02 0.000000000000000000e+00 0.000000000000000000e+00 7.678942266110766468e-02 4.077501817555505802e-03 4.077501817555502332e-03 2.884075280707836583e-03
-2.854652992684307719e+03 -2.401268128977118522e+03 -1.186417947049764052e+02 0.000000000000000000e+00 0.000000000000000000e+00 3.838306765075572002e-02 4.077501817555505802e-03 4.077501817555502332e-03 2.884238102197254471e-03
-2.854878849628757052e+03 -2.401115622664578495e+03 -1.186469593840156591e+02 0.000000000000000000e+00 0.000000000000000000e+00 7.816434992120946390e-02 4.077501817555505802e-03 4.077501817555502332e-03 2.884238167035865080e-03
-2.854783635562587278e+03 -2.401218941425805497e+03 -1.186459059893347217e+02 0.000000000000000000e+00 0.000000000000000000e+00 -1.034604471243483204e-02 4.077501817555505802e-03 4.077501817555502332e-03 2.884238147809518437e-03
-2.698065752425032315e+03 -2.165490147885471742e+03 -1.056366332918747730e+02 0.000000000000000000e+00 0.000000000000000000e+00 1.003852530120639130e-01 4.077501817555505802e-03 4.077501817555502332e-03 2.884123074857858349e-03
-2.698003672368782190e+03 -2.165482712658464152e+03 -1.056339175977438742e+02 0.000000000000000000e+00 0.000000000000000000e+00 1.016442968056310292e-01 4.077501817555505802e-03 4.077501817555502332e-03 2.884123047089281848e-03
-2.698052492671518394e+03 -2.165420474899451165e+03 -1.056342545768841603e+02 0.000000000000000000e+00 0.000000000000000000e+00 1.102442114146526819e-01 4.077501817555505802e-03 4.077501817555502332e-03 2.884123055191869026e-03
-2.820518283769994014e+03 -2.030552931793918560e+03 -1.072615584962994433e+02 0.000000000000000000e+00 0.000000000000000000e+00 -5.606445343804011827e-02 4.077501817555505802e-03 4.077501817555502332e-03 2.884149844200635526e-03
-2.820534595740208715e+03 -2.030662690300110853e+03 -1.072649669326722375e+02 0.000000000000000000e+00 0.000000000000000000e+00 -7.208449025004881605e-02 4.077501817555505802e-03 4.077501817555502332e-03 2.884149871980648625e-03
-2.509108107334585839e+03 -2.023874442700872578e+03 -9.455179329223381046e+01 0.000000000000000000e+00 0.000000000000000000e+00 4.009134935864722138e-02 4.077501817555505802e-03 4.077501817555502332e-03 2.884016163219199971e-03
-2.509018732140228622e+03 -2.023904496821197654e+03 -9.454913267635137686e+01 0.000000000000000000e+00 0.000000000000000000e+00 -4.556388915887055191e-03 4.077501817555505802e-03 4.077501817555502332e-03 2.884016132858209774e-03
-2.509098674552833018e+03 -2.023980248141349421e+03 -9.455407856275087397e+01 0.000000000000000000e+00 0.000000000000000000e+00 -7.255174986653400993e-04 4.077501817555505802e-03 4.077501817555502332e-03 2.884016180490031004e-03
-2.481242987158466349e+03 -1.710896738984681178e+03 -8.623279961383377668e+01 0.000000000000000000e+00 0.000000000000000000e+00 3.902574924950386048e-03 4.077501817555505802e-03 4.077501817555502332e-03 2.883945986444928951e-03
-2.481132107538798209e+03 -1.710882440600404152e+03 -8.622827592476083680e+01 0.000000000000000000e+00 0.000000000000000000e+00 1.277782698834073472e-02 4.077501817555505802e-03 4.077501817555502332e-03 2.883945938095663821e-03
-2.481175059738055097e+03 -1.710898291594897728e+03 -8.623024846271184174e+01 0.000000000000000000e+00 0.000000000000000000e+00 -3.670522115359631243e-02 4.077501817555505802e-03 4.077501817555502332e-03 2.883945958633827005e-03
-2.806807202878528642e+03 -1.678671773109780133e+03 -9.867311444375215501e+01 0.000000000000000000e+00 0.000000000000000000e+00 -6.955458611571430083e-03 4.077501817555505802e-03 4.077501817555502332e-03 2.884081970329289285e-03
-2.806570298833274592e+03 -1.678686412325354695e+03 -9.866334701722287548e+01 0.000000000000000000e+00 0.000000000000000000e+00 -3.034800526340575288e-02 4.077501817555505802e-03 4.077501817555502332e-03 2.884081864997721165e-03
-2.806597270970582940e+03 -1.678669245414860370e+03 -9.866413779677515095e+01 0.000000000000000000e+00 0.000000000000000000e+00 -3.183523783306441146e-02 4.077501817555505802e-03 4.077501817555502332e-03 2.884081874464469297e-03
-2.682962546139865935e+03 -1.461733154889988555e+03 -8.927267436190483352e+01 0.000000000000000000e+00 0.000000000000000000e+00 -1.918686147128312314e-02 4.077501817555505802e-03 4.077501817555502332e-03 2.883992258681145233e-03
-2.683024570753642820e+03 -1.461749701963823327e+03 -8.927551898559536880e+01 0.000000000000000000e+00 0.000000000000000000e+00 -1.951285358595100661e-02 4.077501817555505802e-03 4.077501817555502332e-03 2.883992288810997839e-03
-2.683035334976967079e+03 -1.461868405008442778e+03 -8.927812630037193742e+01 0.000000000000000000e+00 0.000000000000000000e+00 -4.383796085748770111e-02 4.077501817555505802e-03 4.077501817555502332e-03 2.883992311330819350e-03
-2.826456370311314458e+03 -1.291467124197163912e+03 -9.237657895841945788e+01 0.000000000000000000e+00 0.000000000000000000e+00 3.647727371483711067e-02 4.077501817555505802e-03 4.077501817555502332e-03 2.884033909240307000e-03
-2.826355529202145590e+03 -1.291411703500729345e+03 -9.237134485546664564e+01 0.000000000000000000e+00 0.000000000000000000e+00 3.240294966386159103e-02 4.077501817555505802e-03 4.077501817555502332e-03 2.884033854764315140e-03
-2.520560235470496082e+03 -1.279079714260722312e+03 -7.964857735144583728e+01 0.000000000000000000e+00 0.000000000000000000e+00 6.895048679922410884e-04 4.077501817555505802e-03 4.077501817555502332e-03 2.883895039369438733e-03
-2.520577739278018726e+03 -1.279108497671397117e+03 -7.964972138521532941e+01 0.000000000000000000e+00 0.000000000000000000e+00 -2.143733794359548028e-02 4.077501817555505802e-03 4.077501817555502332e-03 2.883895050810649993e-03
-2.520632501453915665e+03 -1.279120310440307321e+03 -7.965203885958214869e+01 0.000000000000000000e+00 0.000000000000000000e+00 -2.072726356928455971e-02 4.077501817555505802e-03 4.077501817555502332e-03 2.883895075897075985e-03
-2.498350630725001793e+03 -9.611448499529838045e+02 -7.427767077938378293e+01 0.000000000000000000e+00 0.000000000000000000e+00 -1.492929855373859027e-03 4.077501817555505802e-03 4.077501817555502332e-03 2.883846573481515987e-03
-2.498326068370305620e+03 -9.611271014499964167e+02 -7.427650460166974256e+01 0.000000000000000000e+00 0.000000000000000000e+00 -7.835377213183392087e-04 4.077501817555505802e-03 4.077501817555502332e-03 2.883846561008070533e-03
-2.498337148016577885e+03 -9.611282407467565463e+02 -7.427694660825561357e+01 0.000000000000000000e+00 0.000000000000000000e+00 9.842603823344120428e-03 4.077501817555505802e-03 4.077501817555502332e-03 2.883846565894774422e-03
-2.824449358358796417e+03 -9.366276382738901702e+02 -8.732618110468197870e+01 0.000000000000000000e+00 0.000000000000000000e+00 1.528232214397462485e-02 4.077501817555505802e-03 4.077501817555502332e-03 2.883991499571417899e-03
-2.824415894314537127e+03 -9.366776415288773023e+02 -8.732532858338009873e+01 0.000000000000000000e+00 0.000000000000000000e+00 -1.915924276852365438e-02 4.077501817555505802e-03 4.077501817555502332e-03 2.883991488793711481e-03
-2.824396425417889532e+03 -9.367748986511924159e+02 -8.732564004476398623e+01 0.000000000000000000e+00 0.000000000000000000e+00 -3.068335768654151252e-02 4.077501817555505802e-03 4.077501817555502332e-03 2.883991489451743270e-03
-2.682984706796768023e+03 -7.124494888888116293e+02 -7.899865762330824737e+01 0.000000000000000000e+00 0.000000000000000000e+00 -4.103160118745563523e-02 4.077501817555505802e-03 4.077501817555502332e-03 2.883904868057879118e-03
-2.683023683990812970e+03 -7.124947957510510150e+02 -7.900068069415779348e+01 0.000000000000000000e+00 0.000000000000000000e+00 -4.646696763187208035e-02 4.077501817555505802e-03 4.077501817555502332e-03 2.883904889644548636e-03
-2.683105328670492327e+03 -7.125370572198987702e+02 -7.900443736388301375e+01 0.000000000000000000e+00 0.000000000000000000e+00 -8.246251821789485348e-02 4.077501817555505802e-03 4.077501817555502332e-03 2.883904930504210644e-03
-2.496709253413868282e+03 -5.427277983985393348e+02 -7.017530205197137150e+01 0.000000000000000000e+00 0.000000000000000000e+00 -2.113566111644615830e-02 4.077501817555505802e-03 4.077501817555502332e-03 2.883809182968839063e-03
-2.496640916915793696e+03 -5.427309568908713118e+02 -7.017268163663067071e+01 0.000000000000000000e+00 0.000000000000000000e+00 -8.740677680521002912e-02 4.077501817555505802e-03 4.077501817555502332e-03 2.883809153640741387e-03
-2.496585172206140669e+03 -5.427164128596582486e+02 -7.017042320447214365e+01 0.000000000000000000e+00 0.000000000000000000e+00 -4.549039793346310034e-02 4.077501817555505802e-03 4.077501817555502332e-03 2.883809128563919692e-03
-2.833326278013468254e+03 -5.170701689805664500e+02 -8.381406867726815335e+01 0.000000000000000000e+00 0.000000000000000000e+00 2.057473339513649080e-02 4.077501817555505802e-03 4.077501817555502332e-03 2.883960942538647907e-03
-2.833350726815307098e+03 -5.171559015763436946e+02 -8.381570584935091972e+01 0.000000000000000000e+00 0.000000000000000000e+00 -3.018091249766996498e-02 4.077501817555505802e-03 4.077501817555502332e-03 2.883960959725208242e-03
-2.833468304576835180e+03 -5.172348298967656319e+02 -8.382133760267424805e+01 0.000000000000000000e+00 0.000000000000000000e+00 -2.311781657675737733e-02 4.077501817555505802e-03 4.077501817555502332e-03 2.883961021059478803e-03
-2.845193198819713416e+03 -2.299688581675374621e+02 -8.290383865427074284e+01 0.000000000000000000e+00 0.000000000000000000e+00 2.209828230596144749e-02 4.077501817555505802e-03 4.077501817555502332e-03 2.883952069956862742e-03
-2.845225912063019223e+03 -2.300259193497064700e+02 -8.290544651649302921e+01 0.000000000000000000e+00 0.000000000000000000e+00 2.758439130289502828e-03 4.077501817555505802e-03 4.077501817555502332e-03 2.883952087815527376e-03
-2.845241426375554511e+03 -2.300204746548604930e+02 -8.290610468730771743e+01 0.000000000000000000e+00 0.000000000000000000e+00 2.606272999305758731e-02 4.077501817555505802e-03 4.077501817555502332e-03 2.883952095067272587e-03
-2.533900035665774340e+03 -2.003631893557653711e+02 -6.993207644419908320e+01 0.000000000000000000e+00 0.000000000000000000e+00 -1.473422082025876989e-02 4.077501817555505802e-03 4.077501817555502332e-03 2.883808060931452449e-03
-2.533904810248335707e+03 -2.003335137457974042e+02 -6.993217988343640457e+01 0.000000000000000000e+00 0.000000000000000000e+00 3.785234934612446978e-02 4.077501817555505802e-03 4.077501817555502332e-03 2.883808062019641450e-03
-2.533904459036071785e+03 -2.003584364200365258e+02 -6.993223639788728008e+01 0.000000000000000000e+00 0.000000000000000000e+00 1.673712930418957967e-02 4.077501817555505802e-03 4.077501817555502332e-03 2.883808062705599251e-03
-2.652942223354057660e+03 5.207563093708351687e+01 -7.437548732656378547e+01 0.000000000000000000e+00 0.000000000000000000e+00 -2.048279016744913861e-02 4.077501817555505802e-03 4.077501817555502332e-03 2.883855598556289441e-03
-2.652808219849537181e+03 5.206501134779694695e+01 -7.437001213611947037e+01 0.000000000000000000e+00 0.000000000000000000e+00 -2.184959328258173628e-02 4.077501817555505802e-03 4.077501817555502332e-03 2.883855537986094748e-03
-2.652648212958312797e+03 5.208157426261089995e+01 -7.436348288401421769e+01 0.000000000000000000e+00 0.000000000000000000e+00 5.432388418768141491e-03 4.077501817555505802e-03 4.077501817555502332e-03 2.883855465383168906e-03
-2.498431476876231500e+03 1.919509827847551264e+02 -6.839846099926867851e+01 0.000000000000000000e+00 0.000000000000000000e+00 -5.131547896837673761e-03 4.077501817555505802e-03 4.077501817555502332e-03 2.883787143990953344e-03
-2.498420985247434146e+03 1.919338945058232468e+02 -6.839802114958099821e+01 0.000000000000000000e+00 0.000000000000000000e+00 1.399279799427688431e-02 4.077501817555505802e-03 4.077501817555502332e-03 2.883787139392836318e-03
-2.498343373196783432e+03 1.919330268835816184e+02 -6.839502274681763083e+01 0.000000000000000000e+00 0.000000000000000000e+00 2.774381871040532133e-02 4.077501817555505802e-03 4.077501817555502332e-03 2.883787106072807725e-03
-2.843795334160367474e+03 2.371365556203427900e+02 -8.267705693540855805e+01 0.000000000000000000e+00 0.000000000000000000e+00 -7.574342202963180171e-02 4.077501817555505802e-03 4.077501817555502332e-03 2.883944100366947656e-03
-2.843625538787452570e+03 2.371366509884693414e+02 -8.266967923209848834e+01 0.000000000000000000e+00 0.000000000000000000e+00 -5.533977162396297445e-02 4.077501817555505802e-03 4.077501817555502332e-03 2.883944019298171832e-03
-2.843505431293233869e+03 2.371117429298359980e+02 -8.266439842797890947e+01 0.000000000000000000e+00 0.000000000000000000e+00 -2.788047069685717361e-02 4.077501817555505802e-03 4.077501817555502332e-03 2.883943961797696964e-03
-2.830710818898437537e+03 5.525131408366387404e+02 -8.350195623798568079e+01 0.000000000000000000e+00 0.000000000000000000e+00 -8.374979462914211581e-03 4.077501817555505802e-03 4.077501817555502332e-03 2.883944589073235767e-03
-2.830777168654167326e+03 5.525180080568627545e+02 -8.350485114746203408e+01 0.000000000000000000e+00 0.000000000000000000e+00 2.739099579258663653e-03 4.077501817555505802e-03 4.077501817555502332e-03 2.883944620539571815e-03
-2.830779844404292362e+03 5.525145523410105852e+02 -8.350494479089293520e+01 0.000000000000000000e+00 0.000000000000000000e+00 5.548040290506150995e-04 4.077501817555505802e-03 4.077501817555502332e-03 2.883944621676382512e-03
-2.538329697684585426e+03 5.711007278680469881e+02 -7.159964507343399021e+01 0.000000000000000000e+00 0.000000000000000000e+00 1.279638790167325624e-02 4.077501817555505802e-03 4.077501817555502332e-03 2.883813433154761019e-03
-2.538231395343154418e+03 5.710316441263087199e+02 -7.159534526208959448e+01 0.000000000000000000e+00 0.000000000000000000e+00 -1.562338601222279522e-02 4.077501817555505802e-03 4.077501817555502332e-03 2.883813387933299461e-03
-2.538306944180504615e+03 5.710381525081809286e+02 -7.159833915336355403e+01 0.000000000000000000e+00 0.000000000000000000e+00 -2.276832399519435057e-02 4.077501817555505802e-03 4.077501817555502332e-03 2.883813420705236101e-03
-2.661235738686119021e+03 8.105342127715973675e+02 -7.843918449303079399e+01 0.000000000000000000e+00 0.000000000000000000e+00 -7.509141374821126647e-02 4.077501817555505802e-03 4.077501817555502332e-03 2.883879874695935257e-03
-2.661231862844004354e+03 8.105374528030306465e+02 -7.843905762422639327e+01 0.000000000000000000e+00 0.000000000000000000e+00 -4.614027386901398131e-02 4.077501817555505802e-03 4.077501817555502332e-03 2.883879873182923319e-03
-2.661244573405068877e+03 8.105088325681460901e+02 -7.843930243152554738e+01 0.000000000000000000e+00 0.000000000000000000e+00 -6.831771548250742399e-02 4.077501817555505802e-03 4.077501817555502332e-03 2.883879876999190066e-03
-2.528360627819454294e+03 9.690996342726323292e+02 -7.482824508042018863e+01 0.000000000000000000e+00 0.000000000000000000e+00 9.019403878212983727e-03 4.077501817555505802e-03 4.077501817555502332e-03 2.883833905361816042e-03
-2.528316029137908572e+03 9.690417930515266107e+02 -7.482585308400943802e+01 0.000000000000000000e+00 0.000000000000000000e+00 8.057142956843676984e-03 4.077501817555505802e-03 4.077501817555502332e-03 2.883833881848605566e-03
-2.829877195114209371e+03 9.850093662543035862e+02 -8.732805585066277843e+01 0.000000000000000000e+00 0.000000000000000000e+00 -1.656057858930637394e-02 4.077501817555505802e-03 4.077501817555502332e-03 2.883968633186025088e-03
-2.829816628469557145e+03 9.849536322387707514e+02 -8.732481260817881719e+01 0.000000000000000000e+00 0.000000000000000000e+00 -1.725757436695118940e-02 4.077501817555505802e-03 4.077501817555502332e-03 2.883968600843115487e-03
-2.829780716836198280e+03 9.849774800538957606e+02 -8.732354505074127360e+01 0.000000000000000000e+00 0.000000000000000000e+00 -6.376372722996848097e-03 4.077501817555505802e-03 4.077501817555502332e-03 2.883968586030211979e-03
-2.840630099188599615e+03 1.292861383285808415e+03 -9.189779872205767219e+01 0.000000000000000000e+00 0.000000000000000000e+00 -8.190823475899833284e-03 4.077501817555505802e-03 4.077501817555502332e-03 2.884001538030262456e-03
-2.840536281526418861e+03 1.292774271385088468e+03 -9.189245256589825317e+01 0.000000000000000000e+00 0.000000000000000000e+00 -2.421196235795264329e-02 4.077501817555505802e-03 4.077501817555502332e-03 2.884001485968424542e-03
-2.840611889126982987e+03 1.292806910499358764e+03 -9.189619154344761398e+01 0.000000000000000000e+00 0.000000000000000000e+00 9.811290505908232262e-03 4.077501817555505802e-03 4.077501817555502332e-03 2.884001523988532871e-03
-2.546664409353316842e+03 1.317855277908580547e+03 -8.027172507536566570e+01 0.000000000000000000e+00 0.000000000000000000e+00 -2.720972011771038979e-02 4.077501817555505802e-03 4.077501817555502332e-03 2.883875780929462743e-03
-2.546687687942125649e+03 1.317823556565345598e+03 -8.027213178359099288e+01 0.000000000000000000e+00 0.000000000000000000e+00 -4.737005981723996229e-03 4.077501817555505802e-03 4.077501817555502332e-03 2.883875786987937645e-03
-2.546731592883324538e+03 1.317816634088655064e+03 -8.027372653516155765e+01 0.000000000000000000e+00 0.000000000000000000e+00 5.478888025436390308e-03 4.077501817555505802e-03 4.077501817555502332e-03 2.883875804470197642e-03
-2.662685688924813348e+03 1.560972913151822468e+03 -8.900006897879629264e+01 0.000000000000000000e+00 0.000000000000000000e+00 8.191538629034766927e-03 4.077501817555505802e-03 4.077501817555502332e-03 2.883954886845199479e-03
-2.662761766840631481e+03 1.560918670726009623e+03 -8.900213242214651643e+01 0.000000000000000000e+00 0.000000000000000000e+00 2.870370740829741862e-02 4.077501817555505802e-03 4.077501817555502332e-03 2.883954912001764678e-03
-2.662729268010401029e+03 1.560928829017114822e+03 -8.900101119901448499e+01 0.000000000000000000e+00 0.000000000000000000e+00 4.087350020810731621e-03 4.077501817555505802e-03 4.077501817555502332e-03 2.883954899511584780e-03
-2.841039551087118980e+03 1.728237087486337714e+03 -9.962337384353865843e+01 0.000000000000000000e+00 0.000000000000000000e+00 7.120702235594933427e-02 4.077501817555505802e-03 4.077501817555502332e-03 2.884055897579180638e-03
-2.840988816438135927e+03 1.728237798185552037e+03 -9.962122697125181503e+01 0.000000000000000000e+00 0.000000000000000000e+00 7.093573036956968281e-02 4.077501817555505802e-03 4.077501817555502332e-03 2.884055875078420702e-03
-2.840921575453761307e+03 1.728234232107972957e+03 -9.961829047547759330e+01 0.000000000000000000e+00 0.000000000000000000e+00 8.711611877491520772e-02 4.077501817555505802e-03 4.077501817555502332e-03 2.884055844609150800e-03
-2.551088948493922089e+03 1.715261907012993333e+03 -8.758825782232172230e+01 0.000000000000000000e+00 0.000000000000000000e+00 3.911495478187987374e-02 4.077501817555505802e-03 4.077501817555502332e-03 2.883930428722585905e-03
-2.551086909185317836e+03 1.715222209836107822e+03 -8.758737327828040975e+01 0.000000000000000000e+00 0.000000000000000000e+00 3.300490306293113463e-02 4.077501817555505802e-03 4.077501817555502332e-03 2.883930421892063212e-03
-2.551139760575334094e+03 1.715191826913146542e+03 -8.758879566262012872e+01 0.000000000000000000e+00 0.000000000000000000e+00 2.911277293020475554e-02 4.077501817555505802e-03 4.077501817555502332e-03 2.883930438775693991e-03
-2.848844652572501673e+03 2.041314353972171830e+03 -1.068495836208982439e+02 0.000000000000000000e+00 0.000000000000000000e+00 -4.357281289202319385e-03 4.077501817555505802e-03 4.077501817555502332e-03 2.884108616497645713e-03
-2.848777430953916337e+03 2.041248297723731639e+03 -1.068451582140316845e+02 0.000000000000000000e+00 0.000000000000000000e+00 6.449009905267644172e-03 4.077501817555505802e-03 4.077501817555502332e-03 2.884108575871289701e-03
-2.848784355653222974e+03 2.041188043556516050e+03 -1.068440180866673614e+02 0.000000000000000000e+00 0.000000000000000000e+00 -1.122283798977719016e-03 4.077501817555505802e-03 4.077501817555502332e-03 2.884108568603957565e-03
-2.549174593080270370e+03 2.056567758466590476e+03 -9.511546283393974477e+01 0.000000000000000000e+00 0.000000000000000000e+00 -4.732324548274391418e-02 4.077501817555505802e-03 4.077501817555502332e-03 2.883986519956129209e-03
-2.549170606234355091e+03 2.056519899222741969e+03 -9.511415070859641219e+01 0.000000000000000000e+00 0.000000000000000000e+00 -3.416273035909966893e-02 4.077501817555505802e-03 4.077501817555502332e-03 2.883986509676019112e-03
-2.549129087136052931e+03 2.056508583097796418e+03 -9.511228666978647084e+01 0.000000000000000000e+00 0.000000000000000000e+00 -2.159958536481099145e-02 4.077501817555505802e-03 4.077501817555502332e-03 2.883986491179649312e-03
-2.661075053709739677e+03 2.302822253537779034e+03 -1.057740226286763203e+02 0.000000000000000000e+00 0.000000000000000000e+00 -1.571946450808070495e-02 4.077501817555505802e-03 4.077501817555502332e-03 2.884078194009632133e-03
-2.661053453254153737e+03 2.302834356133705569e+03 -1.057734921075184928e+02 0.000000000000000000e+00 0.000000000000000000e+00 3.358400382168724718e-03 4.077501817555505802e-03 4.077501817555502332e-03 2.884078187718457954e-03
-2.660931725973147877e+03 2.302822232245605846e+03 -1.057683407360330818e+02 0.000000000000000000e+00 0.000000000000000000e+00 -1.648918381170005887e-02 4.077501817555505802e-03 4.077501817555502332e-03 2.884078136248969994e-03
-2.848644982018798146e+03 2.466202142126434410e+03 -1.179675873779229960e+02 0.000000000000000000e+00 0.000000000000000000e+00 -6.009144925786813474e-02 4.077501817555505802e-03 4.077501817555502332e-03 2.884188687844195433e-03
-2.848084869175314452e+03 2.466352149632979490e+03 -1.179483216370077514e+02 0.000000000000000000e+00 0.000000000000000000e+00 -2.705894306845380015e-02 4.077501817555505802e-03 4.077501817555502332e-03 2.884188482752257643e-03
-2.848022706789166932e+03 2.466313220388366517e+03 -1.179445968050895601e+02 0.000000000000000000e+00 0.000000000000000000e+00 -2.542375511785621711e-02 4.077501817555505802e-03 4.077501817555502332e-03 2.884188448530290369e-03
-2.541755321559957792e+03 2.491882412905626097e+03 -1.064504558574790707e+02 0.000000000000000000e+00 0.000000000000000000e+00 2.940416235016130031e-02 4.077501817555505802e-03 4.077501817555502332e-03 2.884071035263965563e-03
-2.541795975912813901e+03 2.491866531903014220e+03 -1.064515307569771352e+02 0.000000000000000000e+00 0.000000000000000000e+00 3.070293853811278950e-02 4.077501817555505802e-03 4.077501817555502332e-03 2.884071047253475208e-03
-2.541667484085816341e+03 2.491858961265132621e+03 -1.064464510734283067e+02 0.000000000000000000e+00 0.000000000000000000e+00 6.153440490214734382e-02 4.077501817555505802e-03 4.077501817555502332e-03 2.884070996687268604e-03
-1.182810102241986669e+03 -1.670474841887220009e+03 -4.824345531841137102e+01 0.000000000000000000e+00 0.000000000000000000e+00 1.974166735088545011e-02 4.077501817555505802e-03 4.077501817555502332e-03 2.883525125177945764e-03
-1.182844822732696002e+03 -1.670579485501959880e+03 -4.824635022893034630e+01 0.000000000000000000e+00 0.000000000000000000e+00 6.221302350577673224e-02 4.077501817555505802e-03 4.077501817555502332e-03 2.883525153018112568e-03
-1.184492686587133448e+03 -1.670342097617000263e+03 -4.827222866689785974e+01 0.000000000000000000e+00 0.000000000000000000e+00 4.374770265965821636e-02 4.077501817555505802e-03 4.077501817555502332e-03 2.883525459510658320e-03
-1.379827783390946934e+03 -1.436448332295825821e+03 -4.758382552584022562e+01 0.000000000000000000e+00 0.000000000000000000e+00 2.377029880823755548e-02 4.077501817555505802e-03 4.077501817555502332e-03 2.883528411838325381e-03
-1.379853072137376557e+03 -1.436313812923599471e+03 -4.758189838643465919e+01 0.000000000000000000e+00 0.000000000000000000e+00 4.841833372129400459e-02 4.077501817555505802e-03 4.077501817555502332e-03 2.883528395622478140e-03
-1.379855138270976795e+03 -1.436286086473500063e+03 -4.758143233765589741e+01 0.000000000000000000e+00 0.000000000000000000e+00 8.046936227564316368e-02 4.077501817555505802e-03 4.077501817555502332e-03 2.883528391493887007e-03
-1.194418084515506962e+03 -1.257618534191472236e+03 -4.069100190458782151e+01 0.000000000000000000e+00 0.000000000000000000e+00 2.090749874867015023e-03 4.077501817555505802e-03 4.077501817555502332e-03 2.883456589524497314e-03
-1.194449249854279287e+03 -1.257601660852464420e+03 -4.069132173788668183e+01 0.000000000000000000e+00 0.000000000000000000e+00 -4.021402603243018348e-03 4.077501817555505802e-03 4.077501817555502332e-03 2.883456593840972443e-03
-1.194417161041487816e+03 -1.257688254890032567e+03 -4.069211404301313451e+01 0.000000000000000000e+00 0.000000000000000000e+00 -8.990233876637887533e-03 4.077501817555505802e-03 4.077501817555502332e-03 2.883456599701181462e-03
-1.495327233655636974e+03 -1.252871885068928805e+03 -4.704647723774960610e+01 0.000000000000000000e+00 0.000000000000000000e+00 8.825960262961984881e-02 4.077501817555505802e-03 4.077501817555502332e-03 2.883529685468334998e-03
-1.807952163082854668e+03 -1.649324112568064947e+03 -6.254187624408147883e+01 0.000000000000000000e+00 0.000000000000000000e+00 3.365119628673340912e-02 4.077501817555505802e-03 4.077501817555502332e-03 2.883687749662675048e-03
-1.807995627673765284e+03 -1.649321339591177775e+03 -6.254304977643926833e+01 0.000000000000000000e+00 0.000000000000000000e+00 3.589705123066266879e-02 4.077501817555505802e-03 4.077501817555502332e-03 2.883687762953532612e-03
-1.807890295942059538e+03 -1.649363848441946629e+03 -6.254095640888876773e+01 0.000000000000000000e+00 0.000000000000000000e+00 -2.395078350421186997e-02 4.077501817555505802e-03 4.077501817555502332e-03 2.883687737351383739e-03
-2.183764065363861846e+03 -1.661615158091681224e+03 -7.449198714146959333e+01 0.000000000000000000e+00 0.000000000000000000e+00 -1.599152578558005189e-02 4.077501817555505802e-03 4.077501817555502332e-03 2.883820056356160236e-03
-2.183745757640639567e+03 -1.661652835121571115e+03 -7.449215642889870992e+01 0.000000000000000000e+00 0.000000000000000000e+00 1.419419485316097962e-02 4.077501817555505802e-03 4.077501817555502332e-03 2.883820056238484402e-03
-2.050939805069433078e+03 -1.443710028748516379e+03 -6.583518246115741590e+01 0.000000000000000000e+00 0.000000000000000000e+00 -1.653928519627356764e-02 4.077501817555505802e-03 4.077501817555502332e-03 2.883734452990374154e-03
-2.051106540535707154e+03 -1.443720512565082117e+03 -6.584071384871076305e+01 0.000000000000000000e+00 0.000000000000000000e+00 -1.447699120731726907e-03 4.077501817555505802e-03 4.077501817555502332e-03 2.883734514417684875e-03
-2.051137875861034445e+03 -1.443675678127979154e+03 -6.584089513849811226e+01 0.000000000000000000e+00 0.000000000000000000e+00 7.621947714355314929e-03 4.077501817555505802e-03 4.077501817555502332e-03 2.883734518461318792e-03
-1.866671412829139172e+03 -1.270692735363953034e+03 -5.718817445704035407e+01 0.000000000000000000e+00 0.000000000000000000e+00 4.449331390731003921e-03 4.077501817555505802e-03 4.077501817555502332e-03 2.883644370405802262e-03
-1.866718937379067484e+03 -1.270597212247028210e+03 -5.718801714874320652e+01 0.000000000000000000e+00 0.000000000000000000e+00 1.992452968369207156e-02 4.077501817555505802e-03 4.077501817555502332e-03 2.883644372316996989e-03
-2.157774870831496173e+03 -1.259249614945356598e+03 -6.617447602036092746e+01 0.000000000000000000e+00 0.000000000000000000e+00 6.177007225686281799e-02 4.077501817555505802e-03 4.077501817555502332e-03 2.883745996245516696e-03
-2.157798085549703956e+03 -1.259291922981401285e+03 -6.617593496827662136e+01 0.000000000000000000e+00 0.000000000000000000e+00 2.026031253554094747e-02 4.077501817555505802e-03 4.077501817555502332e-03 2.883746010946454646e-03
-2.157750718977534234e+03 -1.259279396097481140e+03 -6.617414041157228155e+01 0.000000000000000000e+00 0.000000000000000000e+00 1.804488050410668620e-03 4.077501817555505802e-03 4.077501817555502332e-03 2.883745991325904236e-03
-2.185459905020420138e+03 -9.657353206169691475e+02 -6.294688747960780972e+01 0.000000000000000000e+00 0.000000000000000000e+00 8.004340371132201426e-02 4.077501817555505802e-03 4.077501817555502332e-03 2.883719602650648434e-03
-2.185479073026692731e+03 -9.656875086096240466e+02 -6.294695057478153899e+01 0.000000000000000000e+00 0.000000000000000000e+00 1.003847495314786897e-01 4.077501817555505802e-03 4.077501817555502332e-03 2.883719604708983274e-03
-1.868726644955938355e+03 -9.329386317741577841e+02 -5.247807779470014822e+01 0.000000000000000000e+00 0.000000000000000000e+00 1.579215937274369708e-02 4.077501817555505802e-03 4.077501817555502332e-03 2.883602017098878170e-03
-1.868804900135799699e+03 -9.327991638877560945e+02 -5.247870789497306987e+01 0.000000000000000000e+00 0.000000000000000000e+00 4.138979801735587216e-02 4.077501817555505802e-03 4.077501817555502332e-03 2.883602028025060004e-03
-2.008709586144529794e+03 -7.095140444524997747e+02 -5.438213423775750499e+01 0.000000000000000000e+00 0.000000000000000000e+00 -7.123393382777010174e-02 4.077501817555505802e-03 4.077501817555502332e-03 2.883628764294994106e-03
-2.008703786887805563e+03 -7.094658127677025732e+02 -5.438150907494021880e+01 0.000000000000000000e+00 0.000000000000000000e+00 -6.886710556702269059e-02 4.077501817555505802e-03 4.077501817555502332e-03 2.883628758102981492e-03
-2.008688243361386412e+03 -7.094102398500920117e+02 -5.438050924857277835e+01 0.000000000000000000e+00 0.000000000000000000e+00 1.884046101157821340e-02 4.077501817555505802e-03 4.077501817555502332e-03 2.883628747796134970e-03
-1.870200317781010199e+03 -5.083658163840104294e+02 -4.856670568003379884e+01 0.000000000000000000e+00 0.000000000000000000e+00 7.351129186389471215e-03 4.077501817555505802e-03 4.077501817555502332e-03 2.883565681126764191e-03
-1.870122574495725303e+03 -5.084704020266876796e+02 -4.856510802963746443e+01 0.000000000000000000e+00 0.000000000000000000e+00 -2.332386091012494944e-02 4.077501817555505802e-03 4.077501817555502332e-03 2.883565661699925148e-03
-1.870106206850818353e+03 -5.084355065394227040e+02 -4.856439431847128674e+01 0.000000000000000000e+00 0.000000000000000000e+00 -3.690220359742113487e-02 4.077501817555505802e-03 4.077501817555502332e-03 2.883565653976759725e-03
-2.160839936908177151e+03 -5.066413378350135304e+02 -5.775263925401929299e+01 0.000000000000000000e+00 0.000000000000000000e+00 5.360109216622532813e-02 4.077501817555505802e-03 4.077501817555502332e-03 2.883669943930156424e-03
-2.160838870362598300e+03 -5.065539613835856585e+02 -5.775202519026094450e+01 0.000000000000000000e+00 0.000000000000000000e+00 6.026655383889334416e-02 4.077501817555505802e-03 4.077501817555502332e-03 2.883669937936731049e-03
-2.160909212720845517e+03 -5.065002519109335708e+02 -5.775404778720765364e+01 0.000000000000000000e+00 0.000000000000000000e+00 8.310374441138179691e-02 4.077501817555505802e-03 4.077501817555502332e-03 2.883669961379252411e-03
-1.557845664253647101e+03 -9.345185322719432861e+02 -4.407938056627947532e+01 0.000000000000000000e+00 0.000000000000000000e+00 4.216541138238483200e-02 4.077501817555505802e-03 4.077501817555502332e-03 2.883506040256932426e-03
-1.557805423133139129e+03 -9.346317433053452532e+02 -4.407975039266423778e+01 0.000000000000000000e+00 0.000000000000000000e+00 3.494304733224851134e-02 4.077501817555505802e-03 4.077501817555502332e-03 2.883506041417956394e-03
-1.557857951595251961e+03 -9.346987964616275804e+02 -4.408185599130128196e+01 0.000000000000000000e+00 0.000000000000000000e+00 2.557059524362159664e-02 4.077501817555505802e-03 4.077501817555502332e-03 2.883506063740826509e-03
-1.200254113377535077e+03 -9.332043276426948069e+02 -3.621874658815924874e+01 0.000000000000000000e+00 0.000000000000000000e+00 1.881264946144511896e-02 4.077501817555505802e-03 4.077501817555502332e-03 2.883415596768554561e-03
-1.200303558050354695e+03 -9.332036006770595122e+02 -3.621968487590416430e+01 0.000000000000000000e+00 0.000000000000000000e+00 5.231342590428766925e-02 4.077501817555505802e-03 4.077501817555502332e-03 2.883415607628062732e-03
-1.353487613705857939e+03 -7.118957986772359163e+02 -3.698515508091565351e+01 0.000000000000000000e+00 0.000000000000000000e+00 4.879234223750472665e-03 4.077501817555505802e-03 4.077501817555502332e-03 2.883429712067646453e-03
-1.353486096481201457e+03 -7.117510653115791683e+02 -3.698378936393724814e+01 0.000000000000000000e+00 0.000000000000000000e+00 8.279515460016284578e-02 4.077501817555505802e-03 4.077501817555502332e-03 2.883429699224314587e-03
-1.353383997716486647e+03 -7.117710811055176237e+02 -3.698177344540420108e+01 0.000000000000000000e+00 0.000000000000000000e+00 4.165055177109167062e-02 4.077501817555505802e-03 4.077501817555502332e-03 2.883429675584254191e-03
-1.528252938074994063e+03 -5.441373722485959661e+02 -3.962281119572386956e+01 0.000000000000000000e+00 0.000000000000000000e+00 1.110206375139455304e-02 4.077501817555505802e-03 4.077501817555502332e-03 2.883462914968149254e-03
-1.528271260463942099e+03 -5.441300237046323218e+02 -3.962320365325848570e+01 0.000000000000000000e+00 0.000000000000000000e+00 5.129268829202970892e-02 4.077501817555505802e-03 4.077501817555502332e-03 2.883462919577672520e-03
-1.528309840119233741e+03 -5.442735526887991000e+02 -3.962515433975316625e+01 0.000000000000000000e+00 0.000000000000000000e+00 1.219680127509548129e-02 4.077501817555505802e-03 4.077501817555502332e-03 2.883462939977889626e-03
-1.198163509774103659e+03 -5.043898515321982927e+02 -3.219126638458611467e+01 0.000000000000000000e+00 0.000000000000000000e+00 7.775886427695866132e-02 4.077501817555505802e-03 4.077501817555502332e-03 2.883377869216617855e-03
-1.198171544567945602e+03 -5.043825751445265837e+02 -3.219137236615303266e+01 0.000000000000000000e+00 0.000000000000000000e+00 6.120410128970377173e-02 4.077501817555505802e-03 4.077501817555502332e-03 2.883377870539163227e-03
-1.813175212832398756e+03 -2.003146739860376613e+02 -4.547004527073274716e+01 0.000000000000000000e+00 0.000000000000000000e+00 5.945437724145818947e-02 4.077501817555505802e-03 4.077501817555502332e-03 2.883532346643923050e-03
-1.813166881857305498e+03 -2.003049749726534401e+02 -4.546978070388387039e+01 0.000000000000000000e+00 0.000000000000000000e+00 6.848030736320254164e-02 4.077501817555505802e-03 4.077501817555502332e-03 2.883532343641841827e-03
-2.169501834382192101e+03 -1.650153505756451011e+02 -5.651752338538867093e+01 0.000000000000000000e+00 0.000000000000000000e+00 3.309303596087431742e-02 4.077501817555505802e-03 4.077501817555502332e-03 2.883657497151269344e-03
-2.170961207207624284e+03 -1.659136514928673307e+02 -5.656911894338159641e+01 0.000000000000000000e+00 0.000000000000000000e+00 4.469096042314646411e-02 4.077501817555505802e-03 4.077501817555502332e-03 2.883658080790993134e-03
-2.170949130637880444e+03 -1.659615070140360444e+02 -5.656882149585115371e+01 0.000000000000000000e+00 0.000000000000000000e+00 -4.024759599573712876e-03 4.077501817555505802e-03 4.077501817555502332e-03 2.883658077530140609e-03
-2.040722352146136927e+03 4.333661830766326517e+01 -5.206402266380503363e+01 0.000000000000000000e+00 0.000000000000000000e+00 2.415308753967337907e-02 4.077501817555505802e-03 4.077501817555502332e-03 2.883606122222674619e-03
-2.040734752207125894e+03 4.332265114655178451e+01 -5.206441479394004546e+01 0.000000000000000000e+00 0.000000000000000000e+00 1.771148407755873677e-02 4.077501817555505802e-03 4.077501817555502332e-03 2.883606126769700569e-03
-2.206399077136236428e+03 2.017112713393129866e+02 -5.775986000391748121e+01 0.000000000000000000e+00 0.000000000000000000e+00 3.982981395258633484e-02 4.077501817555505802e-03 4.077501817555502332e-03 2.883668246367337810e-03
-2.206409892905318884e+03 2.016831090881592843e+02 -5.776016889519011954e+01 0.000000000000000000e+00 0.000000000000000000e+00 9.663868128200192587e-04 4.077501817555505802e-03 4.077501817555502332e-03 2.883668250262456413e-03
-2.206422399855511685e+03 2.017852777171760863e+02 -5.776082689930299807e+01 0.000000000000000000e+00 0.000000000000000000e+00 4.235926138498058435e-02 4.077501817555505802e-03 4.077501817555502332e-03 2.883668256059436063e-03
-1.852393613497791193e+03 2.313988195285413951e+02 -4.659613048844215655e+01 0.000000000000000000e+00 0.000000000000000000e+00 3.240454610963183768e-02 4.077501817555505802e-03 4.077501817555502332e-03 2.883542258749683361e-03
-1.852389566043415243e+03 2.313081240159505398e+02 -4.659576834308636251e+01 0.000000000000000000e+00 0.000000000000000000e+00 1.694618819834659007e-02 4.077501817555505802e-03 4.077501817555502332e-03 2.883542255928958804e-03
-1.566644778959874202e+03 2.349862778415919138e+02 -3.891374057435066192e+01 0.000000000000000000e+00 0.000000000000000000e+00 1.204597149149577717e-02 4.077501817555505802e-03 4.077501817555502332e-03 2.883455268325062736e-03
-1.566615071939680774e+03 2.350449736217015300e+02 -3.891317067215067027e+01 0.000000000000000000e+00 0.000000000000000000e+00 4.653848480013067501e-02 4.077501817555505802e-03 4.077501817555502332e-03 2.883455261141666063e-03
-1.566610722726434005e+03 2.349703604207463741e+02 -3.891285338849895936e+01 0.000000000000000000e+00 0.000000000000000000e+00 4.117480259897376982e-02 4.077501817555505802e-03 4.077501817555502332e-03 2.883455258452845109e-03
-1.562629089081344773e+03 -1.499298443777793182e+02 -3.866756341011637232e+01 0.000000000000000000e+00 0.000000000000000000e+00 -3.027146928911861323e-02 4.077501817555505802e-03 4.077501817555502332e-03 2.883454776484785029e-03
-1.562626037744114456e+03 -1.498238734169858049e+02 -3.866727022098172029e+01 0.000000000000000000e+00 0.000000000000000000e+00 3.022542509337711181e-02 4.077501817555505802e-03 4.077501817555502332e-03 2.883454773174180200e-03
-1.198164675004484479e+03 -1.546455818159027729e+02 -3.068588017638806775e+01 0.000000000000000000e+00 0.000000000000000000e+00 5.355244700642103339e-02 4.077501817555505802e-03 4.077501817555502332e-03 2.883363236664978312e-03
-1.198049803864928663e+03 -1.546963848997285993e+02 -3.068379265973057457e+01 0.000000000000000000e+00 0.000000000000000000e+00 3.743928628123782687e-02 4.077501817555505802e-03 4.077501817555502332e-03 2.883363212545711832e-03
-1.362858348920526623e+03 4.659165679399257698e+01 -3.387903596612763835e+01 0.000000000000000000e+00 0.000000000000000000e+00 2.599750733071459763e-02 4.077501817555505802e-03 4.077501817555502332e-03 2.883399555150315940e-03
-1.362923859452108445e+03 4.650781908173239998e+01 -3.388041337856033408e+01 0.000000000000000000e+00 0.000000000000000000e+00 2.474122226065844643e-02 4.077501817555505802e-03 4.077501817555502332e-03 2.883399571322690143e-03
-1.362942927344362488e+03 4.648992563748782914e+01 -3.388081738467027293e+01 0.000000000000000000e+00 0.000000000000000000e+00 4.618368098626746132e-02 4.077501817555505802e-03 4.077501817555502332e-03 2.883399576032152131e-03
-1.206455432439227707e+03 2.574421966541021902e+02 -3.107377233086879897e+01 0.000000000000000000e+00 0.000000000000000000e+00 5.725406950320177657e-02 4.077501817555505802e-03 4.077501817555502332e-03 2.883365839542466075e-03
-1.206467888003245207e+03 2.575030025809666654e+02 -3.107420367396365180e+01 0.000000000000000000e+00 0.000000000000000000e+00 3.776332170110308084e-02 4.077501817555505802e-03 4.077501817555502332e-03 2.883365843802025361e-03
-1.206421594389827987e+03 2.574949316142503903e+02 -3.107329146293692901e+01 0.000000000000000000e+00 0.000000000000000000e+00 5.444955493329928231e-02 4.077501817555505802e-03 4.077501817555502332e-03 2.883365833489759996e-03
-1.838469639065464207e+03 5.345659697655912623e+02 -4.758432791900723657e+01 0.000000000000000000e+00 0.000000000000000000e+00 7.129218196291731147e-02 4.077501817555505802e-03 4.077501817555502332e-03 2.883547666875064044e-03
-1.838424212847194440e+03 5.344705676968901571e+02 -4.758240225015429559e+01 0.000000000000000000e+00 0.000000000000000000e+00 3.939598108615172123e-02 4.077501817555505802e-03 4.077501817555502332e-03 2.883547647545606739e-03
-1.838396389217103888e+03 5.344447851752640872e+02 -4.758143426489003502e+01 0.000000000000000000e+00 0.000000000000000000e+00 4.521746093197975824e-02 4.077501817555505802e-03 4.077501817555502332e-03 2.883547637308336506e-03
-2.174271053911037598e+03 5.740027524893455393e+02 -5.835611134687493973e+01 0.000000000000000000e+00 0.000000000000000000e+00 4.978884121916138383e-02 4.077501817555505802e-03 4.077501817555502332e-03 2.883666835551344700e-03
-2.174297276820117531e+03 5.740773666057741593e+02 -5.835750796618180658e+01 0.000000000000000000e+00 0.000000000000000000e+00 5.551736957051645049e-02 4.077501817555505802e-03 4.077501817555502332e-03 2.883666849008910057e-03
-2.174311192432556709e+03 5.740826417063096869e+02 -5.835801415310167783e+01 0.000000000000000000e+00 0.000000000000000000e+00 2.922352418845974853e-02 4.077501817555505802e-03 4.077501817555502332e-03 2.883666854487832061e-03
-2.044988354051061606e+03 7.851391652456284191e+02 -5.584198906407227270e+01 0.000000000000000000e+00 0.000000000000000000e+00 2.074351485047287724e-02 4.077501817555505802e-03 4.077501817555502332e-03 2.883632553187223148e-03
-2.045058335892756304e+03 7.852320948445108115e+02 -5.584509527493969472e+01 0.000000000000000000e+00 0.000000000000000000e+00 2.652908014253085867e-02 4.077501817555505802e-03 4.077501817555502332e-03 2.883632584517209930e-03
-2.045043076681524781e+03 7.852193681489629853e+02 -5.584448947208765901e+01 0.000000000000000000e+00 0.000000000000000000e+00 3.168533674073614748e-02 4.077501817555505802e-03 4.077501817555502332e-03 2.883632578229785789e-03
-1.843992944975240562e+03 9.595227961329680966e+02 -5.160898173301348635e+01 0.000000000000000000e+00 0.000000000000000000e+00 3.316306449617911767e-02 4.077501817555505802e-03 4.077501817555502332e-03 2.883579779166473359e-03
-1.843962356967615278e+03 9.595679173017599624e+02 -5.160863149398977612e+01 0.000000000000000000e+00 0.000000000000000000e+00 -9.264141125754576933e-03 4.077501817555505802e-03 4.077501817555502332e-03 2.883579773692433301e-03
-1.843994093938803417e+03 9.595802760193066661e+02 -5.160968741256208148e+01 0.000000000000000000e+00 0.000000000000000000e+00 7.112584855775594406e-03 4.077501817555505802e-03 4.077501817555502332e-03 2.883579784907631775e-03
-2.180813470175227394e+03 1.005318555661229539e+03 -6.266701759150981843e+01 0.000000000000000000e+00 0.000000000000000000e+00 1.813310157886860452e-02 4.077501817555505802e-03 4.077501817555502332e-03 2.883699617909572886e-03
-2.180814891093337792e+03 1.005322254272781947e+03 -6.266711023621598287e+01 0.000000000000000000e+00 0.000000000000000000e+00 6.344341775687212248e-03 4.077501817555505802e-03 4.077501817555502332e-03 2.883699618774390218e-03
-2.180800500365411608e+03 1.005386618691481999e+03 -6.266740463400071803e+01 0.000000000000000000e+00 0.000000000000000000e+00 1.878714016854843294e-02 4.077501817555505802e-03 4.077501817555502332e-03 2.883699619392091854e-03
-1.579022936048161228e+03 9.897905621345644249e+02 -4.489326948472508860e+01 0.000000000000000000e+00 0.000000000000000000e+00 4.906957365864883513e-02 4.077501817555505802e-03 4.077501817555502332e-03 2.883504490459975859e-03
-1.579113047401370522e+03 9.896952284738474646e+02 -4.489433391064183354e+01 0.000000000000000000e+00 0.000000000000000000e+00 -5.965497615953552213e-03 4.077501817555505802e-03 4.077501817555502332e-03 2.883504505469722777e-03
-1.557475622732232068e+03 5.955035357330473289e+02 -4.051605627204578752e+01 0.000000000000000000e+00 0.000000000000000000e+00 7.334747843742661644e-02 4.077501817555505802e-03 4.077501817555502332e-03 2.883466958956639684e-03
-1.557523290368400694e+03 5.954255237897791631e+02 -4.051665295731792327e+01 0.000000000000000000e+00 0.000000000000000000e+00 5.295219058460531869e-02 4.077501817555505802e-03 4.077501817555502332e-03 2.883466967457614348e-03
-1.193890011588441894e+03 5.939986962174243672e+02 -3.261539478337093811e+01 0.000000000000000000e+00 0.000000000000000000e+00 1.803999448741677725e-02 4.077501817555505802e-03 4.077501817555502332e-03 2.883378025928888620e-03
-1.193881095256681874e+03 5.939941937843223059e+02 -3.261519308682785834e+01 0.000000000000000000e+00 0.000000000000000000e+00 -2.642650900970977546e-02 4.077501817555505802e-03 4.077501817555502332e-03 2.883378023744393847e-03
-1.193825788924316612e+03 5.941136597088270719e+02 -3.261503327683109887e+01 0.000000000000000000e+00 0.000000000000000000e+00 4.179651330134959153e-02 4.077501817555505802e-03 4.077501817555502332e-03 2.883378019493524659e-03
-1.369685021113170478e+03 7.907334539246203349e+02 -3.786316283310530650e+01 0.000000000000000000e+00 0.000000000000000000e+00 -1.393618967132681519e-02 4.077501817555505802e-03 4.077501817555502332e-03 2.883432320560975343e-03
-1.369696040558906816e+03 7.908044978040547903e+02 -3.786409668174113818e+01 0.000000000000000000e+00 0.000000000000000000e+00 -7.821840337541630106e-03 4.077501817555505802e-03 4.077501817555502332e-03 2.883432329089258023e-03
-1.205226881057949413e+03 9.880188688281241411e+02 -3.671092302954889419e+01 0.000000000000000000e+00 0.000000000000000000e+00 -1.173888828747493562e-02 4.077501817555505802e-03 4.077501817555502332e-03 2.883413764053645908e-03
-1.205250722596610103e+03 9.880140342004469858e+02 -3.671131550778980568e+01 0.000000000000000000e+00 0.000000000000000000e+00 2.840729619781257043e-02 4.077501817555505802e-03 4.077501817555502332e-03 2.883413768566560256e-03
-1.855569325138864770e+03 1.294719514125655223e+03 -5.654512460881148428e+01 0.000000000000000000e+00 0.000000000000000000e+00 -8.626557930377032335e-03 4.077501817555505802e-03 4.077501817555502332e-03 2.883620496563096564e-03
-1.855623830068159123e+03 1.294616133975481944e+03 -5.654506213881534649e+01 0.000000000000000000e+00 0.000000000000000000e+00 -3.486195834148020367e-02 4.077501817555505802e-03 4.077501817555502332e-03 2.883620500427366146e-03
-2.182749575528660898e+03 1.321115554061376542e+03 -6.715541821808510292e+01 0.000000000000000000e+00 0.000000000000000000e+00 4.476912139843136629e-02 4.077501817555505802e-03 4.077501817555502332e-03 2.883734350198192270e-03
-2.182726961352957005e+03 1.321043061797020755e+03 -6.715350696601248615e+01 0.000000000000000000e+00 0.000000000000000000e+00 2.039124328268826503e-02 4.077501817555505802e-03 4.077501817555502332e-03 2.883734333060930608e-03
-2.055136734506796074e+03 1.555883901205901793e+03 -6.707006405256900905e+01 0.000000000000000000e+00 0.000000000000000000e+00 4.938347687208022307e-02 4.077501817555505802e-03 4.077501817555502332e-03 2.883721597714831303e-03
-2.055141851600972586e+03 1.555953417865958045e+03 -6.707152957063257759e+01 0.000000000000000000e+00 0.000000000000000000e+00 7.411951919689840906e-02 4.077501817555505802e-03 4.077501817555502332e-03 2.883721609800386949e-03
-2.055175346466098745e+03 1.555909931080279193e+03 -6.707177054042379893e+01 0.000000000000000000e+00 0.000000000000000000e+00 6.824198658573266130e-02 4.077501817555505802e-03 4.077501817555502332e-03 2.883721614644065793e-03
-2.211425837121513268e+03 1.711051146512742662e+03 -7.521716124696263250e+01 0.000000000000000000e+00 0.000000000000000000e+00 1.262231368062316506e-02 4.077501817555505802e-03 4.077501817555502332e-03 2.883799950577907011e-03
-2.211385996279374922e+03 1.711085827677380621e+03 -7.521652779567277491e+01 0.000000000000000000e+00 0.000000000000000000e+00 1.502542020988073546e-02 4.077501817555505802e-03 4.077501817555502332e-03 2.883799941877053605e-03
-1.863625307709631898e+03 1.717228863349245103e+03 -6.449606300224765221e+01 0.000000000000000000e+00 0.000000000000000000e+00 3.506629304034447614e-02 4.077501817555505802e-03 4.077501817555502332e-03 2.883685656940971655e-03
-1.863667062349657954e+03 1.717229636410343574e+03 -6.449727456692453131e+01 0.000000000000000000e+00 0.000000000000000000e+00 1.635679928482147716e-02 4.077501817555505802e-03 4.077501817555502332e-03 2.883685669810389859e-03
-1.863698215593291707e+03 1.717195276113792261e+03 -6.449745291490407340e+01 0.000000000000000000e+00 0.000000000000000000e+00 1.407918235827310127e-02 4.077501817555505802e-03 4.077501817555502332e-03 2.883685673512359146e-03
-1.576824372190367512e+03 1.341237414483126486e+03 -4.987057870038700003e+01 0.000000000000000000e+00 0.000000000000000000e+00 3.404889332900040699e-02 4.077501817555505802e-03 4.077501817555502332e-03 2.883545803072521188e-03
-1.576857618645247612e+03 1.341169495843213781e+03 -4.987027717069466348e+01 0.000000000000000000e+00 0.000000000000000000e+00 1.418447655019861031e-02 4.077501817555505802e-03 4.077501817555502332e-03 2.883545802631322461e-03
-1.216328712951197303e+03 1.323343811657936840e+03 -4.172694158093875672e+01 0.000000000000000000e+00 0.000000000000000000e+00 5.483899910651501841e-02 4.077501817555505802e-03 4.077501817555502332e-03 2.883457533801633832e-03
-1.216342087205132202e+03 1.323325773559122126e+03 -4.172690071047808402e+01 0.000000000000000000e+00 0.000000000000000000e+00 2.840040078294236991e-02 4.077501817555505802e-03 4.077501817555502332e-03 2.883457534042248218e-03
-1.216352651758306592e+03 1.323157848145316621e+03 -4.172435354775685568e+01 0.000000000000000000e+00 0.000000000000000000e+00 9.150160026564435611e-03 4.077501817555505802e-03 4.077501817555502332e-03 2.883457512549615024e-03
-1.375607102137216089e+03 1.543734411570708517e+03 -4.883711551354555525e+01 0.000000000000000000e+00 0.000000000000000000e+00 3.043448508750401515e-02 4.077501817555505802e-03 4.077501817555502332e-03 2.883525889312119235e-03
-1.375716661640052735e+03 1.543552349337576516e+03 -4.883600706125815805e+01 0.000000000000000000e+00 0.000000000000000000e+00 -6.538102367180442798e-03 4.077501817555505802e-03 4.077501817555502332e-03 2.883525885290549266e-03
-1.569842562302331771e+03 1.708507816013868705e+03 -5.654579300943130704e+01 0.000000000000000000e+00 0.000000000000000000e+00 3.636738091827851349e-04 4.077501817555505802e-03 4.077501817555502332e-03 2.883601205248371643e-03
-1.569881462557456643e+03 1.708351331627658055e+03 -5.654347815664404209e+01 0.000000000000000000e+00 0.000000000000000000e+00 -3.093754434694773181e-02 4.077501817555505802e-03 4.077501817555502332e-03 2.883601188089774617e-03
-1.216617017117873502e+03 1.751759065267723145e+03 -4.984471639985935099e+01 0.000000000000000000e+00 0.000000000000000000e+00 1.826589892864660669e-03 4.077501817555505802e-03 4.077501817555502332e-03 2.883527423260769194e-03
-1.216624093665093369e+03 1.751723734365068140e+03 -4.984409081275221354e+01 0.000000000000000000e+00 0.000000000000000000e+00 -3.140523285152596600e-02 4.077501817555505802e-03 4.077501817555502332e-03 2.883527418170486398e-03
-1.184131655894664391e+03 2.028600313074346559e+03 -5.564166949383788818e+01 0.000000000000000000e+00 0.000000000000000000e+00 1.046478559720043222e-02 4.077501817555505802e-03 4.077501817555502332e-03 2.883575932482721881e-03
-1.184109645430451110e+03 2.028512138864889039e+03 -5.563908600516433722e+01 0.000000000000000000e+00 0.000000000000000000e+00 -9.805770169243999135e-03 4.077501817555505802e-03 4.077501817555502332e-03 2.883575909547479634e-03
-1.551645821414051397e+03 2.047142402635363169e+03 -6.383295881163572005e+01 0.000000000000000000e+00 0.000000000000000000e+00 4.148516857885198306e-02 4.077501817555505802e-03 4.077501817555502332e-03 2.883661154734807469e-03
-1.551620400815088715e+03 2.047199687366057105e+03 -6.383377369138956681e+01 0.000000000000000000e+00 0.000000000000000000e+00 5.645845777014102396e-02 4.077501817555505802e-03 4.077501817555502332e-03 2.883661160246999301e-03
-1.551674569699306176e+03 2.047139592359663084e+03 -6.383357341378055594e+01 0.000000000000000000e+00 0.000000000000000000e+00 4.335071360825537568e-02 4.077501817555505802e-03 4.077501817555502332e-03 2.883661161334797555e-03
-1.370572434521848209e+03 2.300989709579075679e+03 -6.645561266545949763e+01 0.000000000000000000e+00 0.000000000000000000e+00 3.781058471876974636e-02 4.077501817555505802e-03 4.077501817555502332e-03 2.883674961049819286e-03
-1.370596561357721384e+03 2.301080997725451653e+03 -6.645865577054773610e+01 0.000000000000000000e+00 0.000000000000000000e+00 6.457075039283211026e-02 4.077501817555505802e-03 4.077501817555502332e-03 2.883674987676419950e-03
-1.316994979394080474e+03 2.328174628685706921e+03 -6.611488972417652121e+01 0.000000000000000000e+00 0.000000000000000000e+00 3.647214257239284052e-02 4.077501817555505802e-03 4.077501817555502332e-03 2.883669997519747522e-03
-1.317049782485068135e+03 2.328087461443323718e+03 -6.611354130902002169e+01 0.000000000000000000e+00 0.000000000000000000e+00 3.749266711371035399e-02 4.077501817555505802e-03 4.077501817555502332e-03 2.883669988187850287e-03
-1.317053021607357095e+03 2.327996006971823590e+03 -6.611103391430386012e+01 0.000000000000000000e+00 0.000000000000000000e+00 2.399847465342475061e-02 4.077501817555505802e-03 4.077501817555502332e-03 2.883669967107200475e-03
-1.210196208897831866e+03 2.479641628026251510e+03 -6.844878383544684652e+01 0.000000000000000000e+00 0.000000000000000000e+00 -1.516890112230839804e-02 4.077501817555505802e-03 4.077501817555502332e-03 2.883686027986083825e-03
-1.508441115871960164e+03 2.480588309426676005e+03 -7.464974738643377350e+01 0.000000000000000000e+00 0.000000000000000000e+00 2.528014285553581431e-02 4.077501817555505802e-03 4.077501817555502332e-03 2.883749362525105109e-03
-1.508462207883716019e+03 2.480525467490051597e+03 -7.464836073960137242e+01 0.000000000000000000e+00 0.000000000000000000e+00 3.035105300796203665e-03 4.077501817555505802e-03 4.077501817555502332e-03 2.883749351888429107e-03
-1.842085912435208684e+03 2.094922338489103822e+03 -7.256404424503421069e+01 0.000000000000000000e+00 0.000000000000000000e+00 3.624393371086398474e-02 4.077501817555505802e-03 4.077501817555502332e-03 2.883749868684763566e-03
-1.842109384127330713e+03 2.094856623275266884e+03 -7.256304938887049616e+01 0.000000000000000000e+00 0.000000000000000000e+00 8.941395321727441114e-03 4.077501817555505802e-03 4.077501817555502332e-03 2.883749862089765581e-03
-2.205536862620689135e+03 2.091050643097524699e+03 -8.364265167575929638e+01 0.000000000000000000e+00 0.000000000000000000e+00 2.943795267994175902e-02 4.077501817555505802e-03 4.077501817555502332e-03 2.883865383890999497e-03
-2.205639742986931196e+03 2.090887159097035692e+03 -8.364201863706331608e+01 0.000000000000000000e+00 0.000000000000000000e+00 3.358726184420390837e-02 4.077501817555505802e-03 4.077501817555502332e-03 2.883865387649885495e-03
-2.205594447482385476e+03 2.090993877688515568e+03 -8.364316173853515579e+01 0.000000000000000000e+00 0.000000000000000000e+00 4.049060004396665136e-02 4.077501817555505802e-03 4.077501817555502332e-03 2.883865392772408560e-03
-2.057569150443401213e+03 2.292481948168541294e+03 -8.412554485588282205e+01 0.000000000000000000e+00 0.000000000000000000e+00 4.539931918807837974e-02 4.077501817555505802e-03 4.077501817555502332e-03 2.883857642836335031e-03
-2.057594546572460331e+03 2.292453519294618673e+03 -8.412555920266899534e+01 0.000000000000000000e+00 0.000000000000000000e+00 6.354896786103836348e-02 4.077501817555505802e-03 4.077501817555502332e-03 2.883857644774656930e-03
-2.205803575473066303e+03 2.442941710954186419e+03 -9.311094048755677477e+01 0.000000000000000000e+00 0.000000000000000000e+00 6.378982758164397637e-02 4.077501817555505802e-03 4.077501817555502332e-03 2.883939636468923432e-03
-2.205867192576793059e+03 2.442825723877438122e+03 -9.310969986936110843e+01 0.000000000000000000e+00 0.000000000000000000e+00 4.495254457602015918e-02 4.077501817555505802e-03 4.077501817555502332e-03 2.883939631630614859e-03
-2.205869320258885182e+03 2.442830713950678273e+03 -9.310991438169996570e+01 0.000000000000000000e+00 0.000000000000000000e+00 6.374839498481321698e-02 4.077501817555505802e-03 4.077501817555502332e-03 2.883939633474630251e-03
-1.866170266772113791e+03 2.456201718429937955e+03 -8.307814057989669720e+01 0.000000000000000000e+00 0.000000000000000000e+00 -9.217998196945131895e-03 4.077501817555505802e-03 4.077501817555502332e-03 2.883836751587365126e-03
-1.866210895217747748e+03 2.456115887865319110e+03 -8.307677500404889770e+01 0.000000000000000000e+00 0.000000000000000000e+00 -2.746615654973538767e-02 4.077501817555505802e-03 4.077501817555502332e-03 2.883836742923005965e-03
-1.866210571130275184e+03 2.456062646302270423e+03 -8.307520790381221332e+01 0.000000000000000000e+00 0.000000000000000000e+00 -8.530498010173914736e-03 4.077501817555505802e-03 4.077501817555502332e-03 2.883836730212612463e-03
